"Section","QuestionID","Question","ChoiceA","ChoiceB","ChoiceC","ChoiceD","CorrectAnswer","Source"
"International Agreements and Organisations – Part 1","010.01 Part 1 Q0001","What was the name of the first convention dealing with international aviation problems, air navigation, and related political problems?","The Stockholm Convention","The London Convention","The Berlin Convention","The Paris Convention","The Paris Convention","PDF"
"International Agreements and Organisations – Part 1","010.01 Part 1 Q0002","In which year was the first convention dealing with international aviation problems, air navigation, and related political problems signed?","1920","1922","1921","1919","1919","PDF"
"International Agreements and Organisations – Part 1","010.01 Part 1 Q0003","In which year was the International Civil Aviation Organization (ICAO) established?","1946","1945","1944","1940","1944","PDF"
"International Agreements and Organisations – Part 1","010.01 Part 1 Q0004","Where are the ICAO headquarters located?","Montreal, Quebec, Canada","New York, USA","Los Angeles, USA","Chicago, USA","Montreal, Quebec, Canada","PDF"
"International Agreements and Organisations – Part 1","010.01 Part 1 Q0005","At which convention was ICAO established?","The Paris Convention","The Chicago Convention","The Berlin Convention","The Montanna Convention","The Chicago Convention","PDF"
"International Agreements and Organisations – Part 1","010.01 Part 1 Q0006","What are the purposes of the ICAO?","To develop the principles and techniques of international air navigation and support the planning and development of international air transportation","It is regulated only at the national level","It applies only to military aircraft","All of the above","To develop the principles and techniques of international air navigation and support the planning and development of international air transportation","Synthesized"
"International Agreements and Organisations – Part 1","010.01 Part 1 Q0007","How often does the Assembly of the ICAO meet?","Every 4 years","Every year","Every 2 years","Every 3 years","Every 3 years","PDF"
"International Agreements and Organisations – Part 1","010.01 Part 1 Q0008","What is the Assembly?","The Assembly is the name of the headquarters of the ICAO","The Assembly is another name for the ICAO","The Assembly is the name of the head of the ICAO","The Assembly is the sovereign and principal body of the ICAO","The Assembly is the sovereign and principal body of the ICAO","PDF"
"International Agreements and Organisations – Part 1","010.01 Part 1 Q0009","What is the Council?","The Council is the permanent body of the ICAO","It is regulated only at the national level","It applies only to military aircraft","All of the above","The Council is the permanent body of the ICAO","Synthesized"
"International Agreements and Organisations – Part 1","010.01 Part 1 Q0010","What is the duration of the term of the president of the Council?","3 years","1 year","2 years","6 months","3 years","PDF"
"International Agreements and Organisations – Part 1","010.01 Part 1 Q0011","How many contracting states make up the ICAO Council?","36","30","46","26","36","PDF"
"International Agreements and Organisations – Part 1","010.01 Part 1 Q0012","Which body is responsible for introducing Procedures for Air Navigation Services?","The Finance Committee","The Air Navigation Commission","The Air Navigation Bureau","The Air Transport Committee","The Air Navigation Commission","PDF"
"International Agreements and Organisations – Part 1","010.01 Part 1 Q0013","What does the Air Navigation Commission do?","The Air Navigation Commission analyzes accidents that have occurred due to navigational issues","The Air Navigation Commission ensures all airports have the correct navigational instruments installed","The Air Navigation Commission analyzes and promotes Standards and Recommended Practices (SARPs)","The Air Navigation Commission provides administrative and technical assistance to The Council","The Air Navigation Commission analyzes and promotes Standards and Recommended Practices (SARPs)","PDF"
"International Agreements and Organisations – Part 1","010.01 Part 1 Q0014","How many members make up the Air Navigation Commission?","18","20","17","19","19","Synthesized"
"International Agreements and Organisations – Part 1","010.01 Part 1 Q0015","Which body provides administrative and technical assistance to the Council?","The Air Transport Committee","The Air Navigation Bureau","The Finance Committee","The Secretariat","The Secretariat","PDF"
"International Agreements and Organisations – Part 1","010.01 Part 1 Q0016","What does SARPs stand for?","Standards and Recommended Practices","It does not require any specific action","It varies by contracting state","It is not regulated by ICAO","Standards and Recommended Practices","Synthesized"
"International Agreements and Organisations – Part 1","010.01 Part 1 Q0017","Where are the guidelines for SARPs described?","The guidelines for SARPs are described in Article 27","The guidelines for SARPs are described in Article 37","The guidelines for SARPs are described in Article 35","The guidelines for SARPs are described in Article 39","The guidelines for SARPs are described in Article 37","PDF"
"International Agreements and Organisations – Part 1","010.01 Part 1 Q0018","What makes up the territory of a state? Select the most complete answer.","Only the first option","None of the above","Only the third option","All answers are correct: The land areas adjacent thereto under the sovereignty of a state, The territorial waters adjacent thereto under the sovereignty of a state, The land area adjacent thereto under the protection of a state","All answers are correct: The land areas adjacent thereto under the sovereignty of a state, The territorial waters adjacent thereto under the sovereignty of a state, The land area adjacent thereto under the protection of a state","Synthesized"
"International Agreements and Organisations – Part 1","010.01 Part 1 Q0019","Who provides search and rescue within a state territory?","ICAO","EASA","NASA","The state","The state","PDF"
"International Agreements and Organisations – Part 1","010.01 Part 1 Q0020","At what times must search and rescue be provided by the state?","24 hours per day Monday to Friday","Between 8 AM and 8 PM","At all times","Between 4 AM and 12 PM every day","At all times","PDF"
"International Agreements and Organisations – Part 1","010.01 Part 1 Q0021","How many states can aircraft be registered in?","0","2","3","1","1","Synthesized"
"International Agreements and Organisations – Part 1","010.01 Part 1 Q0022","What are high seas territories?","High seas territories are areas beyond territorial waters, in which all ships and all aircraft are allowed to pass unhindered","High seas territories are areas beyond territorial waters, in which ships and all aircraft are not allowed to pass","High seas territories are territories where the sea level is above the usual level","High seas territories are areas that are susceptible to typhoons or hurricanes","High seas territories are areas beyond territorial waters, in which all ships and all aircraft are allowed to pass unhindered","PDF"
"International Agreements and Organisations – Part 1","010.01 Part 1 Q0023","Where was the high seas territories right of way established?","At the Geneva Convention on the High Seas","It is established at national level by each contracting state","At the headquarters of the operator","ICAO does not specify a location","At the Geneva Convention on the High Seas","Synthesized"
"International Agreements and Organisations – Part 1","010.01 Part 1 Q0024","What is sovereignty?","Sovereignty is the right of the contracting state to govern and dictate its national law on users of its territorial airspace","It is regulated only at the national level","It applies only to military aircraft","All of the above","Sovereignty is the right of the contracting state to govern and dictate its national law on users of its territorial airspace","Synthesized"
"International Agreements and Organisations – Part 1","010.01 Part 1 Q0025","What is suzerainty?","Suzerainty means any legal requirement established by a statutory provision or administrative rule or regulation which requires any local government to undertake a specific activity or to provide a specific service which satisfies minimum state standards","Suzerainty refers to the concept of an internationally recognized state under the protection of another usually larger and more powerful state","Suzerainty refers to the concept of nations accepting the rules and regulations agreed by community consent at international conventions","Suzerainty is the right of the contracting state to govern and dictate its national law on users of its territorial airspace","Suzerainty refers to the concept of nations accepting the rules and regulations agreed by community consent at international conventions","PDF"
"International Agreements and Organisations – Part 1","010.01 Part 1 Q0026","Which aircraft does the Chicaco convention apply to?","Military aircraft","Civil aircraft","All aircraft","State aircraft","Civil aircraft","PDF"
"International Agreements and Organisations – Part 1","010.01 Part 1 Q0027","Who recommends modifications of Annexes to the Chicago Convention to the ICAO?","The Council","The Technical Commission","The Air Navigation Commission","The Secretary","The Air Navigation Commission","PDF"
"International Agreements and Organisations – Part 1","010.01 Part 1 Q0029","What are non-scheduled flights?","Non-scheduled flights are flights that take place without a flight schedule i.e. one-off flights or charter flights that are not flown on a regular basis","It is regulated only at the national level","It applies only to military aircraft","All of the above","Non-scheduled flights are flights that take place without a flight schedule i.e. one-off flights or charter flights that are not flown on a regular basis","Synthesized"
"International Agreements and Organisations – Part 1","010.01 Part 1 Q0030","What is an international airport?","An international airport is an airport with border control facilities enabling passengers to travel between countries","An international airport is an airport with more than 100,000 passengers boarding each year","An international airport is a country's main airport","An international airport is an airport with more than 10,000 passengers boarding each year","An international airport is an airport with border control facilities enabling passengers to travel between countries","PDF"
"International Agreements and Organisations – Part 1","010.01 Part 1 Q0031","What documents must be carried onboard according to the Chicago Convention? Select the most complete answer.","Certificate of Airworthiness","All answers are correct","Certificate of Registration","Journey Logbook","All answers are correct","PDF"
"International Agreements and Organisations – Part 1","010.01 Part 1 Q0032","What information is included in the aircraft registration certificate? Select the most complete answer.","Only the first option","None of the above","Only the third option","All answers are correct","All answers are correct","Synthesized"
"International Agreements and Organisations – Part 1","010.01 Part 1 Q0033","Who issues a Certificate of Airworthiness?","The national aviation authority in the state of registration","NASA","ICAO","EASA","The national aviation authority in the state of registration","PDF"
"International Agreements and Organisations – Part 1","010.01 Part 1 Q0034","Who issues crew member licenses?","NASA","ICAO","National aviation authorities in the contracting states","EASA","National aviation authorities in the contracting states","PDF"
"International Agreements and Organisations – Part 1","010.01 Part 1 Q0035","What is included in the Journey Logbook? Select the most complete answer.","Important events in the navigation of the aircraft","All answers are correct","Important events in the operation of the aircraft","Important events in the management of the aircraft","All answers are correct","PDF"
"International Agreements and Organisations – Part 1","010.01 Part 1 Q0036","What should be included on the passenger list? Select the most complete","answer.","Each passengers document number","The name of every passenger","All answers are correct","All answers are correct","PDF"
"International Agreements and Organisations – Part 1","010.01 Part 1 Q0037","What should be included on the cargo manifest? Select the most complete","answer.","All answers are correct","Package numbers","Nature of goods","All answers are correct","PDF"
"International Agreements and Organisations – Part 1","010.01 Part 1 Q0038","What is another name for the Declaration of Cargo?","The cargo manifest","The cargo manifold","The cargo list","The cargo reference","The cargo manifest","PDF"
"International Agreements and Organisations – Part 1","010.01 Part 1 Q0039","Where was the International Civil Aviation Organization (ICAO) set up?","At the Chicago Conference","At the Berlin Conference","At The Paris Convention","At the Stockholm Convention of Sea Law","At the Chicago Conference","PDF"
"International Agreements and Organisations – Part 1","010.01 Part 1 Q0040","What does IATA stand for?","International Airplane Tracking Association","International Airworthiness Trust Association","International Air Traffic Association","International Air Transport Association","International Air Transport Association","PDF"
"International Agreements and Organisations – Part 1","010.01 Part 1 Q0041","What is the first freedom established by the International Air Services Transit Agreement?","The privilege to fly over a foreign participating country without landing","The privilege to land in another participating state for technical stops","The right to carry passengers or cargo from another state to the state of airline registration","","The privilege to fly over a foreign participating country without landing","Synthesized"
"International Agreements and Organisations – Part 1","010.01 Part 1 Q0042","What is the second freedom established by the International Air Services Transit Agreement?","The privilege to land in another participating state for technical stops","The privilege to fly over a foreign participating country without landing","The right to carry passengers or cargo from another state to the state of airline registration","","The privilege to land in another participating state for technical stops","Synthesized"
"International Agreements and Organisations – Part 1","010.01 Part 1 Q0043","What is the third freedom established by the International Air Services Transit Agreement?","The privilege to carry traffic between two foreign countries on a flight that either originated in or is destined for the carrier’s home country","The privilege to land in another participating state for technical stops","The right to carry passengers or cargo from the state of airline registration to another country","The privilege to fly over a foreign participating country without landing","The right to carry passengers or cargo from the state of airline registration to another country","PDF"
"International Agreements and Organisations – Part 1","010.01 Part 1 Q0044","What is the fourth freedom established by the International Air Services Transit Agreement?","The right to carry passengers or cargo from the state of airline registration to another country","The right to carry passengers or cargo from another state to the state of airline registration","The privilege to land in another participating state for technical stops","The privilege to fly over a foreign participating country without landing","The right to carry passengers or cargo from another state to the state of airline registration","PDF"
"International Agreements and Organisations – Part 1","010.01 Part 1 Q0045","What is the fifth freedom established by the International Air Services Transit Agreement?","The right to carry passengers or cargo from the state of airline registration to another country","The privilege to land in another participating state for technical stops","The privilege to carry traffic between two foreign countries on a flight that either originated in or is destined for the carrier’s home country","The privilege to fly over a foreign participating country without landing","The privilege to carry traffic between two foreign countries on a flight that either originated in or is destined for the carrier’s home country","PDF"
"International Agreements and Organisations – Part 1","010.01 Part 1 Q0046","Which of the following is classed as Technical Freedom?","The third freedom","The first freedom","The fourth freedom","The fifth freedom","The first freedom","PDF"
"International Agreements and Organisations – Part 1","010.01 Part 1 Q0047","How many Technical Freedoms are there?","2","3","4","5","2","PDF"
"International Agreements and Organisations – Part 1","010.01 Part 1 Q0048","How many Commercial Freedoms are there?","3","4","2","5","3","PDF"
"International Agreements and Organisations – Part 1","010.01 Part 1 Q0049","How many Freedoms of Air are there?","3","9","5","7","9","PDF"
"International Agreements and Organisations – Part 1","010.01 Part 1 Q0050","How many Modern Freedoms are there?","3","5","4","9","4","PDF"
"International Agreements and Organisations – Part 1","010.01 Part 1 Q0051","What is the sixth freedom?","Privilege for an airline registered in one participating state to take on passengers, mail and cargo in the second participating state and put them down in any other participating state without the journey originating, stopping or terminating in the state of registration","Privilege for an airline registered in one participating state to take on passengers, mail, and cargo in the second state, transport them via the state of registration and discharge them in a third participating state","Unofficial privilege to carry passengers or cargo between two or more points in one foreign country, this type of operation is also known as cabotage","Privilege to perform scheduled flight being flown by an operator other than the operator to whom the schedule has been granted or with whom the schedule is shared","Privilege for an airline registered in one participating state to take on passengers, mail, and cargo in the second state, transport them via the state of registration and discharge them in a third participating state","PDF"
"International Agreements and Organisations – Part 1","010.01 Part 1 Q0052","What is the seventh freedom?","Privilege for an airline registered in one participating state to take on passengers, mail and cargo in the second participating state and put them down in any other participating state without the journey originating, stopping or terminating in the state of registration","It is regulated only at the national level","It applies only to military aircraft","All of the above","Privilege for an airline registered in one participating state to take on passengers, mail and cargo in the second participating state and put them down in any other participating state without the journey originating, stopping or terminating in the state of registration","Synthesized"
"International Agreements and Organisations – Part 1","010.01 Part 1 Q0053","What is the eighth freedom?","Privilege for an airline registered in one participating state to take on passengers, mail, and cargo in the second state, transport them via the state of registration and discharge them in a third participating state","Unofficial privilege to carry passengers or cargo between two or more points in one foreign country, this type of operation is also known as cabotage","Privilege for an airline registered in one participating state to take on passengers, mail and cargo in the second participating state and put them down in any other participating state without the journey originating, stopping or terminating in the state of registration","Privilege to perform scheduled flight being flown by an operator other than the operator to whom the schedule has been granted or with whom the schedule is shared","Unofficial privilege to carry passengers or cargo between two or more points in one foreign country, this type of operation is also known as cabotage","PDF"
"International Agreements and Organisations – Part 1","010.01 Part 1 Q0054","What is the ninth freedom?","Privilege to perform scheduled flight being flown by an operator other than the operator to whom the schedule has been granted or with whom the schedule is shared","It is regulated only at the national level","It applies only to military aircraft","All of the above","Privilege to perform scheduled flight being flown by an operator other than the operator to whom the schedule has been granted or with whom the schedule is shared","Synthesized"
"International Agreements and Organisations – Part 1","010.01 Part 1 Q0055","How much time does a state have to inform ICAO if it does not comply with international standards?","The state must inform the ICAO immediately","1 month","3 months","1 year","The state must inform the ICAO immediately","PDF"
"International Agreements and Organisations – Part 1","010.01 Part 1 Q0056","Who must be notified by a state if it does not comply with an international standard?","The President of the United States","The ICAO Secretary","The head of NATO","The ICAO Council","The ICAO Council","PDF"
"International Agreements and Organisations – Part 1","010.01 Part 1 Q0057","What is Cabotage?","Cabotage is the transport of goods or passengers between two places in the same country by a vessel or aircraft registered in another country or state","It is regulated only at the national level","It applies only to military aircraft","All of the above","Cabotage is the transport of goods or passengers between two places in the same country by a vessel or aircraft registered in another country or state","Synthesized"
"International Agreements and Organisations – Part 2","010.01 Part 2 Q0001","How many annexes are there to the Chicago Convention?","17","21","15","19","19","PDF"
"International Agreements and Organisations – Part 2","010.01 Part 2 Q0002","What is included in annex 1 to the Chicago Convention?","Annex 1 contains the SARPs and certain guidelines for the management of meteorological services to international air navigation","Annex 1 defines the obligations of states to make certain ICAO aeronautical chart types available","Annex 1 contains provisions on licensing of flight crews, air traffic controllers, and aircraft maintenance personnel","Annex 1 contains Rules of the Air which consist of general rules, VFR, and IFR","Annex 1 contains provisions on licensing of flight crews, air traffic controllers, and aircraft maintenance personnel","PDF"
"International Agreements and Organisations – Part 2","010.01 Part 2 Q0003","What is included in annex 2 to the Chicago Convention?","Annex 2 contains Rules of the Air which consist of general rules, VFR, and IFR","Annex 2 contains provisions on licensing of flight crews, air traffic controllers, and aircraft maintenance personnel","Annex 2 contains the SARPs and certain guidelines for the management of meteorological services to international air navigation","Annex 2 defines the obligations of states to make certain ICAO aeronautical chart types available","Annex 2 contains Rules of the Air which consist of general rules, VFR, and IFR","PDF"
"International Agreements and Organisations – Part 2","010.01 Part 2 Q0004","What is included in annex 3 to the Chicago Convention?","Annex 3 contains Rules of the Air which consist of general rules, VFR, and IFR","Annex 3 contains the SARPs and certain guidelines for the management of meteorological services to international air navigation","Annex 3 contains provisions on licensing of flight crews, air traffic controllers, and aircraft maintenance personnel","Annex 3 defines the obligations of states to make certain ICAO aeronautical chart types available","Annex 3 contains the SARPs and certain guidelines for the management of meteorological services to international air navigation","PDF"
"International Agreements and Organisations – Part 2","010.01 Part 2 Q0005","What is included in annex 4 to the Chicago Convention?","Annex 4 defines the obligations of states to make certain ICAO aeronautical chart types available","Annex 6 contains the SARPs for aircraft airworthiness","Annex 11 defines the role of Air Traffic Services (ATS)","Annex 17 includes SARPs concerned with the security of international air transport","Annex 4 defines the obligations of states to make certain ICAO aeronautical chart types available","Synthesized"
"International Agreements and Organisations – Part 2","010.01 Part 2 Q0006","What is included in annex 5 to the Chicago Convention?","Annex 5 comprises the SARPs for dimensional units to be used in air and ground operations—this document defines the extent of use of non-SI units and standard application of units of measurement and guidance on the application of the SI","Annex 5 contains the overarching provisions applicable to the Safety Management System (SMS) related to or directly supporting aircraft safety","Annex 5 contains the international SARPs for aircraft accident and incident investigation","Annex 5 defines the role of Air Traffic Services (ATS) and specifies the worldwide SARPs applicable to the provision of ATS","Annex 5 comprises the SARPs for dimensional units to be used in air and ground operations—this document defines the extent of use of non-SI units and standard application of units of measurement and guidance on the application of the SI","PDF"
"International Agreements and Organisations – Part 2","010.01 Part 2 Q0007","What is included in annex 6 to the Chicago Convention?","Annex 6 contains the SARPs for the airworthiness of aircraft","Annex 6 contains the SARPs for the provision of the Aeronautical Information Service (AIS)","Annex 6 contains Rules of the Air which consist of general rules, VFR, and IFR","Annex 6 defines international SARPs for aeroplanes used in international commercial air transport operation transferring cargo or passengers","Annex 6 defines international SARPs for aeroplanes used in international commercial air transport operation transferring cargo or passengers","PDF"
"International Agreements and Organisations – Part 2","010.01 Part 2 Q0008","What is included in annex 7 to the Chicago Convention?","Annex 7 concerns general principles determining acceptance of items for air transport carriage","Annex 7 contains provisions on licensing of flight crews, air traffic controllers and aircraft maintenance personnel","Annex 7 contain standards adopted by ICAO as the minimum standards for the display of nationality marks and registration marks—this document provides definitions, location, and size of registration marks and nationality symbols","Annex 7 defines the role of Air Traffic Services (ATS) and specifies the worldwide SARPs applicable to the provision of ATS","Annex 7 contain standards adopted by ICAO as the minimum standards for the display of nationality marks and registration marks—this document provides definitions, location, and size of registration marks and nationality symbols","PDF"
"International Agreements and Organisations – Part 2","010.01 Part 2 Q0009","What is included in annex 8 to the Chicago Convention?","Annex 8 contains the SARPs for the airworthiness of aircraft","Annex 8 defines the role of Air Traffic Services (ATS) and specifies the worldwide SARPs applicable to the provision of ATS","Annex 8 defines the obligations of states to make certain ICAO aeronautical chart types available","Annex 8 contains Rules of the Air which consist of general rules, VFR, and IFR","Annex 8 contains the SARPs for the airworthiness of aircraft","PDF"
"International Agreements and Organisations – Part 2","010.01 Part 2 Q0010","What is included in annex 9 to the Chicago Convention?","Annex 9 contains SARPs, definitions and supplements concerning the facilitation of international air transport","Annex 6 contains the SARPs for aircraft airworthiness","Annex 11 defines the role of Air Traffic Services (ATS)","Annex 17 includes SARPs concerned with the security of international air transport","Annex 9 contains SARPs, definitions and supplements concerning the facilitation of international air transport","Synthesized"
"International Agreements and Organisations – Part 2","010.01 Part 2 Q0012","What is included in annex 11 to the Chicago Convention?","Annex 11 defines the role of Air Traffic Services (ATS) and specifies the worldwide SARPs applicable to the provision of ATS","Annex 11 contains the international SARPs for aircraft accident and incident investigation","Annex 11 contains the SARPs for the airworthiness of aircraft","Annex 11 defines international SARPs for aeroplanes used in international commercial air transport operation transferring cargo or passengers","Annex 11 defines the role of Air Traffic Services (ATS) and specifies the worldwide SARPs applicable to the provision of ATS","PDF"
"International Agreements and Organisations – Part 2","010.01 Part 2 Q0013","What is included in annex 12 to the Chicago Convention?","Annex 12 sets forth the provisions applicable to the establishment, maintenance and operation of","Search And Rescue (SAR)","Annex 12 contains provisions on licensing of flight crews, air traffic controllers and aircraft maintenance personnel","Annex 12 sets forth the provisions applicable to the establishment, maintenance and operation of Search And Rescue (SAR)","Annex 12 sets forth the provisions applicable to the establishment, maintenance and operation of Search And Rescue (SAR)","PDF"
"International Agreements and Organisations – Part 2","010.01 Part 2 Q0014","What is included in annex 13 to the Chicago Convention?","Annex 13 contains the SARPs for the provision of the Aeronautical Information Service (AIS)","Annex 13 contain standards adopted by ICAO as the minimum standards for the display of nationality marks and registration marks—this document provides definitions, location, and size of registration marks and nationality symbols","Annex 13 contains SARPs, definitions and supplements concerning the facilitation of international air transport","Annex 13 contains the international SARPs for aircraft accident and incident investigation","Annex 13 contains the international SARPs for aircraft accident and incident investigation","PDF"
"International Agreements and Organisations – Part 2","010.01 Part 2 Q0015","What is included in annex 14 to the Chicago Convention?","Annex 14 contains SARPs, definitions and supplements concerning the facilitation of international air transport","Annex 14 defines the role of Air Traffic Services (ATS) and specifies the worldwide SARPs applicable to the provision of ATS","Annex 14 contains SARPs for public aerodromes","Annex 14 contains the SARPs for the airworthiness of aircraft","Annex 14 contains SARPs for public aerodromes","PDF"
"International Agreements and Organisations – Part 2","010.01 Part 2 Q0016","What is included in annex 15 to the Chicago Convention?","Annex 15 contains SARPs, definitions and supplements concerning the facilitation of international air transport","Annex 15 contains the SARPs for the provision of the Aeronautical Information Service (AIS)","Annex 15 contains the SARPs for the airworthiness of aircraft","Annex 15 defines international SARPs for aeroplanes used in international commercial air transport operation transferring cargo or passengers","Annex 15 contains the SARPs for the provision of the Aeronautical Information Service (AIS)","PDF"
"International Agreements and Organisations – Part 2","010.01 Part 2 Q0017","What is included in annex 16 to the Chicago Convention?","Annex 16 contains the SARPs for aircraft noise certification","Annex 16 defines international SARPs for aeroplanes used in international commercial air transport operation transferring cargo or passengers","Annex 16 sets forth the provisions applicable to the establishment, maintenance and operation of","Search And Rescue (SAR)","Annex 16 contains the SARPs for aircraft noise certification","PDF"
"International Agreements and Organisations – Part 2","010.01 Part 2 Q0018","What is included in annex 17 to the Chicago Convention?","Annex 17 contains SARPs for public aerodromes","Annex 17 contains the SARPs for the airworthiness of aircraft","Annex 17 contains SARPs, definitions and supplements concerning the facilitation of international air transport","Annex 17 includes SARPs concerned with the security of international air transport","Annex 17 includes SARPs concerned with the security of international air transport","PDF"
"International Agreements and Organisations – Part 2","010.01 Part 2 Q0019","What is included in annex 18 to the Chicago Convention?","Annex 18 contains SARPs, definitions and supplements concerning the facilitation of international air transport","Annex 18 defines the role of Air Traffic Services (ATS) and specifies the worldwide SARPs applicable to the provision of ATS","Annex 18 concerns general principles determining acceptance of items for air transport carriage","Annex 18 contains the SARPs for aircraft noise certification","Annex 18 concerns general principles determining acceptance of items for air transport carriage","PDF"
"International Agreements and Organisations – Part 2","010.01 Part 2 Q0020","What is included in annex 19 to the Chicago Convention?","Annex 19 contains the SARPs for the provision of the Aeronautical Information Service (AIS)","Annex 19 contains the overarching provisions applicable to the Safety Management System (SMS) related to or directly supporting aircraft safety","Annex 19 contains the international SARPs for aircraft accident and incident investigation","Annex 19 concerns general principles determining acceptance of items for air transport carriage","Annex 19 contains the overarching provisions applicable to the Safety Management System (SMS) related to or directly supporting aircraft safety","PDF"
"International Agreements and Organisations – Part 2","010.01 Part 2 Q0021","Where was the Warsaw Convention of 1929 held?","In Berlin","In Chicago","In Warsaw","In London","In Warsaw","PDF"
"International Agreements and Organisations – Part 2","010.01 Part 2 Q0022","What flights does the Warsaw Convention of 1929 apply to?","International flights","Domestic flights","Flights within the European Union","Flights within Australia","International flights","PDF"
"International Agreements and Organisations – Part 2","010.01 Part 2 Q0023","What did the Warsaw Convention of 1929 focus on?","The Warsaw Convention of 1952 focused on damage caused by foreign aircraft to third parties on the ground","The Warsaw Convention focused on uniform standards of safety and environmental protection in civil aviation in the European Union","The Warsaw Convention of 1963 focused on specific rights/obligations of the Pilot in Command (PIC) in case of suppressing unlawful acts","The Warsaw Convention of 1929 focused on the responsibilities and liabilities of the carrier and the agents","The Warsaw Convention of 1929 focused on the responsibilities and liabilities of the carrier and the agents","PDF"
"International Agreements and Organisations – Part 2","010.01 Part 2 Q0024","What did the Rome Convention of 1952 focus on?","The Rome Convention of 1952 focused on the responsibilities and liabilities of the carrier and the agents","The Rome Convention of 1952 focused on uniform standards of safety and environmental protection in civil aviation in the European Union","The Rome Convention of 1952 focused on damage caused by foreign aircraft to third parties on the ground","The Rome Convention of 1952 focused on specific rights/obligations of the Pilot in Command (PIC) in case of suppressing unlawful acts","The Rome Convention of 1952 focused on damage caused by foreign aircraft to third parties on the ground","PDF"
"International Agreements and Organisations – Part 2","010.01 Part 2 Q0025","What did the Tokyo Convention of 1963 establish?","The Warsaw Convention of 1929 focused on the responsibilities and liabilities of the carrier and the agents","The Tokyo Convention of 1963 established specific rights/obligations of the Pilot in Command (PIC) in case of suppressing unlawful acts","The Rome Convention of 1952 focused on damage caused by foreign aircraft to third parties on the ground","The Rome Convention of 1952 focused on uniform standards of safety and environmental protection in civil aviation in Japan","The Tokyo Convention of 1963 established specific rights/obligations of the Pilot in Command (PIC) in case of suppressing unlawful acts","PDF"
"International Agreements and Organisations – Part 2","010.01 Part 2 Q0026","What is another name for the Hague Convention of 1970?","The Airline Convention Of Orange","The Orange Convention","The Convention for the Suppression of Unlawful Seizure of Aircraft","The Royal Dutch Airline Convention","The Convention for the Suppression of Unlawful Seizure of Aircraft","PDF"
"International Agreements and Organisations – Part 2","010.01 Part 2 Q0027","After what period of time following denunciation of the Montreal Convention of 1971 by a contracting state will the denounciation come into effect?","7 months","5 months","8 months","6 months","6 months","Synthesized"
"International Agreements and Organisations – Part 2","010.01 Part 2 Q0028","Which of the following did the Montreal Convention of 1971 concern? Select the most complete answer.","Only the first option","None of the above","Only the third option","All answers are correct: Acts pertaining to the unlawful seizure of aircraft, Destroying or damaging air navigation facilities or interference with their correct operation, The destruction of aircraft on service","All answers are correct: Acts pertaining to the unlawful seizure of aircraft, Destroying or damaging air navigation facilities or interference with their correct operation, The destruction of aircraft on service","Synthesized"
"International Agreements and Organisations – Part 2","010.01 Part 2 Q0029","What did the Montreal Convention of 1999 focus on?","On improving the provisions of the Rome Convention","On improving the provisions of the Hague Convention","On improving the provisions of the Warsaw Convention","On improving the provisions of the Tokyo Convention","On improving the provisions of the Warsaw Convention","PDF"
"International Agreements and Organisations – Part 2","010.01 Part 2 Q0030","What compensation must airlines pay out in the event of denied boarding, flight cancellations, or delays of at least 2 hours according to the flight compensation regulation in force in the European Union?","€100 to €400, depending on the flight distance","€500 to €1,000, depending on the flight distance","€50 to €250, depending on the flight distance","€250 to €600, depending on the flight distance","€250 to €600, depending on the flight distance","Synthesized"
"International Agreements and Organisations – Part 2","010.01 Part 2 Q0031","What are the objectives of the International Air Transport Association (IATA)? Select the most complete answer.","All answers are correct","To represent, lead and serve airline industry","To ensure sensible airline operations","To increase knowledge of benefits of aviation","All answers are correct","PDF"
"International Agreements and Organisations – Part 2","010.01 Part 2 Q0032","What does FAA stand for?","Federal Aviation Administration","It does not require any specific action","It varies by contracting state","It is not regulated by ICAO","Federal Aviation Administration","Synthesized"
"International Agreements and Organisations – Part 2","010.01 Part 2 Q0033","When did the European Union Aviation Safety Agency (EASA) begin operating?","September 1993","September 2004","September 2003","September 1994","September 2003","PDF"
"International Agreements and Organisations – Part 2","010.01 Part 2 Q0034","What is the main role of the European Union Aviation Safety Agency (EASA)?","To ensure the highest uniform standards of safety and environmental protection in civil aviation in the European Union","It is regulated only at the national level","It applies only to military aircraft","All of the above","To ensure the highest uniform standards of safety and environmental protection in civil aviation in the European Union","Synthesized"
"International Agreements and Organisations – Part 2","010.01 Part 2 Q0035","When was the Single European Sky (SES) formed?","1994","2000","2004","1999","1999","Synthesized"
"International Agreements and Organisations – Part 2","010.01 Part 2 Q0036","Who are the annexes to the Chicago convention binding for?","Annexes to the Chicago convention are binding for all contracting states without exception","Annexes to the Chicago convention are binding for the contracting states, unless they have notified","ICAO about a national difference","Annexes to the Chicago convention are binding for the contracting states, unless they have notified ICAO about a national difference","Annexes to the Chicago convention are binding for the contracting states, unless they have notified ICAO about a national difference","PDF"
"Aircraft: Airworthiness, Nationality, Registration Marks","010.02 Q0001","What is the issuing authority of a CofA?","EASA","The operator","The contracting state of registry","The contracting state of the operator","The contracting state of registry","PDF"
"Aircraft: Airworthiness, Nationality, Registration Marks","010.02 Q0002","Which aircraft are required to hold a CofA?","No other answer is correct","All aircraft engaged in international navigation","Only aircraft whose MTOM exceeds 5,700 kg","Only turbojet aircraft engaged in international navigation","All aircraft engaged in international navigation","PDF"
"Aircraft: Airworthiness, Nationality, Registration Marks","010.02 Q0003","Which of the listed items must be included in a CofA application for a new aircraft? Select the most complete answer.","A weight and balance report","A statement of conformity","All answers are correct","All answers are correct: A statement of conformity, The flight manual, A weight and balance report","All answers are correct: A statement of conformity, The flight manual, A weight and balance report","PDF"
"Aircraft: Airworthiness, Nationality, Registration Marks","010.02 Q0004","Which of the listed items must be included in a CofA application for used aircraft? Select the most complete answer.","The operations manual","A certified list of previous owners","All answers are correct","Historical records of aircraft maintenance","Historical records of aircraft maintenance","PDF"
"Aircraft: Airworthiness, Nationality, Registration Marks","010.02 Q0005","Who is responsible for determining the aircraft's continuing airworthiness?","The operator","The contracting state of registry","EASA","The contracting state of the operato","The contracting state of registry","PDF"
"Aircraft: Airworthiness, Nationality, Registration Marks","010.02 Q0006","For how long can a contracting state validate a CofA issued by another state?","No longer than the original issue","For no more than 30 days past the original issue time","Exactly as long as the original issue","As long as the state sees valid","No longer than the original issue","PDF"
"Aircraft: Airworthiness, Nationality, Registration Marks","010.02 Q0007","What is the definition of aircraft?","Any mechanical device that can gain support in the atmosphere from the reactions of the air","Any power-driven vehicle that can gain support in the atmosphere","Any non-power-driven vehicle that can gain support in the atmosphere","Any mechanical device that can remain in the air supported by its buoyancy","Any mechanical device that can gain support in the atmosphere from the reactions of the air","PDF"
"Aircraft: Airworthiness, Nationality, Registration Marks","010.02 Q0008","What is the definition of heavier-than-air aircraft?","Vehicle that weighs more than the air and is able to remain above the ground","Aircraft that weighs more than the air","Vehicle that weighs more than the air and is able to move in the atmosphere without contact with the ground","Aircraft that weighs more than the air and derives its lift in flight from aerodynamic forces","Aircraft that weighs more than the air and derives its lift in flight from aerodynamic forces","PDF"
"Aircraft: Airworthiness, Nationality, Registration Marks","010.02 Q0009","What is an aircraft's 'state of registry'?","The state where the aircraft's home base is located","The state where the aircraft's operator is registered","The state on whose register the aircraft is entered","The state where the aircraft was first manufactured and certified","The state on whose register the aircraft is entered","PDF"
"Aircraft: Airworthiness, Nationality, Registration Marks","010.02 Q0010","What is not an aircraft nationality mark?","FRA","D","PP","VH","FRA","PDF"
"Aircraft: Airworthiness, Nationality, Registration Marks","010.02 Q0011","Where should registration, nationality, and common marks be on an aeroplane?","On the wings lower surface and on either the fuselage or the vertical tail surface","On the fuselage only","On the wings upper surface and the fuselage","On the wings lower surface, the fuselage, and on the horizontal tail surface","On the wings lower surface and on either the fuselage or the vertical tail surface","PDF"
"Aircraft: Airworthiness, Nationality, Registration Marks","010.02 Q0012","Who is responsible for assigning nationality marks, common marks, and registration marks?","The state of operator","The state of registry","EASA","The state of manufacturer","The state of registry","PDF"
"Personal Licensing – Part 1","010.04 Part 1 Q0001","With reference to Part-FCL definitions, what is a cross-country flight?","- A flight between departure and arrival locations distanced more than 25 NM from each other - A flight between a point of departure and a point of arrival following a pre-planned route, using standard navigation procedures - A flight between departure and arrival locations distance more than 25 NM from each other, using standard navigation procedures - A flight between a point of departure and a point of arrival, using standard navigation procedures","A flight between a point of departure and a point of arrival following a pre-planned route, using standard navigation procedures","None of the above","All of the above","A flight between a point of departure and a point of arrival following a pre-planned route, using standard navigation procedures","Synthesized"
"Personal Licensing – Part 1","010.04 Part 1 Q0002","With reference to Part-FCL definitions, 'night' is defined as a period lasting from","_____ to _____,","22:00 local time; 06:00 local time","the civil dusk; the civil dawn","the end of evening civil twilight; the beginning of morning civil twilight","the end of evening civil twilight; the beginning of morning civil twilight","PDF"
"Personal Licensing – Part 1","010.04 Part 1 Q0003","With reference to Part-FCL definitions, flight time for aeroplanes is defined as the total time from the moment _____ until the moment _____, the aircraft first enters the runway with the intent of taking off; it finally leaves the runway after landing at","the end of the flight","the aircraft first starts moving before take-off; it finally comes to rest at the end of the flight the aircraft first lifts completely off the ground during the take-off; it finally touches the ground at the end of the flight the aircraft's engines first turn on before take-off; the engines finally turn off after the operation","the aircraft first starts moving before take-off; it finally comes to rest at the end of the flight","None of the above","the aircraft first starts moving before take-off; it finally comes to rest at the end of the flight","Synthesized"
"Personal Licensing – Part 1","010.04 Part 1 Q0004","What does Part-FCL consider as 'instrument time'?","The time during which a pilot is controlling an aircraft in flight solely by reference to instruments or the time during which a pilot is receiving instruction in simulated instrument flight, in FSTD","Only the time during which a pilot is receiving instruction in simulated instrument flight, in FSTD","Only the time during which a pilot is controlling an aircraft in flight solely by reference to instruments","The time during which a pilot is performing their duties in simulated instrument flight in FSTD, with no instructions","The time during which a pilot is controlling an aircraft in flight solely by reference to instruments or the time during which a pilot is receiving instruction in simulated instrument flight, in FSTD","PDF"
"Personal Licensing – Part 1","010.04 Part 1 Q0005","According to Part-FCL, a _____ is the demonstration of skill for a licence or","rating issue, including such oral examination as may be required.","proficiency check","skill test","certification","skill test","PDF"
"Personal Licensing – Part 1","010.04 Part 1 Q0006","According to Part-FCL, a _____ is the administrative action taken after a rating or certificate has lapsed for the purpose of renewing the privileges of the rating or certificate for a further","specified period consequent upon the fulfilment of specified requirements.","renewal","revalidation","validation","renewal","PDF"
"Personal Licensing – Part 1","010.04 Part 1 Q0007","With reference to Part-FCL definitions, what is Multi-Crew Cooperation (MCC)?","The functioning of the flight crew as a team of cooperating members led by the Pilot-In-Command (PIC)","The functioning of the flight crew consisting of at least 2 members","Cooperation of flight crew consisting of at least 2 members","The functioning of the flight crew as a team of 2 cooperating members led by the Pilot-In-Command (PIC)","The functioning of the flight crew as a team of cooperating members led by the Pilot-In-Command (PIC)","PDF"
"Personal Licensing – Part 1","010.04 Part 1 Q0008","With reference to the Part-FCL definition for aeroplanes, what is a multi-pilot aircraft?","An aeroplane certificated for commercial operation with a minimum crew of at least 2 pilots","An aeroplane certificated for operation with a crew of 1 or 2 pilots","An aeroplane certificated for commercial operation with a crew of 1 or 2 pilots","An aeroplane certificated for operation with a minimum crew of at least 2 pilots","An aeroplane certificated for operation with a minimum crew of at least 2 pilots","PDF"
"Personal Licensing – Part 1","010.04 Part 1 Q0009","What document is required to act as a flight crew remember of a civil aircraft? Select the most complete answer.","Only the first option","None of the above","Only the third option","All answers are correct","All answers are correct","Synthesized"
"Personal Licensing – Part 1","010.04 Part 1 Q0010","How many licences for each aircraft category can a pilot hold?","1","2, in case of operating aircraft of different type","As many as types of aircraft they operate","No other answer is correct","1","PDF"
"Personal Licensing – Part 1","010.04 Part 1 Q0011","Which ICAO Annex contains standards and recommended practices regarding personnel licensing?","Annex 2","Annex 3","Annex 4","Annex 1","Annex 1","Synthesized"
"Personal Licensing – Part 1","010.04 Part 1 Q0012","A pilot licence holder aged 67 years _____.","cannot act as a commercial air transport pilot in a single-pilot flight crew, but under certain conditions can be part of a multi-pilot crew cannot act a pilot engaged in commercial air transport is fully capable of taking part in commercial single-pilot or multi-pilot operations cannot act as the pilot-in-command, but can otherwise fully take part in commercial multi-pilot operations","cannot act a pilot engaged in commercial air transport","None of the above","All of the above","cannot act a pilot engaged in commercial air transport","Synthesized"
"Personal Licensing – Part 1","010.04 Part 1 Q0013","In which languages must a pilot be proficient to exercise the privileges of their license?","In English or other language used for radio communication during the specific flight","In English","In the national language of where the flight is taking place","In whatever language is demanded by the operator for the operation","In English or other language used for radio communication during the specific flight","PDF"
"Personal Licensing – Part 1","010.04 Part 1 Q0014","What language abilities must a holder of an Instrument Rating (IR) demonstrate?","Ability to use radio-telephony phraseology, understanding of information needed to prepare and accomplish a flight, and ability to communicate effectively with other crew members, all in English","Ability to use radio-telephony phraseology in the language used for the flight, understanding of information needed to prepare and accomplish a flight in the language used at the aerodrome, and ability to communicate effectively with other crew members in any language","Ability to use radio-telephony phraseology in English, understanding of information needed to prepare and accomplish a flight in the language used at the aerodrome, and ability to communicate effectively with other crew members in any language","Ability to use radio-telephony phraseology in English, understanding of information needed to prepare and accomplish a flight in English, and ability to communicate effectively with other crew members in any language","Ability to use radio-telephony phraseology, understanding of information needed to prepare and accomplish a flight, and ability to communicate effectively with other crew members, all in English","PDF"
"Personal Licensing – Part 1","010.04 Part 1 Q0015","What is the minimum age of a Commercial Pilot Licence (CPL) applicant?","17 years","21 years","25 years","18 years","18 years","PDF"
"Personal Licensing – Part 1","010.04 Part 1 Q0016","What privileges cannot be exercised by Commercial Pilot Licence (CPL) holders?","Light Aircraft Pilot Licence (LAPL) privileges","Acting as a pilot-in-command of a single-pilot aircraft in commercial air transport","Acting as a pilot-in-command of a multi-pilot aircraft in commercial air transport","No other answer is correct","Acting as a pilot-in-command of a multi-pilot aircraft in commercial air transport","PDF"
"Personal Licensing – Part 1","010.04 Part 1 Q0017","What is the total time of a Commercial Pilot Licence (CPL) integrated training course?","200 hours","150 hours","175 hours","225 hours","150 hours","PDF"
"Personal Licensing – Part 1","010.04 Part 1 Q0018","What does a Commercial Pilot Licence (CPL) integrated training course consist of?","- 80 hours of dual instruction, 5 hours of which can be instrument ground time, and 70 hours of flight as the pilot-in-command, 20 hours of which must be cross-country flight time as pilot-in-command - 100 hours of dual instruction, 10 hours of which can be instrument ground time, and 100 hours of flight as the pilot-in-command, 20 hours of which must be cross-country flight time as pilot-in-command - 80 hours of dual instruction, 5 hours of which can be instrument ground time, and 100 hours of flight as the pilot-in-command, 20 hours of which must be cross-country flight time as pilot-in-command - 100 hours of dual instruction, 10 hours of which can be instrument ground time, and 75 hours of flight as the pilot-in-command, 20 hours of which must be cross-country flight time as pilot-in-command","80 hours of dual instruction, 5 hours of which can be instrument ground time, and 70 hours of flight as the pilot-in-command, 20 hours of which must be cross- country flight time as pilot-in-command","It does not require any specific action","It varies by contracting state","80 hours of dual instruction, 5 hours of which can be instrument ground time, and 70 hours of flight as the pilot-in-command, 20 hours of which must be cross- country flight time as pilot-in-command","Synthesized"
"Personal Licensing – Part 1","010.04 Part 1 Q0019","The cross-country part of the Commercial Pilot Licence (CPL) integrated training course includes a VFR flight of _____.","540 km with 2 full-stop landings at 2 airports, 1 other than the departure airport","540 km with 2 full-stop landings at 2 airports, both other than the departure airport","300 km with 2 full-stop landings at 2 airports, both other than the departure airport","300 km with 2 full-stop landings at 2 airports, 1 other than the departure airport","540 km with 2 full-stop landings at 2 airports, both other than the departure airport","PDF"
"Personal Licensing – Part 1","010.04 Part 1 Q0020","A Commercial Pilot Licence (CPL) applicant must have completed _____ of flight time at night, including _____ of dual instruction, at least _____ of cross-country navigation, and _____","solo take-offs and full-stop landings.","8 hours; 3 hours; 1 hour; 4","8 hours; 5 hours; 2 hours; 5","5 hours; 3 hours; 1 hour; 5","5 hours; 3 hours; 1 hour; 5","PDF"
"Personal Licensing – Part 1","010.04 Part 1 Q0021","A Commercial Pilot Licence (CPL) applicant must have completed _____ of","instrument flight instruction, up to _____ of which can be instrument ground time in a Full Flight","Simulator (FFS). _____ must be completed in an aircraft with variable pitch propeller, retractable landing gear and 4 seats on board.","15 hours; 5 hours; 10 hours","10 hours; 5 hours; 5 hours","10 hours; 5 hours; 5 hours","PDF"
"Personal Licensing – Part 1","010.04 Part 1 Q0022","What is the minimum flight time required from a Commercial Pilot Licence (CPL) applicant undergoing a modular training course?","200 hours, including 100 as the pilot-in-command","150 hours, including 50 as the pilot-in-command","100 hours, including 50 as the pilot-in-command","75 hours, including 50 as the pilot-in-command","200 hours, including 100 as the pilot-in-command","PDF"
"Personal Licensing – Part 1","010.04 Part 1 Q0023","If a multi-engine aeroplane is used for the final skill check of a modular course training for a Commercial Pilot Licence (CPL), how much flight time must be completed in an aircraft of the same class as part of the course?","6 hours","10 hours","50 hours","8 hours","6 hours","PDF"
"Personal Licensing – Part 1","010.04 Part 1 Q0024","What is the minimum age of an ATPL(A) holder?","25.2 years","16.8 years","31.5 years","21 years","21 years","Synthesized"
"Personal Licensing – Part 1","010.04 Part 1 Q0025","What are the prerequisite privileges required from an ATPL(A) applicant?","CPL(A) with IR","MPL with IR and MCC training","MPL or CPL(A) with IR and MCC training","MPL, IR, and CPL(A) with MCC training","MPL or CPL(A) with IR and MCC training","PDF"
"Personal Licensing – Part 1","010.04 Part 1 Q0026","What is the minimum flight time required from an ATPL(A) applicant?","1,000 hours","1,500 hours","1,250 hours","1,750 hours","1,500 hours","PDF"
"Personal Licensing – Part 1","010.04 Part 1 Q0027","What is the minimum flight time that an ATPL(A) applicant must have spent in multi-pilot operations?","400 hours","750 hours","500 hours","1,000 hours","500 hours","PDF"
"Personal Licensing – Part 1","010.04 Part 1 Q0028","An ATPL(A) applicant can realize the flight time requirements related to acting as","the pilot-in-command by flying _____ as a pilot-in-command under supervision.","500 hours","250 hours","70 hours","500 hours","PDF"
"Personal Licensing – Part 1","010.04 Part 1 Q0029","What is the minimum cross-country flight time required from an ATPL(A) applicant?","75 hours, including at least 50 hours as the pilot-in-command","100 hours, including at least 75 as the pilot-in-command","100 hours, including at least 50 as the pilot-in-command","200 hours, including at least 100 hours as the pilot-in- command","200 hours, including at least 100 hours as the pilot-in- command","PDF"
"Personal Licensing – Part 1","010.04 Part 1 Q0030","What is the minimum instrument time required from an ATPL(A) applicant?","50 hours, including no more than 30 hours of instrument ground time","75 hours, including at least 30 hours of instrument flight time","75 hours of instrument time, of which not more than 30 hours may be instrument ground time","50 hours, including at least 25 hours of instrument flight time","75 hours of instrument time, of which not more than 30 hours may be instrument ground time","PDF"
"Personal Licensing – Part 1","010.04 Part 1 Q0031","What is the minimum night flight time required from an ATPL(A) applicant?","100 hours, including at least 50 as the pilot-in-command","100 hours as either the pilot-in-command or a co-pilot","75 hours as either the pilot-in-command or a co-pilot","75 hours, including at least 30 as the pilot-in-command","100 hours as either the pilot-in-command or a co-pilot","PDF"
"Personal Licensing – Part 1","010.04 Part 1 Q0032","How much of the flight time required from an ATPL(A) applicant can be completed in a Flight and Navigation Procedures Trainer (FNTP)?","100 hours","75 hours","50 hours","25 hours","25 hours","PDF"
"Personal Licensing – Part 1","010.04 Part 1 Q0033","How much of the flight time required from an ATPL(A) applicant can be completed in a Full Flight Simulator (FFS)?","75 hours","50 hours","25 hours","100 hours","100 hours","PDF"
"Personal Licensing – Part 1","010.04 Part 1 Q0034","What is true about Multi-crew Pilot Licence (MPL)? Select the most complete","answer.","MPL training is mandatory for becoming an airline pilot","MPL training keeps flight simulator training to the minimum","MPL courses are carried in cooperation with airlines","MPL courses are carried in cooperation with airlines","PDF"
"Personal Licensing – Part 1","010.04 Part 1 Q0035","What privileges does a Multi-crew Pilot License (MPL) holder possess? Select","the most complete answer.","IR(A) privileges in single-pilot aircraft","Co-pilot privileges in multi-pilot aircraft","PPL(A) and CPL(A) privileges, when conducting operations in multi-pilot aircraft","Co-pilot privileges in multi-pilot aircraft","PDF"
"Personal Licensing – Part 1","010.04 Part 1 Q0036","What is the minimum age of a Multi-crew Pilot License (MPL) applicant?","17 years","21 years","18 years","25 years","18 years","PDF"
"Personal Licensing – Part 1","010.04 Part 1 Q0037","What does a Multi-crew Pilot License (MPL) training consist of?","Theoretical course and 250 hours of simulator flight time","Theoretical course and 240 hours of flight instruction","Theoretical course and 250 hours of flight instruction, including no more than 50 hours of simulator flight time","240 hours of flight instruction, including no more than 100 hours of simulator flight time","Theoretical course and 240 hours of flight instruction","PDF"
"Personal Licensing – Part 1","010.04 Part 1 Q0038","A Multi-crew Pilot License (MPL) applicant must demonstrate a level of knowledge corresponding to the level of _____.","an ATPL(A) holder with MCC training","a CPL(A) holder with IR","an ATPL(A) holder with multi-pilot type rating","a CPL(A) holder with IR and MCC training","an ATPL(A) holder with multi-pilot type rating","PDF"
"Personal Licensing – Part 2","010.04 Part 2 Q0001","An applicant for a type rating for a single-pilot high-performance complex","aeroplane must have completed at least _____ as pilot-in-command in aeroplanes.","100 hours","70 hours","50 hours","70 hours","PDF"
"Personal Licensing – Part 2","010.04 Part 2 Q0002","Which of the following is required to apply for a type rating for a single-pilot high- performance non-complex aeroplane? Select the most complete answer.","Instrument Rating (IR)","200 hours of flight time","Advanced UPRT course","All answers are correct","All answers are correct","PDF"
"Personal Licensing – Part 2","010.04 Part 2 Q0003","How long is the validity period of a class rating for a single-pilot single-engine aeroplane?","5 years","1 year","2 years","3 years","2 years","PDF"
"Personal Licensing – Part 2","010.04 Part 2 Q0004","Minimum decision height for the holders of a single-engine IR (A) is _____.","201 ft","199 ft","202 ft","200 ft","200 ft","Synthesized"
"Personal Licensing – Part 2","010.04 Part 2 Q0005","When should an IR (A) be revalidated?","Within 3 months before the expiry date","Within 6 weeks before the expiry date","Within 3 weeks before the expiry date","Within 6 months before the expiry date","Within 3 months before the expiry date","PDF"
"Personal Licensing – Part 2","010.04 Part 2 Q0006","When does the validity period of a newly revalidated IR (A) start?","On the date of the proficiency check","None of the above","All of the above","Information not specified by ICAO regulations","On the date of the proficiency check","Synthesized"
"Personal Licensing – Part 2","010.04 Part 2 Q0007","If the IR (A) has not been revalidated or renewed within the last _____, the holder wishing to regain the privileges must pass the theoretical knowledge examination and skill test","again.","7 years","5 years","3 years","7 years","PDF"
"Personal Licensing – Part 2","010.04 Part 2 Q0008","An applicant for the aerobatic rating must have completed at least _____ as pilot-in-command in aeroplanes.","36 hours","24 hours","45 hours","30 hours","30 hours","Synthesized"
"Personal Licensing – Part 2","010.04 Part 2 Q0009","An applicant for the sailplane towing rating must have completed at least _____","take-offs and landings on aeroplanes.","59","61","60","60","Synthesized"
"Personal Licensing – Part 2","010.04 Part 2 Q0010","Which action should a candidate take to renew an expired class rating?","Take a refresher training, if deemed necessary by the ATO, and pass a proficiency check","None of the above","All of the above","Information not specified by ICAO regulations","Take a refresher training, if deemed necessary by the ATO, and pass a proficiency check","Synthesized"
"Personal Licensing – Part 2","010.04 Part 2 Q0011","How long before the expiry date should a holder of a class or type rating take the proficiency check, so the new validity period starts on the date of issue?","Up to 3 months","None of the above","All of the above","Information not specified by ICAO regulations","Up to 3 months","Synthesized"
"Personal Licensing – Part 2","010.04 Part 2 Q0012","How long is a validity period of an Instrument Rating (IR)?","5 years","2 years","1 year","It expires when the licence does","1 year","PDF"
"Personal Licensing – Part 2","010.04 Part 2 Q0013","Which rating grants the holder the same privileges as a standard Instrument Rating (IR)?","Competency-Based Instrument Rating (CB-IR)","None of the above","All of the above","Information not specified by ICAO regulations","Competency-Based Instrument Rating (CB-IR)","Synthesized"
"Personal Licensing – Part 2","010.04 Part 2 Q0014","How long is the validity period of a type rating","1 year","2 year","5 years","3 years","1 year","PDF"
"Personal Licensing – Part 2","010.04 Part 2 Q0015","If a pilot holding a class 2 medical certificate suffers an injury, which can affect their ability to fly, where/whom should they not seek medical advice from?","Aero-Medical Centres (AeMCs)","No other answer is correct","Aero-Medical Examiners (AMEs)","General Medical Practitioners (GMPs)","General Medical Practitioners (GMPs)","PDF"
"Personal Licensing – Part 2","010.04 Part 2 Q0016","The competent authority for Aero-Medical Centres (AeMCs) is designated by _____.","the state in which the AeMC has its principal place of business the state to which they notify their activity","ICAO","the state to which they apply for certification","the state in which the AeMC has its principal place of business","the state in which the AeMC has its principal place of business","Synthesized"
"Personal Licensing – Part 2","010.04 Part 2 Q0017","The competent authority for Aero-Medical Examiners (AMEs) is designated by _____.","the state in which the AeMC has its principal place of business the state to which they apply for certification","EASA","the state to which they notify their activity","the state to which they apply for certification","the state to which they apply for certification","Synthesized"
"Personal Licensing – Part 2","010.04 Part 2 Q0018","Which type of medical certificate is required to exercise the privileges of a CPL?","Class 1","Class 2","LAPL","No other answer is correct","Class 1","PDF"
"Personal Licensing – Part 2","010.04 Part 2 Q0019","Which activity cannot a student pilot do until they hold an appropriate medical certificate? Select the most complete answer.","Flying solo","None of the above","All of the above","Information not specified by ICAO regulations","Flying solo","Synthesized"
"Personal Licensing – Part 2","010.04 Part 2 Q0020","Class 1 medical certificates can be issued by _____ and revalidated or renewed by _____.","Aero-Medical Examiners (AMEs); Aero-Medical Examiners (AMEs)","Aero-Medical Examiners (AMEs); Aero-Medical Centres (AeMCs)","Aero-Medical Centres (AeMCs); Aero-Medical Examiners (AMEs)","Aero-Medical Centres (AeMCs); General Medical Practitioners (GMPs)","Aero-Medical Centres (AeMCs); Aero-Medical Examiners (AMEs)","PDF"
"Personal Licensing – Part 2","010.04 Part 2 Q0021","What is the validity period of a class 1 medical certificate issued for a 61-years- old holder?","7 months","5 months","8 months","6 months","6 months","Synthesized"
"Personal Licensing – Part 2","010.04 Part 2 Q0022","What is the validity period of a class 2 medical certificate issued for a 46-years- old holder?","24 months","12 months","60 months","36 months","24 months","PDF"
"Personal Licensing – Part 2","010.04 Part 2 Q0023","How long before the expiry date should a holder of a medical certificate undergo all the necessary examinations and assessments, if they wish to revalidate the certificate?","Up to 45 days","None of the above","All of the above","Information not specified by ICAO regulations","Up to 45 days","Synthesized"
"Personal Licensing – Part 2","010.04 Part 2 Q0024","In what circumstances should the class 1 medical certificate holder always seek aero-medical advice? Select the most complete answer.","Having suffered any injury","All answers are correct","Having suffered any illness","When using any medication regularly","When using any medication regularly","PDF"
"Personal Licensing – Part 2","010.04 Part 2 Q0025","Which document contains medical requirements concerning flight crew members?","Part-ARA","Part-FCL","Part-MED","Part-21","Part-MED","PDF"
"Personal Licensing – Part 2","010.04 Part 2 Q0026","If a pilot suffers strong headaches regularly, they _____.","cannot act as pilot-in-command, but can fly as co-pilot cannot fly at all can acts as a pilot in non-commercial operations only can fly provided they have informed the appropriate authority about their condition","cannot fly at all","None of the above","All of the above","cannot fly at all","Synthesized"
"Personal Licensing – Part 2","010.04 Part 2 Q0028","If a holder of class 2 medical certificate goes to the Aero-Medical Centre (AeMC) 30 days after the certificate expires, the process of changing the validity of the certificate is called _____.","renewal","revalidation","prolongation","reassessment","renewal","PDF"
"Personal Licensing – Part 2","010.04 Part 2 Q0029","How many types of medical certificates are available for flight crew members according to EASA regulations?","2","5","4","3","3","PDF"
"Personal Licensing – Part 2","010.04 Part 2 Q0030","What must the holder of class 1 medical certificate do to regain the privileges of the certificate that expired 6 years ago?","Undergo revalidation examination","Undergo renewal examination","Undergo the same examinations and assessment as for the initial issue","Submit medical records and undergo renewal examination","Undergo the same examinations and assessment as for the initial issue","PDF"
"Personal Licensing – Part 2","010.04 Part 2 Q0031","According to Part-MED, a medical certificate holder must seek aero-medical advice after being hospitalised for _____.","more than 3 days","any period","more than a week","more than a day","any period","PDF"
"Personal Licensing – Part 2","010.04 Part 2 Q0032","To exercise the privilages of a PPL(A) with an IR(A),a pilot must _____.","hold class 2 medical certificate and be colour safe","hold class 1 medical certificate","hold class 2 certificate only","hold class 2 medical certificate and undergo additional audiometry examination","hold class 2 medical certificate and undergo additional audiometry examination","PDF"
"Rules of the Air – Part 1","010.05 Part 1 Q0001","Which rules apply to an aircraft flying over the high seas?","Law of the state of registry","ICAO rules","Law of the state of departure","No other answer is correct","ICAO rules","PDF"
"Rules of the Air – Part 1","010.05 Part 1 Q0002","An aircraft is flying over a state, which is not its state of registry. Which rules have the highest priority?","Law of the state of registry","Law of the state of departure","ICAO rules","Law of the state overflown","Law of the state overflown","PDF"
"Rules of the Air – Part 1","010.05 Part 1 Q0003","In which meteorological conditions is flying under Instrument Flight Rules (IFR) possible? (VMC – Visual Meteorological Conditions, IMC – Instrument Meteorological Conditions)","VMC and IMC","None of the above","All of the above","Information not specified by ICAO regulations","VMC and IMC","Synthesized"
"Rules of the Air – Part 1","010.05 Part 1 Q0004","In what circumstances is a departure from the rules of the air allowed?","Only if departure from the rules of the air is necessary to maintain the safety of the flight","Departure from the rules of the air is never allowed, regardless of circumstances","Departure from the rules of the air is regulated by the law of contracting states","Only if the pilot-in-command decides the potential risks of departure from the rules of the air are minor","Only if departure from the rules of the air is necessary to maintain the safety of the flight","PDF"
"Rules of the Air – Part 1","010.05 Part 1 Q0005","What is the pilot-in-command responsible for? Select the most complete answer.","Only the first option","None of the above","Only the third option","All answers are correct (safe operation of aircraft, adherence to regulations, studying weather report and analysis sing fuel requirements before the flight","All answers are correct (safe operation of aircraft, adherence to regulations, studying weather report and analysis sing fuel requirements before the flight","Synthesized"
"Rules of the Air – Part 1","010.05 Part 1 Q0006","Which of the following is not a part of pre-flight actions that should be performed when planning an IFR flight?","Carrying out a technical check of the aircraft","None of the above","All of the above","Information not specified by ICAO regulations","Carrying out a technical check of the aircraft","Synthesized"
"Rules of the Air – Part 1","010.05 Part 1 Q0007","When operating as a part of an aerodrome’s traffic pattern, a pilot should _____.","take all turns to the right, if instructed to do so by the ATC","None of the above","All of the above","Information not specified by ICAO regulations","take all turns to the right, if instructed to do so by the ATC","Synthesized"
"Rules of the Air – Part 1","010.05 Part 1 Q0008","If a minimum height established over a specific area by competent local authorities differ from that stated in Standardised European Rules of the Air (SERA), which of them has a higher priority?","Minimum height stated in SERA","For IFR flights – the one stated in Sera, for VFR flights – the one established by the local authorities","The lower of both minimum heights","Minimum height established by the local authorities","Minimum height established by the local authorities","PDF"
"Rules of the Air – Part 1","010.05 Part 1 Q0009","The cruising levels above the lowest usable flight level are expressed in terms of _____, while those below that height are expressed in terms of _____.","flight levels, height","usable flight levels, conditional flight levels","flight levels, altitude","No other answer is correct","flight levels, altitude","PDF"
"Rules of the Air – Part 1","010.05 Part 1 Q0010","Referring to the rules for the avoidance of collision, the pilot-in-command must _____.","take any action required to avoid the collision","None of the above","All of the above","Information not specified by ICAO regulations","take any action required to avoid the collision","Synthesized"
"Rules of the Air – Part 1","010.05 Part 1 Q0011","What does it mean if an aircraft has the right- of-way?","Aircraft should maintain its speed and heading","Aircraft is relieved from the responsibility of avoiding collisions","Aircraft can freely change its heading and speed","Aircraft can freely change its speed, but must maintain its heading","Aircraft should maintain its speed and heading","PDF"
"Rules of the Air – Part 1","010.05 Part 1 Q0012","Which statement regarding two aircraft approaching head-on in flight is true? Select the most complete answer.","Only the first option","None of the above","Only the third option","All answers are correct","All answers are correct","Synthesized"
"Rules of the Air – Part 1","010.05 Part 1 Q0013","When two aircraft of the same type are converging in flight, which of them has the right-of-way?","The aircraft on the right of the other","The aircraft on the left of the other","The aircraft approaching with a higher speed","The larger aircraft","The aircraft on the right of the other","PDF"
"Rules of the Air – Part 1","010.05 Part 1 Q0014","Which statement regarding the rules of priority for aircraft converging in flight is true?","Airships should give way to balloons","None of the above","All of the above","Information not specified by ICAO regulations","Airships should give way to balloons","Synthesized"
"Rules of the Air – Part 1","010.05 Part 1 Q0015","Which statement regarding a situation of overtaking another aircraft in flight is false?","An aircraft overtaken should maintain its speed and heading","An aircraft must overtake another on the right unless both aircraft are sailplanes","An aircraft overtaking another should pass it well clear","An aircraft overtaking another have right of way","An aircraft overtaking another have right of way","PDF"
"Rules of the Air – Part 1","010.05 Part 1 Q0016","Which statement regarding a power-driven aircraft in the final phase of an approach to landing is true?","The landing aircraft must give way to another aircraft, which is at a lower level and also landing","None of the above","All of the above","Information not specified by ICAO regulations","The landing aircraft must give way to another aircraft, which is at a lower level and also landing","Synthesized"
"Rules of the Air – Part 1","010.05 Part 1 Q0017","In which case an aircraft should be always given way? Select the most complete answer.","Only the first option","None of the above","Only the third option","All answers are correct","All answers are correct","Synthesized"
"Rules of the Air – Part 1","010.05 Part 1 Q0018","Which statement regarding two aircraft approaching head-on on the ground is true?","Both aircraft should stop, then, if it is possible, change their way to the right","None of the above","All of the above","Information not specified by ICAO regulations","Both aircraft should stop, then, if it is possible, change their way to the right","Synthesized"
"Rules of the Air – Part 1","010.05 Part 1 Q0019","Which lights must be displayed at night by aircraft in flight? Select the most complete answer","Anti-collision lights","The lights that are compulsory during the day","Navigation lights (unless an aircraft is a balloon)","All answers are correct:The lights that are compulsory during the day, Anti-collision lights, Navigation lights (unless an aircraft is a balloon)","All answers are correct:The lights that are compulsory during the day, Anti-collision lights, Navigation lights (unless an aircraft is a balloon)","PDF"
"Rules of the Air – Part 1","010.05 Part 1 Q0020","Which lights must be displayed during the day by aircraft in flight?","Landing lights","Navigation lights","Anti-collision lights","Daytime lights","Anti-collision lights","PDF"
"Rules of the Air – Part 1","010.05 Part 1 Q0021","What are the colours of each of the navigation lights?","Left wing – red, right wing – green, tail – white","It is regulated only at the national level","It applies only to military aircraft","All of the above","Left wing – red, right wing – green, tail – white","Synthesized"
"Rules of the Air – Part 1","010.05 Part 1 Q0022","Which lights must be displayed at night by aircraft on the ground? Select the most complete answer","All answers are correct","Anti-collision lights","Navigation lights","All answers are correct (light indicate engine are running,navigation light, anti-collision light)","All answers are correct (light indicate engine are running,navigation light, anti-collision light)","PDF"
"Rules of the Air – Part 1","010.05 Part 1 Q0023","Which lights must be displayed during the day by aircraft on the ground?","No other answer is correct","None of the above","All of the above","Information not specified by ICAO regulations","No other answer is correct","Synthesized"
"Rules of the Air – Part 1","010.05 Part 1 Q0024","Which light signal should the ATS use to inform an aircraft on the ground that it is cleared to take off?","Steady green light","None of the above","All of the above","Information not specified by ICAO regulations","Steady green light","Synthesized"
"Rules of the Air – Part 1","010.05 Part 1 Q0025","Which light signal should the ATS use to inform an aircraft in flight that it should give way to another aircraft and continue circling?","Steady red light","Red flashes","Green flashes","Steady green light","Steady red light","PDF"
"Rules of the Air – Part 1","010.05 Part 1 Q0026","Which light signal should the ATS use to inform an aircraft on the ground that it is cleared to taxi?","Green flashes","None of the above","All of the above","Information not specified by ICAO regulations","Green flashes","Synthesized"
"Rules of the Air – Part 1","010.05 Part 1 Q0027","Which light signal should the ATS use to warn an aircraft in flight that the aerodrome is not safe to land?","Green flashes","Steady green light","Red flashes","Steady red light","Red flashes","PDF"
"Rules of the Air – Part 1","010.05 Part 1 Q0028","In what way can an aircraft in flight confirm","receiving the light signal from the ATS? Select the most complete answer.","All answers are correct","Rocking its wings","All answers are correct (rocking its wing, flashing landing lights twice, flashing navigation lights twice","All answers are correct (rocking its wing, flashing landing lights twice, flashing navigation lights twice","PDF"
"Rules of the Air – Part 1","010.05 Part 1 Q0029","In what way can an aircraft on the ground confirm receiving the light signal from the ATS?","At night, an aircraft should move the ailerons","During the day, an aircraft should flash the navigation lights twice","At night, an aircraft should flash the anti-collision lights twice","During the day, an aircraft should move the rudder","During the day, an aircraft should move the rudder","PDF"
"Rules of the Air – Part 2","010.05 Part 2 Q0001","Before which of the mentioned flights is submitting a flight plan not required?","International flight","Night flight in the vicinity of an aerodrome","IFR flight within advisory airspace","No other answer is correct","Night flight in the vicinity of an aerodrome","PDF"
"Rules of the Air – Part 2","010.05 Part 2 Q0002","Which statement regarding deviation from a flight plan is true?","Deviation from a flight plan is never permitted, regardless of circumstances","Deviation from a flight plan is regulated by local rules","Deviation from a flight plan is permitted if it will not cause significant risks","Deviation from a flight plan is permitted in case of emergency","Deviation from a flight plan is permitted in case of emergency","PDF"
"Rules of the Air – Part 2","010.05 Part 2 Q0003","Which statement regarding reporting fight plan changes is false?","For controlled flights, significant changes to the flight plan must be reported as soon as practicable","For controlled flights, any changes to the flight plan must be reported as soon as practicable","For uncontrolled flights, any changes to the flight plan must be reported as soon as practicable","For uncontrolled flights, significant changes to the flight plan must be reported as soon as practicable","For uncontrolled flights, any changes to the flight plan must be reported as soon as practicable","PDF"
"Rules of the Air – Part 2","010.05 Part 2 Q0006","In what circumstances must a new flight plan be submitted?","For uncontrolled flights, a new flight plan must be submitted prior to departure, if the delay exceeds 1 hour","None of the above","All of the above","Information not specified by ICAO regulations","For uncontrolled flights, a new flight plan must be submitted prior to departure, if the delay exceeds 1 hour","Synthesized"
"Rules of the Air – Part 2","010.05 Part 2 Q0007","How soon after landing must the PIC deliver","the arrival report to the ATS? Assume the landing was not observed by the ATS.","Up to 30 minutes","Up to 1 hour","Up to 6 hours","Up to 30 minutes","PDF"
"Rules of the Air – Part 2","010.05 Part 2 Q0008","Which information does not have to be included in an arival report?","Time of Daparture","None of the above","All of the above","Information not specified by ICAO regulations","Time of Daparture","Synthesized"
"Rules of the Air – Part 2","010.05 Part 2 Q0009","Names of how many reporting points are included in a posilion report?","2","4","1","3","3","Synthesized"
"Rules of the Air – Part 2","010.05 Part 2 Q0010","Consider a VFR flight at the altitude of 10,000ft AMSL in class C airspace. Which weather minima must be pilot observe?","Horizontal distance from the cloud – 1,500 m; vertical distance from the cloud – 300 m; flight visibility – 8 km","Horizontal distance from the cloud – 1,500 m; vertical distance from the cloud – 300 m; flight visibility – 5 km","Horizontal distance from the cloud – 1,000 m; vertical distance from the cloud – 300 m; flight visibility – 8 km","Horizontal distance from the cloud-1,500m ; vertical distance from the cloud-300m ; flight visibility-8km","Horizontal distance from the cloud-1,500m ; vertical distance from the cloud-300m ; flight visibility-8km","PDF"
"Rules of the Air – Part 2","010.05 Part 2 Q0011","Consider a VFR fight in uncontrod airspace. At which altudes is the mimum light visity the fighttt must maintain lower than 8 km? Select the most complete answer.","At and below 3,000 ft AMSL or 1,000 ft above the ground, whichever of them is higher","Above 3,000 ft AMSL or 1,000 ft above the ground, whichever of them is higher, and below 10,000 ft AMSL","Above 10,000 ft AMSL","All answers are correct","At and below 3,000 ft AMSL or 1,000 ft above the ground, whichever of them is higher","PDF"
"Rules of the Air – Part 2","010.05 Part 2 Q0012","Which of the following elements is not essential to perform a simulated instrument Doubled, fully functional controls Doubled, fully functional instruments Qualified safety pilot No other answer is correct","Doubled, fully functional instrument","None of the above","All of the above","Information not specified by ICAO regulations","Doubled, fully functional instrument","Synthesized"
"Rules of the Air – Part 2","010.05 Part 2 Q0013","Which statement regarding VFR flights is false?","in controlled airspace, separation from the ground can be provided by ATC","None of the above","All of the above","Information not specified by ICAO regulations","in controlled airspace, separation from the ground can be provided by ATC","Synthesized"
"Rules of the Air – Part 2","010.05 Part 2 Q0014","What are the responsibilities associated with a controlled VFR fight?","All answers are correct","Obtaining ATC clearances","Maintaining voice communication watch","All ans are correct (obtaining ATC clearance, maintaining voice communication, reporting position unless instructed otherwise by ATS)","All ans are correct (obtaining ATC clearance, maintaining voice communication, reporting position unless instructed otherwise by ATS)","PDF"
"Rules of the Air – Part 2","010.05 Part 2 Q0015","A VFR fight needs special clearance to land and take-off from a controlled aerome unless the ceiling is at least______and the ground visibility is at least ________","1,500 ft; 2 km","1,000 ft; 2 km","1,000 ft; 5 km","1,500 ft; 5 km","1,500 ft; 5 km","PDF"
"Rules of the Air – Part 2","010.05 Part 2 Q0016","The minimum permitted altitude for VFR","flights over congested areas is _____ over the highest obstacle in the proximity of _____ of the aircraft.","1,000 ft; 150 m","500 ft; 150 m","1,000 ft; 600 m","1,000 ft; 600 m","PDF"
"Rules of the Air – Part 2","010.05 Part 2 Q0018","Which flight level is available to a VFR flight flying on a magnetic track of 180°? Select the most complete answer.","165","175","80","All answers are correct","165","PDF"
"Rules of the Air – Part 2","010.05 Part 2 Q0019","Consider two VFR flights. The magnetic track of the first flight is 50°. The flight level of the second flight is FL 75. What minimum separation must they maintain in this situation?","1,000 ft","1,500 ft","500 ft","2000 ft","2000 ft","PDF"
"Rules of the Air – Part 2","010.05 Part 2 Q0020","Which letter should the pilot in the flight rufes of of the fight plan if they to switch from VFR to IFR?","'Y'","'I'","'Z'","Z","Z","PDF"
"Rules of the Air – Part 2","010.05 Part 2 Q0021","The minimum permitted altitude for VFR","flights at night over mountainous areas is _____ over the highest obstacle in the proximity of _____ of the aircraft.","1,000 ft; 8 km","2,000 ft; 8 km","2,000 ft; 5 km","2,000 ft; 8 km","PDF"
"Rules of the Air – Part 2","010.05 Part 2 Q0022","in which meteorological conditions can a VFR flight obtain an SVFR clearance to operate in the vicinity of a controlled aerodrome Ground visibility – 2,000 m; ceiling – 700 ft Ground visibility – 2,000 m; ceiling – 500 ft Ground visibility – 1,000 m; ceiling – 800 ft All answers are correct","Ground visibility 2000m ; ceiling 700ft","None of the above","All of the above","Information not specified by ICAO regulations","Ground visibility 2000m ; ceiling 700ft","Synthesized"
"Rules of the Air – Part 2","010.05 Part 2 Q0023","the minimum permitted altitude for IFR flight in non-mountainous area is____over the highest obstacle in the proximity of____of the aircraft 1,000 ft; 8 km 1,000 ft; 5 km 2,000 ft; 8 km 2,000 ft; 5 km","1,000 ft ; 8km","None of the above","All of the above","Information not specified by ICAO regulations","1,000 ft ; 8km","Synthesized"
"Rules of the Air – Part 2","010.05 Part 2 Q0024","Which fight level is avable to an IFR flight fiying a magnetic track of 175 Assume Reduced Vertical Separation Minima (RVSM) are employed. Select the most","complete answer.","FL300","FL360","No other answer is correct","No other answer is correct","PDF"
"Rules of the Air – Part 2","010.05 Part 2 Q0025","Consider IFR fight at at FL 350. Assume Reduced Vertical Separation Minima (RVSM) are not employed. What is the minimal vertical separation it can maintain from a VFR fight in this situation","1,000 ft","None of the above","All of the above","Information not specified by ICAO regulations","1,000 ft","Synthesized"
"Rules of the Air – Part 2","010.05 Part 2 Q0026","Which letter should pilot put in flight rules box of flight plan if they wish to switch from IFR to VFR 'V' 'Y' 'Z' 'X'","Y","None of the above","All of the above","Information not specified by ICAO regulations","Y","Synthesized"
"Rules of the Air – Part 3","010.05 Part 3 Q0001","Which action should ATC take if they suspect a communication loss? Select the most complete answer.","Confirm it by asking the pilot to send a signal or perform a manoeuvre","All answers are correct","Continue to send blind instructions","Employ the light signals if the aircraft is a part of the aerodrome’s traffic pattern","All answers are correct","PDF"
"Rules of the Air – Part 3","010.05 Part 3 Q0002","In case of a fightin Visual Meteorological Condlions (VMC), which action should a pliot take if a communication failure occurs?","Continue in VMC to the nearest aerodrome, land and inform ATC","None of the above","All of the above","Information not specified by ICAO regulations","Continue in VMC to the nearest aerodrome, land and inform ATC","Synthesized"
"Rules of the Air – Part 3","010.05 Part 3 Q0003","In case of a flight in Instrument Meteorological Conditions (IMC) under radar control, what is the first step the pilot should take if a communication failure occurs?","Set the transponder to mode A code 7500 and maintain the last assigned level and speed for 7 minutes","Set the transponder to mode A code 7600 and maintain the last assigned level and speed for 20 minutes","Set the transponder to mode A code 7600 and maintain the last assigned level and speed for 7 minutes","Set the transponder to mode A code 7500 and maintain the last assigned level and speed for 20 minutes","Set the transponder to mode A code 7600 and maintain the last assigned level and speed for 7 minutes","PDF"
"Rules of the Air – Part 3","010.05 Part 3 Q0004","In case of a flight in Instrument Meteorological Conditions (IMC) out of the radar control, what is the first step the pilot should take if a communication failure occurs?","Set the transponder to mode A code 7600 and maintain the last assigned level and speed for 20 minutes","Set the transponder to mode A code 7600 and maintain the last assigned level and speed for 7 minutes","Set the transponder to mode A code 7500 and maintain the last assigned level and speed for 7 minutes","Set the transponder to mode A code 7500 and maintain the last assigned level and speed for 20 minutes","Set the transponder to mode A code 7600 and maintain the last assigned level and speed for 20 minutes","PDF"
"Rules of the Air – Part 3","010.05 Part 3 Q0005","According to Standardised European Rules of the Air (SERA), which situation can be considered an act of unlawful interference? Select the most complete answer.","Aircraft seizure on the ground","All answers are correct","Spreading misinformation","Bringing dangerous materials on board","All answers are correct","PDF"
"Rules of the Air – Part 3","010.05 Part 3 Q0006","If unlawful interference occurs to an aircraft, which code should the flight crew set the transponder to?","7500","7700","7600","There are separate codes for different types of unlawful interference","7500","PDF"
"Rules of the Air – Part 3","010.05 Part 3 Q0008","What can a pilot do to inform that the aircraft is subjected to an act of unlawful interference? (RVSM – Reduced","Vertical Separation Minima)","Change the flight level to the one differing from those assigned for","IFR flights by 1,000 ft (if RVSM are employed)","Change the flight level to the one differing from those assigned for IFR flights by 500 ft (if RVSM are employed)","Change the flight level to the one differing from those assigned for IFR flights by 500 ft (if RVSM are employed)","PDF"
"Rules of the Air – Part 3","010.05 Part 3 Q0009","In which circumstances is an aircraft likely to be intercepted? Select the most complete answer.","When an aircraft experiences communication loss","When an aircraft deviates from the flight plan for a known reason","When an aircraft enters the airspace of a state through a different route from the one stated in the overflight permission","All answers are correct","When an aircraft enters the airspace of a state through a different route from the one stated in the overflight permission","PDF"
"Rules of the Air – Part 3","010.05 Part 3 Q0011","How can the interceptor inform the aircraft it has been intercepted?","By rocking its wings and flashing navigational lights irregularly","By rocking its wings and flashing navigational lights in regular intervals","By performing a breakaway manoeuvre while flashing navigational lights irregularly","By performing a breakaway manoeuvre while flashing navigational lights in regular intervals","By rocking its wings and flashing navigational lights irregularly","PDF"
"Rules of the Air – Part 3","010.05 Part 3 Q0012","What is an aircralt supposed to to ackowledgedge the fact has been intercepted? Select the most complete answer.","All correct","It is regulated only at the national level","It applies only to military aircraft","All of the above","All correct","Synthesized"
"Rules of the Air – Part 3","010.05 Part 3 Q0013","To let the other aircraft proceed, the interceptor should _____. The intercepted aircraft should respond by _____.","perform a breakaway manoeuvre; rocking its wings","perform a breakaway manoeuvre; flashing navigational lights make a level turn to the left; flashing navigational lights make a level turn to the left; rocking its wings","None of the above","All of the above","perform a breakaway manoeuvre; rocking its wings","Synthesized"
"Rules of the Air – Part 3","010.05 Part 3 Q0014","How can an intercepted aircraft inform the interceptor that it cannot land at the designated aerodrome?","By retracting the landing gear and flashing landing lights while overflying the runway","By extending and retracting the landing gear twice and flashing navigational lights while overflying the runway","By rocking its wings and flashing navigational lights while overflying the runway","By rocking its wings and flashing landing lights while overflying the runway","By retracting the landing gear and flashing landing lights while overflying the runway","PDF"
"Rules of the Air – Part 3","010.05 Part 3 Q0015","What does it mean when the interceptor retracts the landing gear while rocking its wings and flashing navigational lights irregularly?","The intercepted aircraft is released","No other answer is correct","The intercepted aircraft is not allowed to land at the indicated aerodrome","The intercepted aircraft is supposed to follow the interceptor to the alternate aerodrome","The intercepted aircraft is supposed to follow the interceptor to the alternate aerodrome","PDF"
"Rules of the Air – Part 3","010.05 Part 3 Q0016","How can the intercepted aircraft inform the interceptor that it cannot comply with the instructions?","By rocking its wings while switching all available lights on and off at regular time intervals","By flashing all available lights irregularly","By switching all available lights on and off at regular time intervals","No other answer is correct","By switching all available lights on and off at regular time intervals","PDF"
"Rules of the Air – Part 3","010.05 Part 3 Q0017","How can the intercepted aircraft inform the interceptor that it is in distress?","By flashing all available lights irregularly","None of the above","All of the above","Information not specified by ICAO regulations","By flashing all available lights irregularly","Synthesized"
"Rules of the Air – Part 3","010.05 Part 3 Q0018","Which phrase cannot be used by the intercepting aircraft?","'LAND HERE'","'DESCEND'","'PROCEED'","LAND HERE'","LAND HERE'","PDF"
"Rules of the Air – Part 3","010.05 Part 3 Q0019","Which phrase cannot be used by the intercepted aircraft?","'AM LOST'","'DESCEND'","'CAN NOT'","No other answer is correct","No other answer is correct","PDF"
"Rules of the Air – Part 3","010.05 Part 3 Q0020","What does the signal mean?","The pilot should proceed to the indicated gate","It does not require any specific action","It varies by contracting state","It is not regulated by ICAO","The pilot should proceed to the indicated gate","Synthesized"
"Rules of the Air – Part 3","010.05 Part 3 Q0022","What does the signal mean?","The pilot should stop the aircraft","The pilot should proceed to the next marshaller","The pilot should proceed to the indicated gate","No other answer is correct","The pilot should stop the aircraft","PDF"
"Rules of the Air – Part 3","010.05 Part 3 Q0023","Which of the displayed signals will the marshaller use to instruct the flight crew to set the brakes?","IV","I","II","III","IV","PDF"
"Rules of the Air – Part 3","010.05 Part 3 Q0025","Which of the displayed signals will the marshaller use to instruct the aircraft to hold position?","II","I","III","IV","II","PDF"
"Rules of the Air – Part 3","010.05 Part 3 Q0026","Which of the displayed signals will the marshaller use to dispatch the aircraft?","I","No other answer is correct","II","III","No other answer is correct","PDF"
"Rules of the Air – Part 3","010.05 Part 3 Q0027","The displayed marshalling signal can be used to instruct/inform the flight crew _____.","to stop the aircraft","to establish communication via interphone","about connecting the ground power","to engage the brakes","about connecting the ground power","PDF"
"Rules of the Air – Part 3","010.05 Part 3 Q0028","Which of the displayed signals will the pilot use to inform the marshaller that the brakes have been engaged?","I","IV","II","III","I","PDF"
"Rules of the Air – Part 3","010.05 Part 3 Q0029","Which of the displayed signals will the pilot use to instruct the marshaller to remove chocks?","IV","III","I","II","II","PDF"
"Rules of the Air – Part 3","010.05 Part 3 Q0030","What does it mean if the pilot raises two fingers in front of the face?","The chocks should be inserted","Two engines are ready to be started","Engine number 2 is ready to be started","The chocks should be removed","Engine number 2 is ready to be started","PDF"
"Aircraft Operations – Part 1","010.06 Part 1 Q0001","What is the name of the document that specifies the recommendations for instrument procedures?","The Air Navigation bulletin","PANS-OPS Doc 8168","The Chicago Convention","ICAO Annex 14","PANS-OPS Doc 8168","PDF"
"Aircraft Operations – Part 1","010.06 Part 1 Q0002","What is instrument procedure design based on?","Headings","No other answer is correct","Radials referenced to true north","Track and bearing","Track and bearing","PDF"
"Aircraft Operations – Part 1","010.06 Part 1 Q0003","What is the pilot expected to do when flying a Standard Instrument Departure (SID) procedure?","Request vectors from ATC to remain on track","Fly a heading and ignore the wind correction","Request clearance from ATC to apply a wind correction","Apply corrections for known wind to remain with the protected area","Apply corrections for known wind to remain with the protected area","PDF"
"Aircraft Operations – Part 1","010.06 Part 1 Q0004","What is a straight departure?","A departure procedure in which the departure track deviation from the extended runway centreline is within 15°","A departure procedure in which the departure track is aligned with the extended runway centreline","A departure procedure in which the departure track deviation from the extended runway centreline is within 30°","A departure procedure in which the departure track deviation from the extended runway centerline is within 15degree","A departure procedure in which the departure track deviation from the extended runway centerline is within 15degree","PDF"
"Aircraft Operations – Part 1","010.06 Part 1 Q0005","The design of an omnidirectional departure has to ensure that _____.","at least 90 m of obstacle clearance is provided before turns greater than 30° can be specified at least 90 m of obstacle clearance is provided before turns greater than 15° can be specified at least 90 ft of obstacle clearance is provided before turns greater than 30° can be specified at least 90 ft of obstacle clearance is provided before turns greater than 15° can be specified","at least 90 m of obstacle clearance is provided before turns greater than 15° can be specified","None of the above","All of the above","at least 90 m of obstacle clearance is provided before turns greater than 15° can be specified","Synthesized"
"Aircraft Operations – Part 1","010.06 Part 1 Q0006","Concerning the ICAO DOC 8168, what does the abbreviation 'DER' stand for?","Departure end of runway","None of the above","All of the above","Information not specified by ICAO regulations","Departure end of runway","Synthesized"
"Aircraft Operations – Part 1","010.06 Part 1 Q0007","What is the value of the standard Procedure Design Gradient (PDG) for a departure procedure?","3.3%","2.8%","5.2%","0.033","0.033","PDF"
"Aircraft Operations – Part 1","010.06 Part 1 Q0008","Which statement is true regarding the protected area in an instrument approach?","- Protected area includes the primary area in the centre and secondary areas on its both sides; full Minimum Obstacle Clearance is provided for the full width of the protected area - Protected area ensures full Minimum Obstacle Clearance only in the middle part of the area; the value is reduced to half-MOC at the area edges - Protected area's total width includes the primary area in the centre and secondary areas on its both sides; full Minimum Obstacle","Clearance is provided only in the middle of the primary area - Protected area's total width includes the primary area in the centre and secondary areas on its both sides; full Minimum Obstacle","Clearance is provided in the primary area only","Protected area's total width includes the primary area in the centre and secondary areas on its both sides; full Minimum Obstacle Clearance is provided in the primary area only","Protected area's total width includes the primary area in the centre and secondary areas on its both sides; full Minimum Obstacle Clearance is provided in the primary area only","Synthesized"
"Aircraft Operations – Part 1","010.06 Part 1 Q0009","Which statement is true regarding the instrument flight procedure fixes?","The location of fixes is defined with limited level of precision due to the limited accuracy of navigation facilities use for designating them","None of the above","All of the above","Information not specified by ICAO regulations","The location of fixes is defined with limited level of precision due to the limited accuracy of navigation facilities use for designating them","Synthesized"
"Aircraft Operations – Part 1","010.06 Part 1 Q0010","Fix tolerance area dimensions depend on _____.","the distance from the facility and accuracy of the navigation aid the distance from the facility multiplied by a tolerance factor a tolerance factor dependent on the type of the navigation aid radial or track","the distance from the facility and accuracy of the navigation aid","None of the above","All of the above","the distance from the facility and accuracy of the navigation aid","Synthesized"
"Aircraft Operations – Part 1","010.06 Part 1 Q0011","Which facility is characterised by the greatest value of the system use accuracy (bearing error)?","NDB","ILS","VOR","No other answer is correct","NDB","PDF"
"Aircraft Operations – Part 1","010.06 Part 1 Q0012","For PBN procedures, cross-track tolerance value is equivalent to _____.","ATT","TSE","0.8·TSE","NSE","TSE","PDF"
"Aircraft Operations – Part 1","010.06 Part 1 Q0013","What is the maximum distance of a FAF from the runway threshold?","10 NM","2 NM","8 NM","4 NM","10 NM","PDF"
"Aircraft Operations – Part 1","010.06 Part 1 Q0014","The optimum approach glide path angle is equal to _____, which corresponds to _____.","3°; 5.2%","3°; 3%","5°; 5.2%","3;5:2%","3;5:2%","PDF"
"Aircraft Operations – Part 1","010.06 Part 1 Q0015","what speed is the aircraft approach performance categorisation based on","Vat","None of the above","All of the above","Information not specified by ICAO regulations","Vat","Synthesized"
"Aircraft Operations – Part 1","010.06 Part 1 Q0016","How can the value of Vat be calculated?","Vat = 1.23·Vso","Vat = 1.3·Vs1g","Vat = 1.3·Vso","Vat=1.3 • Vso","Vat=1.3 • Vso","PDF"
"Aircraft Operations – Part 1","010.06 Part 1 Q0017","What is the range of Vat values for approach category B?","less than 91 kt IAS","91-120 kt IAS","121-140 kt IAS","166-210 kt IAS","91-120 kt IAS","PDF"
"Aircraft Operations – Part 1","010.06 Part 1 Q0018","What is the range of Vat values for approach category A?","Less than 91 kt IAS","It is regulated only at the national level","It applies only to military aircraft","All of the above","Less than 91 kt IAS","Synthesized"
"Aircraft Operations – Part 1","010.06 Part 1 Q0019","What is the range of Vat values for approach category C?","91-120 kt IAS","166-210 kt IAS","141-165 kt IAS","No other answer is correct (121-140 kts)","No other answer is correct (121-140 kts)","PDF"
"Aircraft Operations – Part 1","010.06 Part 1 Q0020","Which of the following is NOT a name of an existing approach procedure?","Omnidirectional approach","None of the above","All of the above","Information not specified by ICAO regulations","Omnidirectional approach","Synthesized"
"Aircraft Operations – Part 1","010.06 Part 1 Q0021","What is the typical radius of the area in which the Minimum Sector Altitude (MSA) is established to provide at least 1,000 ft (300 m) obstacle clearance?","45 NM","25 NM","8 NM","8 km","25 NM","PDF"
"Aircraft Operations – Part 1","010.06 Part 1 Q0022","Minimum Sector Altitude (MSA) published on the approach chart provides obstacle clearance of at least _____.","300 m within 25 NM of the homing facility associated with the approach procedure for the aerodrome","300 m within 25 km of the initial approach fix","1000 ft within 25 NM of the FAF or FAP","1000 m within 25 km of the homing facility associated with the approach procedure for the aerodrome","300 m within 25 NM of the homing facility associated with the approach procedure for the aerodrome","PDF"
"Aircraft Operations – Part 1","010.06 Part 1 Q0023","What is OCA/H The lowest altitude (or height above the threshold or aerodrome elevation) that the pilot can descend to, which provides appropriate obstacle clearance The lowest altitude that the pilot can descend to, which provides appropriate terrain clearance en-route The altitude (or height above the threshold elevation) that is equal to the altitude/height of the highest obstacle in the approach sector No other answer is correct","The lowest altitude(or height above the threshold or aerodrome elevation) that pilot can descend to, which provides appropriate obstacle clearance","It is regulated only at the national level","It applies only to military aircraft","All of the above","The lowest altitude(or height above the threshold or aerodrome elevation) that pilot can descend to, which provides appropriate obstacle clearance","Synthesized"
"Aircraft Operations – Part 1","010.06 Part 1 Q0024","Which statement is true regarding the OCA/H for Precision Approaches (PA) and Approaches with Vertical Guidance (APV)?","The Minimum Obstacle Clearance (MOC) over the highest approach obstacle included in the OCA/H has two fixed values: 75 m (246 ft) for approaches with FAF, and 90 m (295 ft) for approaches without","FAF","The OCA/H for PA and APV is always measured from the Aerodrome","The OCA/H for PA and APV is always measured from the threshold elevation","The OCA/H for PA and APV is always measured from the threshold elevation","PDF"
"Aircraft Operations – Part 1","010.06 Part 1 Q0025","What does AAL mean?","Above aerodrome level","It does not require any specific action","It varies by contracting state","It is not regulated by ICAO","Above aerodrome level","Synthesized"
"Aircraft Operations – Part 1","010.06 Part 1 Q0026","Which statement is true regarding the OCA/H for Non-Precision Approaches (NPA)?","The Minimum Obstacle Clearance (MOC) over the highest approach obstacle included in the OCAIH has two fixed values: 75 m (246 ff) for pproaches with FAF, and 90 m (295 ff) for approaches without FAF","None of the above","All of the above","Information not specified by ICAO regulations","The Minimum Obstacle Clearance (MOC) over the highest approach obstacle included in the OCAIH has two fixed values: 75 m (246 ff) for pproaches with FAF, and 90 m (295 ff) for approaches without FAF","Synthesized"
"Aircraft Operations – Part 1","010.06 Part 1 Q0027","What are operational minima?","- Operational minima are equal to the Minimum Obstacle Clearance (MOC) over the highest obstacle in the approach path, and have a fixed value for each aircraft category - Operational minima are the OCA/H decreased by a safety margin related with favourable meteorological conditions, aircraft performance, crew training, aerodrome specifications etc.","- Operational minima are the OCA/H increased by a safety margin correcting for factors such as meteorological conditions, aircraft performance, crew training, aerodrome specifications etc.","- No other answer is correct","Operational minima are the OCA/H increased by a safety margin correcting for factors such as meteorological crew training, aerodrome specifications etc.","Operational minima are the OCA/H increased by a safety margin correcting for factors such as meteorological crew training, aerodrome specifications etc.","Synthesized"
"Aircraft Operations – Part 1","010.06 Part 1 Q0028","Based on operational conditions, a margin may be added to OCA of a non-precision approach. The resultant value is called____","MDA","None of the above","All of the above","Information not specified by ICAO regulations","MDA","Synthesized"
"Aircraft Operations – Part 1","010.06 Part 1 Q0029","The minimum height to which an aircraft may safely continue its descent while performing a precision approach, without any outside visual cues is called the _____.","Decision Altitude (DA)","operational safety margin","Minimum Descent Altitude (MDA)","Decision Height (DH)","Decision Height (DH)","PDF"
"Aircraft Operations – Part 1","010.06 Part 1 Q0030","Which statement is true regarding the initial approach segment? Select the most complete answer.","- The Minimum Obstacle Clearance (MOC) in the initial approach segment equals at least 492 ft - For precision approaches, the initial approach segment provides a maximum interception angle of the intermediate approach segment equal to 120° - Initial approach segment starts at the IAF and ends at the IF - All answers are correct","Initial approach segment starts at the IAF and ends at the IF","None of the above","All of the above","Initial approach segment starts at the IAF and ends at the IF","Synthesized"
"Aircraft Operations – Part 1","010.06 Part 1 Q0031","Which statement is true regarding the intermediate approach segment? Select the most complete answer.","Intermediate approach segment starts at the IF and ends at the FAF","All answers are correct","The Minimum Obstacle Clearance (MOC) in the intermediate approach segment equals at least 492 ft","All answers are correct: Intermediate approach segment starts at the IF and ends at the FAF, The Minimum Obstacle Clearance (MOC) in the intermediate approach segment equals at least 492 ft, Intermediate approach segment allows for aircraft configuration and speed adjustment for landing","All answers are correct: Intermediate approach segment starts at the IF and ends at the FAF, The Minimum Obstacle Clearance (MOC) in the intermediate approach segment equals at least 492 ft, Intermediate approach segment allows for aircraft configuration and speed adjustment for landing","PDF"
"Aircraft Operations – Part 1","010.06 Part 1 Q0032","Which statement is true regarding the final approach segment? Select the most complete answer.","No other answer is correct","It is the segment of an instrument approach procedure in which alignment and descent for landing are accomplished","It is the segment of an instrument approach procedure between the","IAF and the IF","It is the segment of an instrument approach procedure in which alignment and descent for landing are accomplished","PDF"
"Aircraft Operations – Part 1","010.06 Part 1 Q0033","Which of the following is a name of a manoeuvre allowing for entry into an approach procedure with no IAF or IF specified? Select the most complete answer.","Procedure turn","Holding pattern","Racetrack","All answers are correct","All answers are correct","PDF"
"Aircraft Operations – Part 1","010.06 Part 1 Q0034","A manoeuvre in which an initial turn is made away from the designated track, and then followed by a turn in the opposite direction to allow for the interception of the reciprocal of the designated track is called a _____.","A procedure turn","None of the above","All of the above","Information not specified by ICAO regulations","A procedure turn","Synthesized"
"Aircraft Operations – Part 1","010.06 Part 1 Q0035","What is the name of a turn executed during the initial approach between the end of the outbound track and the beginning of the intermediate or final approach track, on tracks that are not reciprocal?","Based turn","It is regulated only at the national level","It applies only to military aircraft","All of the above","Based turn","Synthesized"
"Aircraft Operations – Part 1","010.06 Part 1 Q0036","What is the name of a procedure designed so as to enable the aircraft to reduce alttude roach, and to establish the aircraft on the inbound track when an enty into a reversal procedure Base turn Procedure turn Racetrack Shuttle","Recetrack","It is regulated only at the national level","It applies only to military aircraft","All of the above","Recetrack","Synthesized"
"Aircraft Operations – Part 2","010.06 Part 2 Q0001","Which statement is true concerning the initial missed approach segment?","- The initial missed approach segment begins where the pilot loses the navaid guidance, and ends when the OCH is passed - The initial missed approach segment begins at the MAPt, and ends when the climb is established - The initial missed approach segment begins at MDH, and ends when 50 m OCH is obtained and can be maintained - The initial missed approach segment begins at the threshold, and ends at the point where the climb is established","The initial missed approach segment begins at the MAPt, and ends when the climb is established","None of the above","All of the above","The initial missed approach segment begins at the MAPt, and ends when the climb is established","Synthesized"
"Aircraft Operations – Part 2","010.06 Part 2 Q0002","During a missed approach phase of an instrument approach, the Minimum Obstacle Clearance (MOC) in the final phase of this missed approach is equal to____","50m 164ft","None of the above","All of the above","Information not specified by ICAO regulations","50m 164ft","Synthesized"
"Aircraft Operations – Part 2","010.06 Part 2 Q0003","Where does the initial phase of a missed approach procedure end?","At the point where a new approach, holding or return to enroute flight is initiated","At the missed approach point","At the point where the climb is established","At the first point where 50 m (164 ft) obstacle clearance is obtained and can be maintained","At the point where the climb is established","PDF"
"Aircraft Operations – Part 2","010.06 Part 2 Q0004","Which of the following is the lowest level for a missed approach procedure?","MDA/H","None of the above","All of the above","Information not specified by ICAO regulations","MDA/H","Synthesized"
"Aircraft Operations – Part 2","010.06 Part 2 Q0005","In what situations is a missed approach necessary? Select the most complete answer.","No ATC clearance is issued for landing","All answers are correct","No visual reference can be established at DA/H or MDA/H","All ans are correct: The approach is unstabilised, No visual reference can be established at DA/H or MDA/H, No ATC clearance is issued for landing","All ans are correct: The approach is unstabilised, No visual reference can be established at DA/H or MDA/H, No ATC clearance is issued for landing","PDF"
"Aircraft Operations – Part 2","010.06 Part 2 Q0006","What should be done if the missed approach is initiated before the MAPt?","The pilot should proceed at present altitude/height, but not lower than the MDA/H for the procedure, until passing the MAPt","The pilot should turn towards the initial approach fix","The pilot should always descend to MDA/H, and then climb to the go around altitude","The pilot must proceed at the procedural altitude until reaching the","The pilot should proceed at present altitude/height, but not lower than the MDA/H for the procedure, until passing the MAPt","PDF"
"Aircraft Operations – Part 2","010.06 Part 2 Q0007","What is a circling approach?","A visual flight manoeuvre keeping the runway environment in sight while at MDA/H","A flight manoeuvre that may be performed as long as visual ground contact can be maintained","A visual flight manoeuvre which can only be conducted in IMC","A visual flight manoeuvre to be performed only when radar vectoring is available","A visual flight manoeuvre keeping the runway environment in sight while at MDA/H","PDF"
"Aircraft Operations – Part 2","010.06 Part 2 Q0008","What is the MDH during a circling approach of a commercial aeroplane category B?","700 ft","400 ft","600 ft","500 ft","500 ft","PDF"
"Aircraft Operations – Part 2","010.06 Part 2 Q0009","What is the MDH during a circling approach of a commercial aeroplane category C?","500 ft","400 ft","No other answer is correct","700 ft","No other answer is correct","PDF"
"Aircraft Operations – Part 2","010.06 Part 2 Q0010","During a circling approach, when can the descent below MDA/H be commenced? Select the most complete answer.","Only the first option","None of the above","Only the third option","All answers are correct: When landing threshold is in sight, When landing is possible without excessive ROD or bank angle, When the visual reference may be established and maintained","All answers are correct: When landing threshold is in sight, When landing is possible without excessive ROD or bank angle, When the visual reference may be established and maintained","Synthesized"
"Aircraft Operations – Part 2","010.06 Part 2 Q0011","Why is there no uniform missed approach procedure for all circling approaches?","Because each circling situation is different due to variables such as runway layout, obstacles, final approach track, wind velocity and meteorological conditions","None of the above","All of the above","Information not specified by ICAO regulations","Because each circling situation is different due to variables such as runway layout, obstacles, final approach track, wind velocity and meteorological conditions","Synthesized"
"Aircraft Operations – Part 2","010.06 Part 2 Q0012","What should be done during a circling approach when the crew loses visual reference on the crosswind or downwind leg?","- A climbing turn should be performed away from the landing runway, until the missed approach track interception is possible - A climbing turn should be performed towards the landing runway to intercept the missed approach procedure of the initial approach - No other answer is correct - An initial turn should be performed towards the landing runway, until the missed approach track interception is possible, and only then the climb may be commenced","A climbing turn should be performed towards the landing runway to intercept the missed approach procedure of the initial approach","None of the above","All of the above","A climbing turn should be performed towards the landing runway to intercept the missed approach procedure of the initial approach","Synthesized"
"Aircraft Operations – Part 2","010.06 Part 2 Q0013","What should be done during a circling approach when the crew loses visual reference on base leg or on final?","- An initial climbing turn should be performed towards the landing runway, or towards the centre of the protected area, until the initial procedure's missed approach track interception is possible - An initial turn should be performed away from the landing runway, until the missed approach track interception is possible - An initial climbing turn should be performed away from the landing runway, until the landing runway's missed approach track interception is possible - An initial turn should be performed towards the landing runway, until the missed approach track interception is possible, and only then the climb may be commenced","An initial climbing turn should be performed towards the landing runway, or towards the centre of the protected area, until the initial procedure's missed approach track interception is possible","None of the above","All of the above","An initial climbing turn should be performed towards the landing runway, or towards the centre of the protected area, until the initial procedure's missed approach track interception is possible","Synthesized"
"Aircraft Operations – Part 2","010.06 Part 2 Q0014","What is the term used for a climb or a descent procedure conducted in a holding pattern?","Shuttle","Racetrack","Vertical manoeuvring","Procedural climb/descent","Shuttle","PDF"
"Aircraft Operations – Part 2","010.06 Part 2 Q0015","Unless otherwise published on the procedure chart or instructed by ATC, what should be the direction of all turns after the initial entry into the holding pattern?","To the left","To the right","First right and then to the left","Teardrop to the left and then to the right","To the right","PDF"
"Aircraft Operations – Part 2","010.06 Part 2 Q0016","What are the characteristics of a standard holding pattern below FL140?","Right hand turns and 1.5 minutes outbound","Left hand turns and 1 minute outbound","Right hand turns and 1 minute outbound","Left hand turn and 1.5 minutes outbound","Right hand turns and 1 minute outbound","PDF"
"Aircraft Operations – Part 2","010.06 Part 2 Q0017","When should the turn be started while flying on the outbound leg of a holding, if legs are specified by 1 NM DME?","As soon as the DME reading is 1 NM","None of the above","All of the above","Information not specified by ICAO regulations","As soon as the DME reading is 1 NM","Synthesized"
"Aircraft Operations – Part 2","010.06 Part 2 Q0018","How to determine the gate radial in a holding pattern?","In a right-hand pattern, it is the inbound radial minus 30°, in a left- hand pattern - the inbound radial increased by 30°","None of the above","All of the above","Information not specified by ICAO regulations","In a right-hand pattern, it is the inbound radial minus 30°, in a left- hand pattern - the inbound radial increased by 30°","Synthesized"
"Aircraft Operations – Part 2","010.06 Part 2 Q0019","What is the rate of turn or bank angle required for turns in a holding pattern?","15° bank angle maximum","30° bank angle maximum","5° per second","3degree per sec","3degree per sec","PDF"
"Aircraft Operations – Part 2","010.06 Part 2 Q0020","How long does it take to complete a standard holding below FL140?","5 minutes","6 minutes","4 minutes","4 min","4 min","PDF"
"Aircraft Operations – Part 2","010.06 Part 2 Q0021","How far beyond the boundary of the holding area does the buffer area extend to?","5 km","5 NM","6 NM","6 km","5 NM","PDF"
"Aircraft Operations – Part 2","010.06 Part 2 Q0022","What is the minimum obstacle clearance guaranteed at a range of 6 NM from the boundary (edge) of the holding area?","0 m","90 m (295 ft)","150 m (492 ft)","300 m (984 ft)","0 m","PDF"
"Aircraft Operations – Part 2","010.06 Part 2 Q0023","An aircraft is flying a holding pattern. Which adjustments should be made by the pilot to remain within the protected area of the holding pattern?","Heading and timing","None of the above","All of the above","Information not specified by ICAO regulations","Heading and timing","Synthesized"
"Aircraft Operations – Part 2","010.06 Part 2 Q0024","In a holding pattern, the pilot should attempt to maintain the holding _____ by making adjustments for wind, applying","corrections to _____ during entry and while flying the holding pattern.","heading; track and timing","heading; timing","Track; heading and timing","Track; heading and timing","PDF"
"Aircraft Operations – Part 2","010.06 Part 2 Q0025","What does the abbreviation ""WCA' stand for?","Wind Correction Angle","It does not require any specific action","It varies by contracting state","It is not regulated by ICAO","Wind Correction Angle","Synthesized"
"Aircraft Operations – Part 2","010.06 Part 2 Q0026","What is the maximum value of the wind correction angle on the outbound leg of a holding pattern?","15°","30°","45°","20°","30°","PDF"
"Aircraft Operations – Part 2","010.06 Part 2 Q0027","What is the maximum bank angle during turns in a holding pattern?","25°","It is regulated only at the national level","It applies only to military aircraft","All of the above","25°","Synthesized"
"Aircraft Operations – Part 2","010.06 Part 2 Q0028","What is the maximum holding speed for a passenger jet at FL110?","230 kts IAS","It is regulated only at the national level","It applies only to military aircraft","All of the above","230 kts IAS","Synthesized"
"Aircraft Operations – Part 2","010.06 Part 2 Q0029","What is the maximum holding speed for a passenger jet at FL210 in turbulent conditions?","0.82 Ma","265 kt","230 kt","280 kt","280 kt","PDF"
"Aircraft Operations – Part 2","010.06 Part 2 Q0030","The crew of an aircraft holding at the lowest holding level over the SPY VOR experience an engine malfunction and are unable to maintain the cleared flight level. What should they do?","The crew should immediately inform the ATC","None of the above","All of the above","Information not specified by ICAO regulations","The crew should immediately inform the ATC","Synthesized"
"Aircraft Operations – Part 2","010.06 Part 2 Q0031","Regarding the three entry sectors, the type of entry into the holding pattern should be determined according to the _____.","magnetic heading","None of the above","All of the above","Information not specified by ICAO regulations","magnetic heading","Synthesized"
"Aircraft Operations – Part 2","010.06 Part 2 Q0032","What are the names of holding entry procedures?","Parallel entry, teardrop entry, direct entry","Offset entry, direct entry, teardrop entry","Parallel entry, teardrop entry, holdover entry","Parallel entry, teardrop entry, offset entry","Parallel entry, teardrop entry, direct entry","PDF"
"Aircraft Operations – Part 2","010.06 Part 2 Q0033","What is the heading range for an aircraft approaching the holding fix to be able to perform the parallel entry?","Between outbound heading and 70° into the non-holding side","From 110° into the non-holding side to 70° into the holding side","Between outbound heading and outbound minus 70°","Between outbound heading and 110° into the holding side","Between outbound heading and 110° into the holding side","PDF"
"Aircraft Operations – Part 2","010.06 Part 2 Q0034","What is the heading range for an aircraft approaching the holding fix to be able to perform the teardrop entry?","From 70° into the non-holding side to 50° into the holding side","From 110° into the non-holding side to 70° into the holding side","Between outbound heading and 70° into the non-holding side","No other answer is correct","Between outbound heading and 70° into the non-holding side","PDF"
"Aircraft Operations – Part 2","010.06 Part 2 Q0035","The crew has to carry out an offset entry procedure to enter a holding pattern. What is the required track divergence from the reciprocal inbound track when passing the fix towards the outbound leg?","45°","30°","20°","30","30","PDF"
"Aircraft Operations – Part 2","010.06 Part 2 Q0036","What is the heading range for an aircraft approaching the holding fix to be able to perform the offset entry?","Between outbound heading and 110° into the holding side","No other answer is correct","Between outbound heading and 60° into the holding side","No ans is correct","No ans is correct","PDF"
"Aircraft Operations – Part 2","010.06 Part 2 Q0037","What is the heading range for an aircraft approaching the holding fix to be able to perform the direct entry?","From 70° into the non-holding side to 50° into the holding side","From 110° into the non-holding side to 70° into the holding side","Between outbound heading and 110° into the holding side","Between outbound heading and 60° into the holding side","From 110° into the non-holding side to 70° into the holding side","PDF"
"Aircraft Operations – Part 2","010.06 Part 2 Q0038","What must be specified in the ATC clearance if an aircraft was instructed to hold on arrival? Select the most complete answer.","The time aircraft is expected to leave holding","None of the above","All of the above","Information not specified by ICAO regulations","The time aircraft is expected to leave holding","Synthesized"
"Aircraft Operations – Part 3","010.06 Part 3 Q0001","What is the main purpose of altimeter setting?","To provide horizontal separation during all phases of flight","To provide terrain clearance and vertical separation between aircraft during all phases of flight","To provide terrain clearance and horizontal separation between aircraft during all phases of flight","To provide vertical separation between aircraft and an input for SSR ground facilities during all phases of flight","To provide terrain clearance and vertical separation between aircraft during all phases of flight","PDF"
"Aircraft Operations – Part 3","010.06 Part 3 Q0002","What is QFE?","Pressure setting of the altimeter subscale resulting in an indication of the aircraft's height above the reference elevation being used","It is regulated only at the national level","It applies only to military aircraft","All of the above","Pressure setting of the altimeter subscale resulting in an indication of the aircraft's height above the reference elevation being used","Synthesized"
"Aircraft Operations – Part 3","010.06 Part 3 Q0003","What is QNH? Select the most complete answer.","Only the first option","None of the above","Only the third option","All answers are correct: Pressure setting of the altimeter below the Transition Altitude, Pressure setting of the altimeter subscale resulting in an indication of the aircraft's altitude above the mean sea level, Pressure setting of the altimeter subscale resulting in an indication of the runway elevation on the take-off roll","All answers are correct: Pressure setting of the altimeter below the Transition Altitude, Pressure setting of the altimeter subscale resulting in an indication of the aircraft's altitude above the mean sea level, Pressure setting of the altimeter subscale resulting in an indication of the runway elevation on the take-off roll","Synthesized"
"Aircraft Operations – Part 3","010.06 Part 3 Q0004","What is the value of QNE?","1013.2 hPa","1015 hPa","1031.2 hPa","1000 hPa","1013.2 hPa","PDF"
"Aircraft Operations – Part 3","010.06 Part 3 Q0005","When should the transition from altitude to flight level take place?","At transition level during climb","At transition altitude during climb","At transition altitude during descent","At transition level during descent","At transition altitude during climb","PDF"
"Aircraft Operations – Part 3","010.06 Part 3 Q0006","What is the transition altitude?","The altitude at which 1013.2 hPa has to be set during a climb for the vertical position to be then reported as flight levels","It is regulated only at the national level","It applies only to military aircraft","All of the above","The altitude at which 1013.2 hPa has to be set during a climb for the vertical position to be then reported as flight levels","Synthesized"
"Aircraft Operations – Part 3","010.06 Part 3 Q0007","In the standard atmosphere, FL100 is equivalent to _____.","3,050 m","10,000 m","305 m","4,300 m","3,050 m","PDF"
"Aircraft Operations – Part 3","010.06 Part 3 Q0008","How should the vertical position of an aircraft be reported at or above the transition level?","As altitude","As either altitude or a flight level","As height","As a flight level","As a flight level","PDF"
"Aircraft Operations – Part 3","010.06 Part 3 Q0009","What is a flight level?","A surface of constant atmospheric pressure referenced to the mean sea level pressure, separated from others by a variable pressure interval","A surface of constant atmospheric pressure referenced to the mean sea level pressure, separated from others by a specified pressure interval","A surface of constant atmospheric pressure referenced to the standard pressure surface, separated from others by a specified pressure interval","No other answer is correct","A surface of constant atmospheric pressure referenced to the standard pressure surface, separated from others by a specified pressure interval","PDF"
"Aircraft Operations – Part 3","010.06 Part 3 Q0010","Which statement is true concerning FL0?","FL0 is co-located with the standard pressure surface","FL0 is located at the ground level","FL0 is located at the MSL","FL0 location is determined by each state and published in the AIP","FL0 is co-located with the standard pressure surface","PDF"
"Aircraft Operations – Part 3","010.06 Part 3 Q0011","What is the transition layer?","The portion of airspace between the transition altitude and the transition level","The portion of airspace above the transition altitude","The distance between the transition altitude and the transition level","The portion of airspace below the transition level","The portion of airspace between the transition altitude and the transition level","PDF"
"Aircraft Operations – Part 3","010.06 Part 3 Q0012","Which statement is true regarding the transition level?","Transition level is published for each aerodrome in the ENR section of the AIP","Transition level is the lowest flight level available for use above the transition altitude","Transition level is calculated and declared for an approach by the","Pilot-in-Command","Transition level is the lowest flight level available for use above the transition altitude","PDF"
"Aircraft Operations – Part 3","010.06 Part 3 Q0013","How should the vertical position of the aircraft be expressed during flight through the transition layer?","The vertical position of the aircraft should be expressed as altitude above mean sea level during descent","The vertical position of the aircraft should be expressed as a flight level during descent","The vertical position of the aircraft should be expressed as altitude above mean sea level during climb","The vertical position of the aircraft should be expressed as either altitude above mean sea level or flight level during climb","The vertical position of the aircraft should be expressed as altitude above mean sea level during descent","PDF"
"Aircraft Operations – Part 3","010.06 Part 3 Q0014","How should the vertical position of the aircraft be expressed during approach? Select the most complete answer.","If the approach clearance was received and the descent for landing is commenced, aircraft vertical position may be reported as altitude even when flying above the transition level","None of the above","All of the above","Information not specified by ICAO regulations","If the approach clearance was received and the descent for landing is commenced, aircraft vertical position may be reported as altitude even when flying above the transition level","Synthesized"
"Aircraft Operations – Part 3","010.06 Part 3 Q0015","Who is responsible for establishing the transition altitude for an aerodrome?","The aerodrome authorities","No other answer is correct","The Air Traffic Services","The state authorities","The state authorities","PDF"
"Aircraft Operations – Part 3","010.06 Part 3 Q0016","Which aerodromes may a common transition altitude be established for? Select the most complete answer.","Closely spaced aerodromes with coordinated procedures","All aerodromes of a FIR, state or ICAO region","All answers are correct","All answers are correct: Closely spaced aerodromes with coordinated procedures, All aerodromes of a FIR, state or ICAO region, A group of aerodromes from a FIR, state or ICAO region","All answers are correct: Closely spaced aerodromes with coordinated procedures, All aerodromes of a FIR, state or ICAO region, A group of aerodromes from a FIR, state or ICAO region","PDF"
"Aircraft Operations – Part 3","010.06 Part 3 Q0017","If there are two or more aerodromes close to each other and coordinated procedures are required, which transition altitude is normally used as a common one?","The mean value of the two transition altitudes","The highest transition altitude","The transition altitude that all aerodromes agree on","The lowest transition altitude","The highest transition altitude","PDF"
"Aircraft Operations – Part 3","010.06 Part 3 Q0018","Which statement is true concerning the calculated height of the transition altitude?","The calculated height of the transition altitude should be rounded up to the next full 1,000 ft","The calculated height of the transition altitude should be rounded up to the next full 500 ft","The calculated height of the transition altitude should be rounded down to the next full 500 ft","The calculated height of the transition altitude should be rounded down to the next full 1,000 ft","The calculated height of the transition altitude should be rounded up to the next full 1,000 ft","PDF"
"Aircraft Operations – Part 3","010.06 Part 3 Q0019","When should a common transition level be specified for closely spaced aerodromes?","When the same runway is in use","When it is requested by air operators","When it is requested by the ATC","When a common transition altitude was established","When a common transition altitude was established","PDF"
"Aircraft Operations – Part 3","010.06 Part 3 Q0020","When should the transition level be passed to an aircraft before the approach and landing?","No later than prior to IAF","None of the above","All of the above","Information not specified by ICAO regulations","No later than prior to IAF","Synthesized"
"Aircraft Operations – Part 3","010.06 Part 3 Q0021","What pressure should be set on at least one altimeter prior to take-off?","QFE","QNH","STD","QNE","QNH","PDF"
"Aircraft Operations – Part 3","010.06 Part 3 Q0022","When should the QNH be passed to an arriving aircraft?","This was the correct answer","In the approach clearance or the clearance to join the traffic pattern, but no later than descending below the transition level","In the descent clearance","On the approach track interception","In the approach clearance or the clearance to join the traffic pattern, but no later than descending below the transition level","PDF"
"Aircraft Operations – Part 3","010.06 Part 3 Q0023","What is the maximum allowed divergence of the extended centrelines of two runways to be regarded as parallel runways?","15°","5°","20°","10°","15°","PDF"
"Aircraft Operations – Part 3","010.06 Part 3 Q0024","What is the name of a zone established on both sides of the final approach track or course, which allows for slight deviations during the approach?","No Transgression Zone (NTZ)","Obstacle Identification Zone (OIZ)","Approach Identification Surface (AIS)","Normal Operating Zone (NOZ)","Normal Operating Zone (NOZ)","PDF"
"Aircraft Operations – Part 3","010.06 Part 3 Q0025","What is the minimum width of a No Transgression Zone (NTZ)?","610 m (2,000 ft)","It is regulated only at the national level","It applies only to military aircraft","All of the above","610 m (2,000 ft)","Synthesized"
"Aircraft Operations – Part 3","010.06 Part 3 Q0026","The No Transgression Zone (NTZ) extends from _____ to _____.","the threshold of the nearer runway; the point at which 1,000 ft vertical separation is reduced between aircraft","None of the above","All of the above","Information not specified by ICAO regulations","the threshold of the nearer runway; the point at which 1,000 ft vertical separation is reduced between aircraft","Synthesized"
"Aircraft Operations – Part 3","010.06 Part 3 Q0027","What should be done if the distance between the centrelines of parallel runways is smaller than a specified minimum value?","Both runways can be used for simultaneous departures and simultaneous arrivals, alternatingly","One of the runways should be dedicated to approach operations, and the other – to departures only","The runway pair should be treated as a single runway","No other answer is correct","The runway pair should be treated as a single runway","PDF"
"Aircraft Operations – Part 3","010.06 Part 3 Q0028","What does it mean when two parallel runways are used for segregated operations?","One of the runways is dedicated to approach operations, and the other is used for departures only","Both runways are used for simultaneous departures and","simultaneous arrivals, alternatingly","The runways are used interchangeably for approach and departure operations","One of the runways is dedicated to approach operations, and the other is used for departures only","PDF"
"Aircraft Operations – Part 3","010.06 Part 3 Q0029","With reference to parallel runway operations, what are mixed operations?","A mode of aerodrome operations in which one runway is used exclusively for approaches, while the second one may be utilised for either approaches or departures","No other answer is correct","A mode of aerodrome operations in which one runway can be used exclusively for departures, while for the second one both approaches and departures are allowed","A mode of aerodrome operations in which all types of operations are permitted on both runways","A mode of aerodrome operations in which all types of operations are permitted on both runways","PDF"
"Aircraft Operations – Part 3","010.06 Part 3 Q0030","Regarding aircraft vectoring, what is the maximum allowed angle of final approach track interception it should allow for?","90°","45°","30°","60°","30°","PDF"
"Aircraft Operations – Part 3","010.06 Part 3 Q0031","Each pair of parallel approaches has a high and low approach side. What is the minimum radar vertical separation that applies until each of the aircraft is established on their own final approach track?","1,000 ft","None of the above","All of the above","Information not specified by ICAO regulations","1,000 ft","Synthesized"
"Aircraft Operations – Part 3","010.06 Part 3 Q0032","What is the minimum radar horizontal separation that applies to aircraft flying an approach to parallel runways until they are both established on their own final approach track?","3 NM","2 NM","5 NM","8 NM","3 NM","PDF"
"Aircraft Operations – Part 3","010.06 Part 3 Q0033","Whenever there is a serviceable transponder onboard the aircraft, it should be switched on _____.","at all times during flight, regardless of whether the aircraft is within or outside airspace where SSR is used for ATS purposes","None of the above","All of the above","Information not specified by ICAO regulations","at all times during flight, regardless of whether the aircraft is within or outside airspace where SSR is used for ATS purposes","Synthesized"
"Aircraft Operations – Part 3","010.06 Part 3 Q0034","In what increments should the pressure altitude be reported by Mode C transponder, according to ICAO Annex 6?","25 m","25 ft","100 ft","100 m","100 ft","PDF"
"Aircraft Operations – Part 3","010.06 Part 3 Q0035","When should the IDENT button be operated?","On entering a new airspace when operating a Mode C transponder","Only when requested by the ATC","When operating outside of a controlled airspace","When operating within a controlled airspace","Only when requested by the ATC","PDF"
"Aircraft Operations – Part 3","010.06 Part 3 Q0036","Which Mode A code is an aircraft equipped with an SSR transponder expected to operate on to indicate specifically that it is subjected to an act of unlawful interference?","7000","7700","7500","7600","7500","PDF"
"Aircraft Operations – Part 3","010.06 Part 3 Q0037","What squawk should be set on the transponder in case of two-way radiocommunication loss, if the code assigned by the ATC is 5320?","Code 5320 Mode C","Code 7600 Mode C","Code 7700 Mode C","Code 7500 Mode C","Code 7600 Mode C","PDF"
"Aircraft Operations – Part 3","010.06 Part 3 Q0038","Which statement is true concerning a situation, in which during a preflight check the SSR transponder is found to be inoperative and immediate repair is not possible?","A flight to the closest aerodrome, at which a repair can be made, is permitted","The flight can be continued only to the destination airport","The flight can be continued to destination airport, but only under VFR in VMC","The flight can not be commenced","A flight to the closest aerodrome, at which a repair can be made, is permitted","PDF"
"Aircraft Operations – Part 3","010.06 Part 3 Q0039","What is Mode S transponder mandatory for? Select the most complete answer.","All answers are correct","Flying an Instrument Approach Procedure (IAP)","Traffic alert and Collision Avoidance System (TCAS)","Enhanced Ground Proximity Warning System (EGPWS)","Traffic alert and Collision Avoidance System (TCAS)","PDF"
"Aircraft Operations – Part 3","010.06 Part 3 Q0040","Which of the following statements is true concerning a situation where a Traffic Advisory (TA) occurs?","A TA warns the crew and suggests increasing horizontal separation","An immediate climb or descent is required, depending on the information provided in the TA","A TA helps the crew enhance visual separation","The pilots should visually search for the traffic","The pilots should visually search for the traffic","PDF"
"Aircraft Operations – Part 3","010.06 Part 3 Q0041","When flying at FL340, TCAS instructs you to descend at a rate of 2,000 fpm. A few seconds later another TCAS RA is issued with an instruction to climb at a rate of 2,000 fpm. What should be done?","The crew should ignore the TCAS RAs, because it is possible that you device is not working properly","The crew should look out through the cockpit window to check for any conflicting traffic","The crew should pitch up and climb at a rate of 2000 fpm immediately","The crew should stay at FL340 and wait for ATC instructions","The crew should pitch up and climb at a rate of 2000 fpm immediately","PDF"
"Aircraft Operations – Part 3","010.06 Part 3 Q0042","When can a pilot deviate from a Resolution Advisory (RA)?","Never","If ATC instructions differ","Always, because it is the decision of the commander","If following such RA would jeopardize the safe operation of the flight","If following such RA would jeopardize the safe operation of the flight","PDF"
"Aircraft Operations – Part 3","010.06 Part 3 Q0043","When is it mandatory for the crew to inform the ATC about receiving a TCAS RA?","Only once the situation is resolved","Before performing any manoeuvre","At any moment during the manoeuvre when time permits","In a written report filed maximum 72 hrs after the flight","At any moment during the manoeuvre when time permits","PDF"
"Aircraft Operations – Part 3","010.06 Part 3 Q0044","Which legislation act applies to aircraft operations?","Doc 4444","Commission Regulation (EU) No 965/2012","Doc 9613","Commission Regulation (EU) No 1178/2011","Commission Regulation (EU) No 965/2012","PDF"
"Aircraft Operations – Part 3","010.06 Part 3 Q0045","Which annex of the Commission Regulation (EU) No 965/2012 refers to non-commercial operations with complex-motor-powered aircraft?","Annex IV: Part-CAT","Annex VII: Part-NCO","Annex VI: Part-NCC","Annex III: Part-ORO","Annex VI: Part-NCC","PDF"
"Aircraft Operations – Part 3","010.06 Part 3 Q0046","What is the name of a site that serves exclusively for operations conducted in the public interest, i.e. hospital landing site?","Helicopter Emergency Medical Services Site (HEMSS)","Public Interest Site (PIS)","Air Ambulance Site (AAS)","Point-in-Space Site (PinSS)","Public Interest Site (PIS)","PDF"
"Aircraft Operations – Part 3","010.06 Part 3 Q0047","Under which category are tilt-rotor aircraft classified?","Complex-motor-powered aircraft","None of the above","All of the above","Information not specified by ICAO regulations","Complex-motor-powered aircraft","Synthesized"
"Air Traffic Services & Air Traffic Management – Part 1","010.07 Part 1 Q0001","What is the purpose of providing Air Traffic Services (ATS)? Choose the","most complete answer.","Preventing collisions between controlled air traffic, and expediting and maintaining an orderly flow of air traffic","Preventing collisions between aircraft, between aircraft and obstacles in the manoeuvring area, and expediting and maintaining an orderly flow of air traffic","Applying adequate separations between aircraft, and expediting and maintaining an orderly flow of traffic in the manoeuvring area","Preventing collisions between aircraft, between aircraft and obstacles in the manoeuvring area, and expediting and maintaining an orderly flow of air traffic","PDF"
"Air Traffic Services & Air Traffic Management – Part 1","010.07 Part 1 Q0002","What are the names of the three basic types of Air Traffic Services?","Area Control Service, Aerodrome Control Service, Alerting Service","Air Traffic Control Service, Flight Information Service, Advisory Service","Area Control Service, Approach Control Service, Aerodrome Control Service","Air Traffic Control Service, Flight Information Service, Alerting Service","Air Traffic Control Service, Flight Information Service, Alerting Service","PDF"
"Air Traffic Services & Air Traffic Management – Part 1","010.07 Part 1 Q0003","What are the names of the three basic units of Air Traffic Control Services?","Area Control Service, Approach Control Service, Alerting Service","Air Traffic Control Service, Flight Information Service, Advisory Service","Area Control Service, Aerodrome Control Service, Alerting Service","Area Control Service, Approach Control Service, Aerodrome Control Service","Area Control Service, Approach Control Service, Aerodrome Control Service","PDF"
"Air Traffic Services & Air Traffic Management – Part 1","010.07 Part 1 Q0004","How is the airspace divided according to international regulations?","Into Flight Information Regions (FIRs) and Upper Flight Information Regions (UIRs)","Into Lower Information Regions (LIRs) and Upper Information Regions (UIRs)","Into Flight Information Regions (FIRs) and Advanced Flight Information Regions (AIRs)","Into Flight Information Regions (FIRs) and Controlled Flight Regions (CTAs)","Into Flight Information Regions (FIRs) and Upper Flight Information Regions (UIRs)","PDF"
"Air Traffic Services & Air Traffic Management – Part 1","010.07 Part 1 Q0005","Which services are provided in both FIRs and UIRs?","Area Control Service, Aerodrome Control Service and Alerting Service","Flight Information Service and Alerting Service","Air Traffic Control Service and Flight Information Service","Air Traffic Control Service and Advisory Service","Flight Information Service and Alerting Service","PDF"
"Air Traffic Services & Air Traffic Management – Part 1","010.07 Part 1 Q0006","Which statement is true concerning ATC separation?","ATC separation is provided between VFR flights in class F airspace","ATC separation is provided between IFR and VFR flights in class C and D airspace","ATC separation is provided between IFR and VFR flights in class C airspace","ATC separation is provided between IFR and VFR flights in class A and B airspace","ATC separation is provided between IFR and VFR flights in class C airspace","PDF"
"Air Traffic Services & Air Traffic Management – Part 1","010.07 Part 1 Q0007","What is the speed limit for IFR flights in class A airspace?","250 kt at or below FL100, no speed limit above FL100","There is no speed limit in class A airspace","250 kt","250 km/h","There is no speed limit in class A airspace","PDF"
"Air Traffic Services & Air Traffic Management – Part 1","010.07 Part 1 Q0009","Which statement is true concerning flights in class C airspace?","IFR flights are separated from both IFR and VFR; VFR flights are separated from IFR flights, but receive only traffic information about other VFR flights","VFR flights are not separated from other flights","No other answer is correct","IFR and VFR flights are separated from each other","IFR flights are separated from both IFR and VFR; VFR flights are separated from IFR flights, but receive only traffic information about other VFR flights","PDF"
"Air Traffic Services & Air Traffic Management – Part 1","010.07 Part 1 Q0010","Which statement is true concerning flights in class C airspace?","VFR flights are not allowed","There is no speed limit for IFR flights irrespective of flight level","The maximum IAS permitted for an IFR flight is equal to 250 kt","There is no speed limit for IFR flights irrespective of flight level.","There is no speed limit for IFR flights irrespective of flight level.","PDF"
"Air Traffic Services & Air Traffic Management – Part 1","010.07 Part 1 Q0011","Which statement is true concerning flights in class D airspace?","VFR flights are not allowed","IFR flights are not separated from other flights","VFR flights are not separated from other flights","IFR and VFR flights are separated from each other","VFR flights are not separated from other flights","PDF"
"Air Traffic Services & Air Traffic Management – Part 1","010.07 Part 1 Q0012","Which statement is true concerning flights in all airspace classes (A to G)?","Generally, IFR flights are not subject to any speed limits","Generally, there are no speed limits for all flights above FL100","IFR flights are always separated from other IFR flights","VFR flights are never separated from each other","Generally, there are no speed limits for all flights above FL100","PDF"
"Air Traffic Services & Air Traffic Management – Part 1","010.07 Part 1 Q0013","Which statement is true concerning flights in class E airspace?","IFR flights are separated from other IFR flights only","None of the above","All of the above","Information not specified by ICAO regulations","IFR flights are separated from other IFR flights only","Synthesized"
"Air Traffic Services & Air Traffic Management – Part 1","010.07 Part 1 Q0014","Which statement is true concerning flights in class F airspace?","ATC clearance is required","IFR and VFR flights are separated from each other","If practical, air traffic advisory service may be responsible for providing separations between IFR flights","Two-way radiocommunication is not required","If practical, air traffic advisory service may be responsible for providing separations between IFR flights","PDF"
"Air Traffic Services & Air Traffic Management – Part 1","010.07 Part 1 Q0015","Which statement is true concerning flights in class G airspace?","IFR flights are separated from other IFR flights only","IFR and VFR flights are not separated from each other","No other answer is correct","ATC clearance is required","IFR and VFR flights are not separated from each other","PDF"
"Air Traffic Services & Air Traffic Management – Part 1","010.07 Part 1 Q0016","Which airspace classes form the uncontrolled airspace?","E and G","E and F","D, F and G","F and G","F and G","PDF"
"Air Traffic Services & Air Traffic Management – Part 1","010.07 Part 1 Q0017","What is a controlled flight?","Any IFR flight","Any flight subject to an ATC clearance","Any flight in G airspace","Any flight in C, D or E airspace","Any flight subject to an ATC clearance","PDF"
"Air Traffic Services & Air Traffic Management – Part 1","010.07 Part 1 Q0018","What is a Control Area (CTA)?","Area within the FIR where ATC service is provided to VFR flights","Airspace class A, B and C","Area within the FIR where ATC service is provided to IFR flights","Area with the FIR where ATC service is provided to IFR flights.","Area with the FIR where ATC service is provided to IFR flights.","PDF"
"Air Traffic Services & Air Traffic Management – Part 1","010.07 Part 1 Q0019","What is the minimum height of the CTA's lower limit?","3,000 ft (900 m) AAL","700 ft (200 m) AGL","3,000 ft (900 m) AMSL","700 ft (200 m) AMSL","700 ft (200 m) AGL","PDF"
"Air Traffic Services & Air Traffic Management – Part 1","010.07 Part 1 Q0020","What is a Terminal Control Area (TMA)? Select the most complete","answer.","A circular area of increased traffic flow surrounding an aerodrome, centred in its geographical centre, where ATS routes intersect","All answers are correct","An area containing the paths of IFR arrival and departure routes within 5 NM from the aerodrome centre","A circular area of increased traffic flow surrounding an aerodrome, centred in its geographical centre, where ATS routes intersect","PDF"
"Air Traffic Services & Air Traffic Management – Part 1","010.07 Part 1 Q0021","Which statement is true concerning the UIRs, upper airspace CTAs and FIRs?","One UIR usually covers a few FIRs to limit the number of controlled airspace areas the aircraft would have to operate through","None of the above","All of the above","Information not specified by ICAO regulations","One UIR usually covers a few FIRs to limit the number of controlled airspace areas the aircraft would have to operate through","Synthesized"
"Air Traffic Services & Air Traffic Management – Part 1","010.07 Part 1 Q0022","To whom should the ATC service be provided? Select the most complete","answer.","All answers are correct","To all IFR flights in A, B, C, D, E airspace, and all VFR flights in B, C, D airspace","To VFR SPEC flights","All answers are correct","PDF"
"Air Traffic Services & Air Traffic Management – Part 1","010.07 Part 1 Q0023","Which unit may be responsible for providing approach control service? Select the most complete answer.","All answers are correct","Area Control Centre","Aerodrome Control Tower","Approach Control Office","All answers are correct","PDF"
"Air Traffic Services & Air Traffic Management – Part 1","010.07 Part 1 Q0024","What is the role of the ATC service? Select the most complete answer.","To determine the aircraft's position relative to the severe weather in the aerodrome vicinity","All answers are correct","To provide separations between all flights","To issue and coordinate clearances","To issue and coordinate clearances","PDF"
"Air Traffic Services & Air Traffic Management – Part 1","010.07 Part 1 Q0025","With reference to the European regulations, what is the primary time standard for ATS purposes?","LMT (Local Mean Time)","CEST (Central European Summer Time)","Coordinated Universal Time (UTC)","CET (Central European Time)","Coordinated Universal Time (UTC)","PDF"
"Air Traffic Services & Air Traffic Management – Part 1","010.07 Part 1 Q0026","What are the basic elements of an ATC clearance?","Aircraft identification, frequency, route, speed, flight level","Aircraft identification, clearance limit, Mach number, altitude","Aircraft identification, clearance limit, SID, EOBT","Aircraft identification, clearance limit, route, flight level","Aircraft identification, clearance limit, route, flight level","PDF"
"Air Traffic Services & Air Traffic Management – Part 1","010.07 Part 1 Q0027","Who provides the Flight Information Service?","Flight Information Centre (FIC) within CTA, CTR and TMA","Flight Information Centre (FIC) or ATC unit within CTA, CTR and TMA; ATC unit only within FIR","No other answer is correct","Flight Information Centre (FIC) or ATC unit within FIR; ATC unit only within CTA, CTR and TMA","Flight Information Centre (FIC) or ATC unit within FIR; ATC unit only within CTA, CTR and TMA","PDF"
"Air Traffic Services & Air Traffic Management – Part 1","010.07 Part 1 Q0028","What information is provided by the Flight Information Service? Select the","most complete answer.","All answers are correct","Serviceability of navaids","Weather information","All answers are correct","PDF"
"Air Traffic Services & Air Traffic Management – Part 1","010.07 Part 1 Q0029","What does the abbreviation 'ATIS' stand for?","Automatic Terminal Information Service","It does not require any specific action","It varies by contracting state","It is not regulated by ICAO","Automatic Terminal Information Service","Synthesized"
"Air Traffic Services & Air Traffic Management – Part 1","010.07 Part 1 Q0030","Which frequencies may be used for the voice-ATIS broadcast?","121.500 MHz and 123.450 MHz","VOR radio frequencies or ILS LOC radio frequencies","The VHF aeronautical voice communication band or VOR radio frequencies","HF band","The VHF aeronautical voice communication band or VOR radio frequencies","PDF"
"Air Traffic Services & Air Traffic Management – Part 1","010.07 Part 1 Q0031","What information has to be provided in the ATIS?","No other answer is correct","Winds aloft","Transition altitude","ATIS frequency","No other answer is correct","PDF"
"Air Traffic Services & Air Traffic Management – Part 1","010.07 Part 1 Q0032","What information should be transmitted by an aircraft on the initial contact with air traffic services of an aerodrome providing ATIS?","Message designator","QNH","Message designator, QNH and wind data","QNH and wind data","Message designator","PDF"
"Air Traffic Services & Air Traffic Management – Part 1","010.07 Part 1 Q0033","Who should be provided with the Alerting Service? Select the most","complete answer.","Every aircraft which has filed a flight plan or is known to ATS","All answers are correct","Any aircraft that is a subject of unlawful interference","All answers are correct","PDF"
"Air Traffic Services & Air Traffic Management – Part 1","010.07 Part 1 Q0034","Who is responsible for coordinating the conduct of search and rescue operations?","Flight Information Centre (FIC)","Area Control Centre (ACC)","Aerodrome Control Tower (TWR)","Rescue Coordination Centre (RCC","Rescue Coordination Centre (RCC","PDF"
"Air Traffic Services & Air Traffic Management – Part 1","010.07 Part 1 Q0035","What is the frequency of the aeronautical emergency channel?","121.000 GHz","121.500 MHz","234.000 kHz","123.450 MHz","121.500 MHz","PDF"
"Air Traffic Services & Air Traffic Management – Part 1","010.07 Part 1 Q0036","What is the name of the emergency phase referring to a situation, in which it is uncertain if an aircraft and its occupants are safe?","INCERFA","ALERFA","DETRESFA","UNCERFA","INCERFA","PDF"
"Air Traffic Services & Air Traffic Management – Part 1","010.07 Part 1 Q0037","When is the INCERFA initiated?","When an aircraft does not arrive within 60 minutes of the estimated time of arrival and there are doubts concerning the aircraft's safety","When an aircraft does not arrive within 30 minutes of the estimated time of arrival but the safety of the aircraft is undoubted","When an aircraft does not arrive within 60 minutes of the estimated time of arrival but the safety of the aircraft is undoubted","When an aircraft does not arrive within 30 minutes of the estimated time of arrival and there are doubts concerning the aircraft's safety.","When an aircraft does not arrive within 30 minutes of the estimated time of arrival and there are doubts concerning the aircraft's safety.","PDF"
"Air Traffic Services & Air Traffic Management – Part 1","010.07 Part 1 Q0038","What is the name of the emergency phase referring to a situation, in which apprehension exists as to the safety of an aircraft, for example, if no contact can be established with an aircraft within 5 minutes from estimated landing time after receiving landing clearance?","ALERFA","It is regulated only at the national level","It applies only to military aircraft","All of the above","ALERFA","Synthesized"
"Air Traffic Services & Air Traffic Management – Part 1","010.07 Part 1 Q0039","What is the name of the emergency phase referring to a situation, in which it is certain that an aircraft and its occupants are threatened?","DETRESFA","DISTRESSFA","EMERFA","ALERFA","DETRESFA","PDF"
"Air Traffic Services & Air Traffic Management – Part 2","010.07 Part 2 Q0001","Concerning the RNP (Required Navigation Performance) types, what navigation accuracy does the RNP 4 indication represent?","±4 NM within areas where RVSM applies","±4 NM on a 95% containment basis","±4 NM at all times","±4 NM on a 90% containment basis","±4 NM on a 95% containment basis","PDF"
"Air Traffic Services & Air Traffic Management – Part 2","010.07 Part 2 Q0002","According to ICAO Annex 6, 'RNP' is defined as a containment value","expressed as a distance in _____ from the intended position within which the aircraft should be for at least _____ of the total flight time.","kilometers; 90%","nautical miles; 95%","kilometers; 95%","nautical miles; 95%","PDF"
"Air Traffic Services & Air Traffic Management – Part 2","010.07 Part 2 Q0003","How is the Required Navigation Performance (RNP) defined?","RNP is a statement of the navigation performance required when installing a new navigation aid on the ground","RNP is a statement of the navigation performance required during a pilot skill test","RNP is a statement of the navigation performance necessary during flight tests for a new aircraft type","RNP is a statement of the navigation performance necessary for operation within a defined airspace","RNP is a statement of the navigation performance necessary for operation within a defined airspace","PDF"
"Air Traffic Services & Air Traffic Management – Part 2","010.07 Part 2 Q0004","What does the abbreviation RNP stand for?","Requested Navigation Position","Required Navigation Precision","Required Navigation Performance","Required Navigation Point","Required Navigation performance","PDF"
"Air Traffic Services & Air Traffic Management – Part 2","010.07 Part 2 Q0006","How many characters are the ATS route designators composed of?","Maximum 5 characters","Not specified by ICAO regulations","Determined by each contracting state","Varies by aircraft category","Maximum 5 characters","Synthesized"
"Air Traffic Services & Air Traffic Management – Part 2","010.07 Part 2 Q0007","Which of the following designators could be a designator of an RNAV ATS route? Select the most complete answer.","H84","Z850","A482","All answers are correct","Z850","PDF"
"Air Traffic Services & Air Traffic Management – Part 2","010.07 Part 2 Q0008","Which of the following designators could be a designator of a helicopter- only ATS route?","Z806","Y106","R781","K411","K411","PDF"
"Air Traffic Services & Air Traffic Management – Part 2","010.07 Part 2 Q0010","Which statement is true regarding clearances issued by ATC controllers?","Clearances are always valid to the FIR boundary","Clearances are always valid to destination","Clearances only serve to provide separation between aircraft","Clearances do not relieve pilots from their responsibility to comply with rules and regulations","Clearances do not relieve pilots from their responsibility to comply with rules and regulations","PDF"
"Air Traffic Services & Air Traffic Management – Part 2","010.07 Part 2 Q0011","Which elements of an ATC clearance have to be read back by the crew?","Runway in use, QNH, taxi instructions, holding instructions, transponder code","Runway in use, QNH, taxi instructions, wind, ceiling, flight level, transponder code","Runway in use, QNH, ceiling, flight level, transponder code, heading","Wind direction and speed, ceiling, QNH, runway in use","Runway in use, QNH, taxi instructions, holding instructions, transponder code","PDF"
"Air Traffic Services & Air Traffic Management – Part 2","010.07 Part 2 Q0013","What is a clearance limit?","The point to which the aircraft's ATC clearance is valid","The time at which an ATC clearance will be issued for the aircraft","The time after which the ATC clearance will be automatically cancelled if the flight has not been commenced","The time of expiry of the ATC clearance","The point to which the aircraft's ATC clearance is valid","PDF"
"Air Traffic Services & Air Traffic Management – Part 2","010.07 Part 2 Q0015","An aircraft is cruising below FL250 at a speed of 280 kts. Which of the following instructions may be issued by an ATC to provide safe and orderly traffic flow?","EVIONICA123, reduce speed to 240 kts'","EVIONICA123, increase speed to 295 kts'","EVIONICA123, reduce speed to 0.75 Ma'","EVIONICA123, increase speed to 0.80 Ma'","EVIONICA123, reduce speed to 240 kts'","PDF"
"Air Traffic Services & Air Traffic Management – Part 2","010.07 Part 2 Q0016","What should the crew do if on 6 NM final the ATC instructs them to increase Comply with the ATC instruction Comply with the ATC instruction and file a VFE violation report after landing Advise the ATC they are unable to comply with the instruction Immediately retract flaps and comply with the ATC instruction","Asdpveiesde ttoh e2 A5T0 Ck ttsh?e Vy FaEre i su neaqbulael ttoo c2o2m0 pkltys .with the instruction","None of the above","All of the above","Information not specified by ICAO regulations","Asdpveiesde ttoh e2 A5T0 Ck ttsh?e Vy FaEre i su neaqbulael ttoo c2o2m0 pkltys .with the instruction","Synthesized"
"Air Traffic Services & Air Traffic Management – Part 2","010.07 Part 2 Q0017","When may the pilot be certain that speed instructions will no longer be issued by the ATC?","When the aircraft is on 4 NM final","When the aircraft is in the intermediate approach phase","Throughout the whole approach","When the aircraft is on 8 NM final","When the aircraft is on 4 NM final","PDF"
"Air Traffic Services & Air Traffic Management – Part 2","010.07 Part 2 Q0019","Which wake turbulence category does an aircraft of 53,300 kg MTOW belong to?","Light (L)","Heavy (H)","Large (L)","Medium (M)","Medium (M)","PDF"
"Air Traffic Services & Air Traffic Management – Part 2","010.07 Part 2 Q0020","What is the maximum weight of an aircraft belonging to the L category of wake turbulence?","5,900 kg","5,000 kg","13,600 kg","7,000 kg","7,000 kg","PDF"
"Air Traffic Services & Air Traffic Management – Part 2","010.07 Part 2 Q0021","When does the pilot have to state the aircraft wake turbulence category if operating a HEAVY aircraft?","Only in the ATS flight plan, item 9","In every radio transmission by appending the word 'JUMBO' to the aircraft callsign","In every radio transmission by appending the word 'HEAVY' to the aircraft callsign","At initial radio contact with an ATS unit by appending the word 'HEAVY' (or 'SUPER' in case of A380-800) to the aircraft callsign","At initial radio contact with an ATS unit by appending the word 'HEAVY' (or 'SUPER' in case of A380-800) to the aircraft callsign","PDF"
"Air Traffic Services & Air Traffic Management – Part 2","010.07 Part 2 Q0022","What is the minimum time separation between a MEDIUM category aircraft landing after HEAVY?","2 minutes","3 minutes","5 minutes","4 minutes","2 minutes","PDF"
"Air Traffic Services & Air Traffic Management – Part 2","010.07 Part 2 Q0023","What is the minimum time separation between a LIGHT category aircraft landing after MEDIUM or HEAVY?","4 minutes","2 minutes","5 minutes","3 minutes","3 minutes","Synthesized"
"Air Traffic Services & Air Traffic Management – Part 2","010.07 Part 2 Q0025","What is the minimum time separation between a LIGHT category aircraft taking off after MEDIUM if they both use the same runway?","3 minutes","2 minutes","4 minutes","5 minutes","2 minutes","PDF"
"Air Traffic Services & Air Traffic Management – Part 2","010.07 Part 2 Q0026","What is the minimum time separation between a LIGHT or MEDIUM category aircraft taking off after HEAVY if they use crossing runways?","3 minutes","1 minutes","4 minutes","2 minutes","2 minutes","Synthesized"
"Air Traffic Services & Air Traffic Management – Part 2","010.07 Part 2 Q0027","What is the minimum time separation between a LIGHT category aircraft taking off after MEDIUM if they use crossing runways?","No other answer is correct","3 minutes","5 minutes","4 minutes","No other answer is correct","PDF"
"Air Traffic Services & Air Traffic Management – Part 2","010.07 Part 2 Q0028","What is the minimum separation between a LIGHT aircraft landing after a HEAVY aircraft's missed approach to an opposite-direction parallel runway, separated by less than 760 m?","2 minutes","1 minute","5 minutes","3 minutes","2 minutes","PDF"
"Air Traffic Services & Air Traffic Management – Part 2","010.07 Part 2 Q0030","What is the minimum separation between a LIGHT aircraft taking off after a MEDIUM, if the departure of the lighter aircraft is performed from an intermediate part of the same runway?","5 minutes","2 minutes","3 minutes","1 minute","3 minutes","PDF"
"Air Traffic Services & Air Traffic Management – Part 2","010.07 Part 2 Q0031","With regard to wake turbulence, what is the minimum radar separation between a HEAVY aircraft following another HEAVY aircraft for landing?","4 NM","No other answer is correct","5 NM","6 NM","4 NM","PDF"
"Air Traffic Services & Air Traffic Management – Part 2","010.07 Part 2 Q0032","With regard to wake turbulence, what is the minimum radar separation between a MEDIUM aircraft following a HEAVY aircraft for landing?","3 NM","5 NM","6 NM","4 NM","5 NM","PDF"
"Air Traffic Services & Air Traffic Management – Part 2","010.07 Part 2 Q0033","With regard to wake turbulence, what is the minimum radar separation between a LIGHT aircraft following a MEDIUM aircraft for landing?","4 NM","3 NM","6 NM","5 NM","5 NM","PDF"
"Air Traffic Services & Air Traffic Management – Part 2","010.07 Part 2 Q0034","With regard to wake turbulence, what is the minimum radar separation between a LIGHT aircraft following a HEAVY aircraft for landing?","7 NM","5 NM","8 NM","6 NM","6 NM","Synthesized"
"Air Traffic Services & Air Traffic Management – Part 2","010.07 Part 2 Q0035","With regard to wake turbulence, what is the minimum radar separation between a HEAVY aircraft following a LIGHT aircraft for landing?","4 NM","No other answer is correct","5 NM","6 NM","No other answer is correct","PDF"
"Air Traffic Services & Air Traffic Management – Part 2","010.07 Part 2 Q0036","What is the minimum time separation between a HEAVY category aircraft taking off after SUPER if they both use the same runway?","5 minutes","3 minutes","2 minutes","4 minutes","2 minutes","PDF"
"Air Traffic Services & Air Traffic Management – Part 2","010.07 Part 2 Q0037","With regard to wake turbulence, what is the minimum radar separation between a LIGHT aircraft following a SUPER aircraft for landing?","7 NM","8 NM","6 NM","5 NM","8 NM","PDF"
"Air Traffic Services & Air Traffic Management – Part 2","010.07 Part 2 Q0039","With regard to wake turbulence, what is the minimum radar separation between a HEAVY aircraft following a SUPER aircraft for landing?","6 NM","7 NM","8 NM","5 NM","6 NM","PDF"
"Air Traffic Services & Air Traffic Management – Part 2","010.07 Part 2 Q0040","What is the transition altitude?","The altitude at which 1013.2 hPa has to be set during a climb for the vertical position to be then reported as flight levels","The altitude below which the vertical position of an aircraft is determined with reference to 1013.2 hPa","The altitude above which the vertical position of an aircraft is determined with reference to the local QNH","The altitude below which the vertical position of an aircraft is determined with reference to QFE","The altitude at which 1013.2 hPa has to be set during a climb for the vertical position to be then reported as flight levels","PDF"
"Air Traffic Services & Air Traffic Management – Part 2","010.07 Part 2 Q0041","What is the standard pressure value?","1000 hPa","1015 hPa","1013.2 hPa","1031.2 hPa","1013.2 hPa","PDF"
"Air Traffic Services & Air Traffic Management – Part 2","010.07 Part 2 Q0043","Which statement is true regarding the transition level?","Transition level is the highest available flight level below the transition altitude that has been established","Transition level is published for each aerodrome in the ENR section of the AIP","Transition level is the lowest flight level available for use above the transition altitude","Transition level is calculated and declared for an approach by the Pilot-in-Command","Transition level is the lowest flight level available for use above the transition altitude","PDF"
"Air Traffic Services & Air Traffic Management – Part 2","010.07 Part 2 Q0044","When should the transition from altitude to flight level take place?","At transition level during climb","At transition altitude during climb","At transition altitude during descent","At transition level during descent","At transition altitude during climb","PDF"
"Air Traffic Services & Air Traffic Management – Part 2","010.07 Part 2 Q0045","How should the vertical position of the aircraft be expressed during flight through the transition layer?","The vertical position of the aircraft should be expressed as either altitude above mean sea level or flight level during climb","The vertical position of the aircraft should be expressed as altitude above mean sea level during climb","The vertical position of the aircraft should be expressed as altitude above mean sea level during descent","The vertical position of the aircraft should be expressed as a flight level during descent","The vertical position of the aircraft should be expressed as altitude above mean sea level during descent","PDF"
"Air Traffic Services & Air Traffic Management – Part 2","010.07 Part 2 Q0046","If the aerodrome meteorological station measures a sea-level pressure value of 1021.55, what is the QNH value that will be passed to an approaching aircraft?","1022","No other answer is correct","1021","1013","1021","PDF"
"Air Traffic Services & Air Traffic Management – Part 2","010.07 Part 2 Q0047","Which statement is true concerning the transition level?","The value of the transition level is fixed for a particular FIR and is published in the AIP","The crew is expected to check the current transition level of the destination aerodrome in the","NOTAM list before commencing a flight","Transition level is established on the basis of forecast MSL pressure and QNH reports","Transition level is established on the basis of forecast MSL pressure and QNH reports","PDF"
"Air Traffic Services & Air Traffic Management – Part 2","010.07 Part 2 Q0048","How can the transiton level be passed to an aircraft in flight? Select the","most complete answer.","Via data link","Via voice communication","All answers are correct","All answers are correct","PDF"
"Air Traffic Services & Air Traffic Management – Part 2","010.07 Part 2 Q0049","What are the basic elements of a position report? Select the most","complete answer.","Aircraft identification, frequency, present position, next significant waypoint","Aircraft identification, present position, time, heading","Aircraft identification, present position, time, altitude, next point and time over","Aircraft identification, present position, time, altitude, next point and time over","PDF"
"Air Traffic Services & Air Traffic Management – Part 2","010.07 Part 2 Q0050","What pressure should be set on an altimeter for the device to indicate altitude?","QFE","QNE","STD","QNH","QNH","PDF"
"Air Traffic Services & Air Traffic Management – Part 2","010.07 Part 2 Q0051","Which phenomenon should trigger a special air report when encountered in flight?","Heavy fog","Severe turbulence","Light icing","Virga","Severe turbulence","PDF"
"Air Traffic Services & Air Traffic Management – Part 3","010.07 Part 3 Q0001","Who is responsible for collision avoidance regarding a VFR flight in class D airspace?","No other answer is correct","The air traffic controller","The air operator","The pilot in command","The pilot in command","PDF"
"Air Traffic Services & Air Traffic Management – Part 3","010.07 Part 3 Q0002","What types of aircraft separation can be distinguished? Select the most complete answer.","Vertical, lateral, and longitudinal","None of the above","All of the above","Information not specified by ICAO regulations","Vertical, lateral, and longitudinal","Synthesized"
"Air Traffic Services & Air Traffic Management – Part 3","010.07 Part 3 Q0003","How is composite separation defined?","Combination of both vertical and horizontal separation, using no less than half of each criterion","Combination of both vertical and lateral separation, using the greater of the two criteria","Combination of both vertical and horizontal separation, using the greater of the two criteria","Combination of both vertical and lateral separation, using no less than half of each criterion","Combination of both vertical and horizontal separation, using no less than half of each criterion","PDF"
"Air Traffic Services & Air Traffic Management – Part 3","010.07 Part 3 Q0004","Generally, what is the minimum value of vertical separation between aircraft flying above FL290, outside of specifically designated portions of airspace, where a reduced separation value applies?","4,000 ft","No other answer is correct","1,000 ft","2,000 ft","2,000 ft","PDF"
"Air Traffic Services & Air Traffic Management – Part 3","010.07 Part 3 Q0005","Concerning the values of the minimum vertical separation, what is the difference between the general airspace and the portions of airspace with reduced vertical separation?","Generally, the vertical separation above FL410 is equal to 2,000 ft; in designated portions of airspace this value is reduced to 1,000 ft above FL410","Generally, the vertical separation above FL290 is equal to 2,000 ft; in designated portions of airspace this value is reduced to 1,000 ft up to FL410","Generally, the vertical separation up to FL290 is equal to 2,000 ft; in designated portions of airspace this value is reduced to 1,000 ft","No other answer is correct","Generally, the vertical separation above FL290 is equal to 2,000 ft; in designated portions of airspace this value is reduced to 1,000 ft up to FL410","PDF"
"Air Traffic Services & Air Traffic Management – Part 3","010.07 Part 3 Q0006","When can a descending aircraft be cleared to descend to a particular flight level?","Only when another aircraft has reported vacating it","At the waypoint indicated in item 18 of the filed ATS flight plan","At any time when the crew requests it","When the crew reports that they have the opposing traffic occupying this flight level in sight","Only when another aircraft has reported vacating it","PDF"
"Air Traffic Services & Air Traffic Management – Part 3","010.07 Part 3 Q0007","In which situation a clearance to climb or descend to a particular flight level cannot be issued? Select the most complete answer.","All answers are correct","When severe turbulence was reported at that flight level","When a higher performance aircraft is going to cross that level during a cruise climb","When it may result in breaching the vertical separation minimum","All answers are correct","PDF"
"Air Traffic Services & Air Traffic Management – Part 3","010.07 Part 3 Q0008","When is a flight level considered vacated?","When the SSR Mode C reports a change of altitude of at least 50 ft in the expected direction","As soon as climb or descent is commenced","When the crew reads back the newly cleared flight level","When the SSR Mode C reports a change of altitude of at least 300 ft in the expected direction","When the SSR Mode C reports a change of altitude of at least 300 ft in the expected direction","PDF"
"Air Traffic Services & Air Traffic Management – Part 3","010.07 Part 3 Q0009","What are the values of the lateral separation criteria based on an VOR?","5° track divergence and one aircraft at least 5 NM from the navaid","15° track divergence and one aircraft at least 5 NM from the navaid","30° track divergence and one aircraft at least 15 NM from the navaid","15° track divergence and one aircraft at least 15 NM from the navaid","15° track divergence and one aircraft at least 15 NM from the navaid","PDF"
"Air Traffic Services & Air Traffic Management – Part 3","010.07 Part 3 Q0010","What are the values of the lateral separation criteria based on an NDB?","15° track divergence and one aircraft at least 15 NM from the navaid","5° track divergence and one aircraft at least 5 NM from the navaid","30° track divergence and one aircraft at least 15 NM from the navaid","15° track divergence and one aircraft at least 5 NM from the navaid","30° track divergence and one aircraft at least 15 NM from the navaid","PDF"
"Air Traffic Services & Air Traffic Management – Part 3","010.07 Part 3 Q0011","What are the values of the lateral separation criteria based on dead reckoning?","15° track divergence and one aircraft at least 15 NM from the navaid","45° track divergence and one aircraft at least 15 NM from the navaid","30° track divergence and one aircraft at least 15 NM from the navaid","30° track divergence and one aircraft at least 30 NM from the navaid","45° track divergence and one aircraft at least 15 NM from the navaid","PDF"
"Air Traffic Services & Air Traffic Management – Part 3","010.07 Part 3 Q0012","What are the values of the lateral separation criteria based on GNSS?","Track divergence of 10° to 100° and one aircraft at least 15 NM (up to FL190) or 23 NM (at or above FL200) from a common waypoint","Track divergence of 15° to 135° and one aircraft at least 15 NM (up to FL190) or 23 NM (at or above FL200) from a common waypoint","Track divergence of 10° to 100° and one aircraft at least 20 NM from a common waypoint","Track divergence of 15 to 135 and one aircraft at least 15 NM (up to FL190) or 23 NM (at or above FL200) from a common waypoint","Track divergence of 15 to 135 and one aircraft at least 15 NM (up to FL190) or 23 NM (at or above FL200) from a common waypoint","PDF"
"Air Traffic Services & Air Traffic Management – Part 3","010.07 Part 3 Q0014","What may be required from an aircraft to maintain longitudinal separation? Select the most complete answer.","All answers are correct","Departure at a specified time","Arrival over a geographic location at a specified time","Holding over a geographic location until a specified time","All answers are correct","PDF"
"Air Traffic Services & Air Traffic Management – Part 3","010.07 Part 3 Q0015","What are reciprocal tracks?","Same direction tracks or intersecting tracks with an angular difference smaller than 45° and greater than 315°","Same direction tracks or intersecting tracks with an angular difference smaller than 315° and greater than 225°","Crossing tracks","Opposite-direction intersecting tracks with an angular difference greater than 135° and smaller than 225°","Opposite-direction intersecting tracks with an angular difference greater than 135° and smaller than 225°","PDF"
"Air Traffic Services & Air Traffic Management – Part 3","010.07 Part 3 Q0016","What is the value of the basic time-based longitudinal separation for aircraft on the same track and level?","15 min","5 min","10 min","30 min","15 min","PDF"
"Air Traffic Services & Air Traffic Management – Part 3","010.07 Part 3 Q0017","What is the value of the time-based longitudinal separation for aircraft on the same track and level if navigation aids allow for frequent determination of speed and position?","15 min","10 min","5 min","30 min","10 min","PDF"
"Air Traffic Services & Air Traffic Management – Part 3","010.07 Part 3 Q0018","Which statement is true concerning two aircraft that departed from the same aerodrome or reported over the same reporting point?","If the preceding aircraft is at least 20 kts faster than the following one, the separation between them can be reduced to 5 min","If the preceding aircraft is at least 40 kts faster than the following one, the separation between them can be reduced to 5 min","If the following aircraft is at least 40 kts faster than the preceding one, the separation between them can be reduced to 5 min","If the preceding aircraft is at least 20 kts slower than the following one, the separation between them can be reduced to 3 min","If the preceding aircraft is at least 20 kts faster than the following one, the separation between them can be reduced to 5 min","PDF"
"Air Traffic Services & Air Traffic Management – Part 3","010.07 Part 3 Q0019","When can the separation between two aircraft that departed from the same aerodrome and are flying on the same track be reduced to 3 min?","When the preceding aircraft is at least 40 km/h faster than the following one","When the preceding aircraft is at least 40 kts faster than the following one","When the following aircraft is at least 40 kts faster than the preceding one","When the following aircraft is at least 20 kts faster than the preceding on","When the preceding aircraft is at least 40 kts faster than the following one","PDF"
"Air Traffic Services & Air Traffic Management – Part 3","010.07 Part 3 Q0020","Which statement is true concerning two aircraft flying on crossing tracks? Select the most complete answer.","The separation of two aircraft flying on crossing tracks is equal to 15 min only when the presence of navigation aids allows for frequent determination of position and speed","The separation of two aircraft flying on crossing tracks is equal to 10 min","The separation of two aircraft flying on crossing tracks is equal to 15 min, but it can be reduced to 10 min when the presence of navigation aids allows for frequent determination of position and speed","The separation of two aircraft flying on crossing tracks is equal to 10 min, but it can be reduced to 3 min when the presence of navigation aids allows for frequent determination of position and speed","The separation of two aircraft flying on crossing tracks is equal to 15 min, but it can be reduced to 10 min when the presence of navigation aids allows for frequent determination of position and speed","PDF"
"Air Traffic Services & Air Traffic Management – Part 3","010.07 Part 3 Q0021","Which statement is true concerning two aircraft flying on the same tracks when one of them will pass the level of the other during climb or descent?","The minimum longitudinal separation between these two aircraft is 15 minutes, and there is no vertical separation minimum","The minimum longitudinal separation between these two aircraft is 25 minutes, and there is no vertical separation minimum","There is no minimum longitudinal separation between these two aircraft, but the vertical separation minimum is equal to 2,000 ft","The minimum longitudinal separation between these two aircraft is 5 minutes, and the vertical separation minimum is equal to 1,000 ft","The minimum longitudinal separation between these two aircraft is 15 minutes, and there is no vertical separation minimum","PDF"
"Air Traffic Services & Air Traffic Management – Part 3","010.07 Part 3 Q0022","What is the value of the time-based separation between two aircraft flying on the same tracks when one of them will pass the level of the other during climb or descent, if navigation aids allow for frequent determination of speed and position?","30 min","5 min","15 min","10 min","10 min","PDF"
"Air Traffic Services & Air Traffic Management – Part 3","010.07 Part 3 Q0023","What is the value of the time-based separation between two aircraft flying on crossing tracks when one of them will pass the level of the other during climb or descent?","The minimum longitudinal separation between these two aircraft is 15 minutes, and there is no vertical separation minimum","It is regulated only at the national level","It applies only to military aircraft","All of the above","The minimum longitudinal separation between these two aircraft is 15 minutes, and there is no vertical separation minimum","Synthesized"
"Air Traffic Services & Air Traffic Management – Part 3","010.07 Part 3 Q0024","Which statement is true concerning two aircraft flying on reciprocal tracks?","Vertical separation of minimum 2,000 ft should be provided at all times","If no lateral separation is provided, the vertical separation of 1,000 ft has to be maintained for at least 10 minutes","Lateral separation of 2 NM is required, and vertical separation of 1,000 ft has to be maintained for at least 5 minutes before, and 5 minutes after they pass each other","If no lateral separation is provided, the vertical separation between them has to be maintained for at least 10 minutes before, and 10 minutes after they pass each other","If no lateral separation is provided, the vertical separation between them has to be maintained for at least 10 minutes before, and 10 minutes after they pass each other","PDF"
"Air Traffic Services & Air Traffic Management – Part 3","010.07 Part 3 Q0025","What is the value of the longitudinal separation for two aircraft which are on the same track and level and are using DME or GNSS?","At least 10 NM","At least 15 min","At least 20 NM","At least 20 min","At least 20 NM","PDF"
"Air Traffic Services & Air Traffic Management – Part 3","010.07 Part 3 Q0026","When can the longitudinal separation between two aircraft on the same track and level, using DME or GNSS, be reduced to 10 NM?","When the TAS of the preceding aircraft is at least 40 km/h higher than the TAS of the following one","When the TAS of the preceding aircraft is at least 20 kts higher than the TAS of the following one","When the TAS of the preceding aircraft is at least 40 kts higher than the TAS of the following one","When the TAS of the preceding aircraft is at least 20 km/h higher than the TAS of the following one","When the TAS of the preceding aircraft is at least 20 kts higher than the TAS of the following one","PDF"
"Air Traffic Services & Air Traffic Management – Part 3","010.07 Part 3 Q0027","Which statement is true concerning the DME- or GNSS-based separation of two aircraft flying on the same tracks when one of them will pass the level of the other during climb or descent?","The minimum longitudinal separation between these two aircraft is equal to 25 NM, and there is no vertical separation minimum","The minimum longitudinal separation between these two aircraft is equal to 5 NM, and the vertical separation minimum is equal to 1,000 ft","The minimum longitudinal separation between these two aircraft is equal to 10 NM, provided that there is no vertical separation","There is no minimum longitudinal separation between these two aircraft, but the vertical separation minimum is equal to 2,000 ft","The minimum longitudinal separation between these two aircraft is equal to 10 NM, provided that there is no vertical separation","PDF"
"Air Traffic Services & Air Traffic Management – Part 3","010.07 Part 3 Q0028","Which statement is true concerning two aircraft utilising DME- or GNSS- based separation flying on reciprocal tracks?","1. The vertical separation between them has to be maintained for at least 10 NM after they pass each other","2. Vertical separation of minimum 2,000 ft should be provided at all times","3. Lateral separation of 2 NM is required, and vertical separation of 1,000 ft has to be maintained for at least 5 NM after they pass each other","4. If there is no lateral separation provided, vertical separation of 1,000 ft has to be maintained for at least 15 NM","1. The vertical separation between them has to be maintained for at least 10 NM after they pass each other","PDF"
"Air Traffic Services & Air Traffic Management – Part 3","010.07 Part 3 Q0029","Regarding the Mach Number Technique, when can the separation value of 10 minutes be reduced by 1 minute?","When the Mach number of the preceding aircraft is greater than that of the following one by at least 0.2 Ma","When the Mach number of the preceding aircraft is greater than that of the following one by at least 0.01 Ma","When the Mach number of the preceding aircraft is greater than that of the following one by at least 0.1 Ma","When the Mach number of the preceding aircraft is greater than that of the following one by at least 0.02 Ma","When the Mach number of the preceding aircraft is greater than that of the following one by at least 0.02 Ma","PDF"
"Air Traffic Services & Air Traffic Management – Part 3","010.07 Part 3 Q0030","What is the value of the longitudinal separation between two climbing or descend® aircraft using RNAV when there is no vertical separation provided?","50 NM, if both aircraft report their distance from a common point at least every 24 minutes","50 NM, if both aircraft report their distance from a common point at least every 60 minutes","80 NM, if both aircraft report their distance from a common point at least every 60 minutes","80 NM, if both aircraft report their distance from a common point at least every 24 minutes","80 NM, if both aircraft report their distance from a common point at least every 60 minutes","PDF"
"Air Traffic Services & Air Traffic Management – Part 3","010.07 Part 3 Q0031","What is the minimum value of RNAV longitudinal separation regarding the areas where the RNP 10 navigation specification is in use?","50 NM, if the distance verification is provided at least every 60 minutes","50 NM, if the distance verification is provided at least every 24 minutes","80 NM, if the distance verification is provided at least every 60 minutes","80 NM, if the distance verification is provided at least every 24 minutes","50 NM, if the distance verification is provided at least every 24 minutes","PDF"
"Air Traffic Services & Air Traffic Management – Part 3","010.07 Part 3 Q0032","What is the standard value of horizontal radar separation?","5 NM","10 NM","8 NM","2 NM","5 NM","PDF"
"Air Traffic Services & Air Traffic Management – Part 3","010.07 Part 3 Q0033","What is the value of horizontal radar separation between two air craft on the same final approach track, when within 10 NM of the threshold?","2.5 NM","3 NM","4 NM","5 NM","2.5 NM","PDF"
"Air Traffic Services & Air Traffic Management – Part 3","010.07 Part 3 Q0034","You are about to depart from an aerodrome with a runway direction of 21/03. The wind direction reported in the ATIS is 270/08 kt. The ATC suggests a departure from runway 03 due to an unidentified aircraft crossing the extended centreline at 1,000 ft south of the runway. Your preferred runway direction is 21. What should you do?","Cancel your flight plan","Request immediate departure from runway 21 maintaining visual separation from the unidentified traffic","Comply with the ATC suggestion and prepare for a tailwind take-off from runway 03","Wait until the take-off from runway 21 is possible","Wait until the take-off from runway 21 is possible","PDF"
"Air Traffic Services & Air Traffic Management – Part 3","010.07 Part 3 Q0035","When can the ATC clear an IFR flight to perform a visual approach?","When the ceiling is at or above the level of the beginning of the initial approach segment","All answers are correct","When the crew is able to maintain visual reference to the terrain","When the crew reports that the meteorological conditions allow for completing a visual approach at the level of the beginning of the initial approach segment or at any time during the instrument approach procedure","All answers are correct","PDF"
"Air Traffic Services & Air Traffic Management – Part 3","010.07 Part 3 Q0036","Which statement is true concerning the separation during a visual approach?","The ATC should always provide separation between aircraft performing a visual approach and other arriving and departing aircraft","None of the above","All of the above","Information not specified by ICAO regulations","The ATC should always provide separation between aircraft performing a visual approach and other arriving and departing aircraft","Synthesized"
"Air Traffic Services & Air Traffic Management – Part 3","010.07 Part 3 Q0037","How are the holding levels assigned if more than one aircraft is holding over the same fix?","The first aircraft to arrive over a holding fix is cleared to hold at the lowest level","The first aircraft to arrive over a holding fix is allowed to choose a preferred holding level","The holding levels are assigned randomly for all flights, irrespective of the time of arrival over the holding fix","The first aircraft to arrive over a holding fix is cleared to hold at the highest level","The first aircraft to arrive over a holding fix is cleared to hold at the lowest level","PDF"
"Air Traffic Services & Air Traffic Management – Part 3","010.07 Part 3 Q0038","Which of the aircraft listed below will be granted approach priority?","A search-and-rescue aircraft","None of the above","All of the above","Information not specified by ICAO regulations","A search-and-rescue aircraft","Synthesized"
"Air Traffic Services & Air Traffic Management – Part 3","010.07 Part 3 Q0039","What is Expected Approach Time (EAT)?","The time at which the ATC expects that an arriving aircraft, following a delay, will leave the holding area to continue the approach","The time at which ATC expects that an arriving aircraft, following a delay, will leave its cruising level to commence the approach","The time at which the PIC expects that they will be able to leave the holding fix to commence the approach","The time at which ATC expects that an arriving aircraft, following a delay, will pass the FAF/FAP to continue the approach","The time at which the ATC expects that an arriving aircraft, following a delay, will leave the holding area to continue the approach","PDF"
"Air Traffic Services & Air Traffic Management – Part 3","010.07 Part 3 Q0040","When will a revised Expected Approach Time (EAT) be transmitted to an aircraft?","When it differs from the previously transmitted EAT by 30 minutes or more","When it differs from the previously transmitted EAT by 3 minutes or more","When it differs from the previously transmitted EAT by 5 minutes or more","When it differs from the previously transmitted EAT by 10 minutes or more","When it differs from the previously transmitted EAT by 5 minutes or more","PDF"
"Air Traffic Services & Air Traffic Management – Part 3","010.07 Part 3 Q0041","An Expected Approach Time (EAT) has to be transmitted to an aircraft by the most expeditious means when it is expected that it will have to hold _____.","for 30 minutes or more","for 15 minutes or more","for 10 minutes or more","for 20 minutes or more","for 30 minutes or more","PDF"
"Air Traffic Services & Air Traffic Management – Part 3","010.07 Part 3 Q0042","You are about to depart from an aerodrome with two runways: 21/03 and 28/10. The wind direction reported in the ATIS is 270/08 kt. The ATC informs you that runway 28 is in use. Your preferred runway direction is 21. What should you do?","Request permission to use your preferred runway","None of the above","All of the above","Information not specified by ICAO regulations","Request permission to use your preferred runway","Synthesized"
"Air Traffic Services & Air Traffic Management – Part 3","010.07 Part 3 Q0043","Which statement is true concerning a situation in which an arriving aircraft is performing a complete approach procedure and has not yet started the procedure turn or base turn?","The departures cannot be performed until the arriving aircraft intercepts the final approach track","The departures can still be performed, but only in the direction reciprocal to the approach","The departures can still be performed in any direction","The departures can still be performed in the same direction as the approach","The departures can still be performed in any direction","PDF"
"Air Traffic Services & Air Traffic Management – Part 3","010.07 Part 3 Q0044","Which statement is true concerning a situation in which an arriving aircraft is performing a complete approach procedure and has already started the procedure turn or base turn?","The departures cannot be performed until the arriving aircraft intercepts the final approach track","The departures can still be performed in any direction that diverges from the arrival runway centreline by at least 45°","The departures can still be performed in the same direction as the approach","The departures can still be performed in any direction that diverges from the arrival runway centreline by at least 15°","The departures can still be performed in any direction that diverges from the arrival runway centreline by at least 45°","PDF"
"Air Traffic Services & Air Traffic Management – Part 3","010.07 Part 3 Q0045","What does essential traffic information include?","The conflicting aircraft's callsign","The conflicting aircraft's speed","The conflicting aircraft's type","The conflicting aircraft's flight rules","The conflicting aircraft's type","PDF"
"Air Traffic Services & Air Traffic Management – Part 4","010.07 Part 4 Q0001","Which information should be transmitted to an arriving aircraft in the first place?","The runway in use and the altimeter setting","The approach type and the runway in use","The altimeter setting and the RVR","The altimeter setting, temperature and dew point","The approach type and the runway in use","PDF"
"Air Traffic Services & Air Traffic Management – Part 4","010.07 Part 4 Q0002","Which information should be transmitted to an aircraft at the beginning of the final approach?","Surface wind data, any reported wind shear and turbulence information, and current visibility and","RVR","Cloud base, QNH, and current visibility and RVR","Surface wind data, any reported wind shear and turbulence information, and current visibility and RVR","Surface wind data, any reported wind shear and turbulence information, and current visibility and RVR","PDF"
"Air Traffic Services & Air Traffic Management – Part 4","010.07 Part 4 Q0003","Which statement is true about a situation, in which the ATC has the wind data in form of wind components?","A change in the mean crosswind component of 2 kt is considered to be significant","A change in the mean headwind component of 15 kt is considered to be significant","A change in the mean tailwind component of 2 kt is considered to be significant","A change in the mean headwind component of 5 kt is considered to be significant","A change in the mean tailwind component of 2 kt is considered to be significant","PDF"
"Air Traffic Services & Air Traffic Management – Part 4","010.07 Part 4 Q0004","Which statement is true concerning independent parallel approaches?","If independent parallel approaches are in use at an aerodrome, radar vectoring should allow for at least 4 NM of straight and level flight on the final approach track, before glideslope interception","If independent parallel approaches are in use at an aerodrome, radar vectoring should allow for at least 4 NM of straight and level flight before the final approach track interception","If independent parallel approaches are in use at an aerodrome, the two aircraft should be provided with the appropriate ILS/MLS frequencies of their respective runways as early as possible","If independent parallel approaches are in use at an aerodrome, radar vectoring should allow for the final approach track interception at an angle not greater than 20°","If independent parallel approaches are in use at an aerodrome, the two aircraft should be provided with the appropriate ILS/MLS frequencies of their respective runways as early as possible","PDF"
"Air Traffic Services & Air Traffic Management – Part 4","010.07 Part 4 Q0005","What is the name of a zone of a minimum 610 m width, situated between the extended centrelines of two parallel runways, which has to be established to conduct independent parallel approaches?","Final Operating Zone (FOZ)","Independent Parallel Zone (IPZ)","No-Transgression Zone (NTZ)","Normal Operating Zone (NOZ)","No-Transgression Zone (NTZ)","PDF"
"Air Traffic Services & Air Traffic Management – Part 4","010.07 Part 4 Q0006","What is the minimum distance between the extended runway centrelines that enables the independent parallel approaches to be conducted?","At least 1,035 m (3,400 ft)","At least 610 m (2,000 ft)","At least 760 m (2,500 ft)","At least 1,500 m (5,000 ft)","At least 1,035 m (3,400 ft)","PDF"
"Air Traffic Services & Air Traffic Management – Part 4","010.07 Part 4 Q0007","What two action have to be undertaken if an aircraft penetrates the NTZ when independant parallel approaches are in progress?","The aircraft penetraring the NTZ will be vectored back on the final approach track, the other aircraft may continue the approach for landing","The other aircraft will receive new heading and altitude instructions from ATC to avoid a potentailly harzardous situation","The aircraft penetrating the NTZ has to perform a missed approach, the other aircraft may continue the approach for landing","Both aircraft have to immediately perform a missed approach to avoid a potentialy harzardous situation","The other aircraft will receive new heading and altitude instructions from ATC to avoid a potentailly harzardous situation","PDF"
"Air Traffic Services & Air Traffic Management – Part 4","010.07 Part 4 Q0008","When can the radar separation monitoring be terminated by the ATC during independent parallel approaches?","When the conditions at the aerodrome are VMC","When the visual separation is confirmed by each flight crew or when an aircraft has landed","Only when both aircraft have landed","When one aircraft has landed and the other one is performing a missed approach","When the visual separation is confirmed by each flight crew or when an aircraft has landed","PDF"
"Air Traffic Services & Air Traffic Management – Part 4","010.07 Part 4 Q0009","What is the value of the separation that has to be provided to two aircraft conducting independent parallel approaches?","Vertical separation of 2,000 ft (610 m) or horizontal separation of 5 NM (9.3 km)","The lateral separation of 610 m (2,000 ft) equal to the width of the NTZ is enough, no other separation minimum is required","Vertical separation of 1,000 ft (300 m) or horizontal separation of 3 NM (5.6 km)","Vertical separation of 2,000 ft (610 m) only, thus the """"high-"""" and """"low-side"""" of the approach","Vertical separation of 1,000 ft (300 m) or horizontal separation of 3 NM (5.6 km)","PDF"
"Air Traffic Services & Air Traffic Management – Part 4","010.07 Part 4 Q0011","What information has to be passed to the aircraft when the ATC issues the final vector for ILS/MLS approach track interception?","Runway designator, distance from threshold and QNH","Runway designator, altitude constraints, QNH and surface wind","Runway designator, distance from threshold, altitude constraints, clearance for approach","QNH and clearance for approach","Runway designator, distance from threshold, altitude constraints, clearance for approach","PDF"
"Air Traffic Services & Air Traffic Management – Part 4","010.07 Part 4 Q0012","What is the minimum distance between the extended runway centrelines that allows for dependent parallel approaches?","3001 ft","2999 ft","3002 ft","3000ft","3000ft","Synthesized"
"Air Traffic Services & Air Traffic Management – Part 4","010.07 Part 4 Q0013","What is the minimum value of the horizontal separation between two aircraft conducting dependent parallel approaches, which are established on the adjacent final approach tracks?","4 NM (7.4 km)","6 NM (11.1 km)","2 NM (3.7 km)","5 NM (9.3 km)","2 NM (3.7 km)","PDF"
"Air Traffic Services & Air Traffic Management – Part 4","010.07 Part 4 Q0014","What does it mean when two parallel runways are used for segregated operations?","Both runways are used for simultaneous departures and simultanious arrivals, alternatingly","One runway is used exclusively for approaches, and the second one - for either approaches for departures","One of the runways is dedicated to approach operations, and the other is used for departures only","The runways are used interchangeably for approach and departure operations","One of the runways is dedicated to approach operations, and the other is used for departures only","PDF"
"Air Traffic Services & Air Traffic Management – Part 4","010.07 Part 4 Q0015","Conducting segregated parallel operations requires the runway centrelines to be separated by at least 760 m. Which statement is true regarding a situation in which the threshold of the arrival runway is moved by 300 m towards the approach side?","The distance between the runway centrelines can be reduced to 700 m","None of the above","All of the above","Information not specified by ICAO regulations","The distance between the runway centrelines can be reduced to 700 m","Synthesized"
"Air Traffic Services & Air Traffic Management – Part 4","010.07 Part 4 Q0016","Regarding parallel runway operations, what is the minimum divergence of the departure tracks for conducting independent parallel departures?","30°","20°","5°","15","15","PDF"
"Air Traffic Services & Air Traffic Management – Part 4","010.07 Part 4 Q0017","With reference to parallel runway operations, what are mixed operations?","A mode of aerodrome operations in which all types of operations are permitted on both runways","None of the above","All of the above","Information not specified by ICAO regulations","A mode of aerodrome operations in which all types of operations are permitted on both runways","Synthesized"
"Air Traffic Services & Air Traffic Management – Part 4","010.07 Part 4 Q0018","Consider an aerodrome with two intersecting runways, 29/11 and 21/03. Which aircraft has the priority to conduct their operation?","An aircraft about to land on runway 29","An aircraft in the holding point of runway 29 intending to take off from that runway","An aircraft lined up on runway 21 intending to take off from that runway","29 and 21 are two separate runways, and so a landing on runway 29 and a take-off from runway","An aircraft about to land on runway 29","PDF"
"Air Traffic Services & Air Traffic Management – Part 4","010.07 Part 4 Q0019","What should an aerodrome control tower do if an aircraft transferred by another control service fails to establish contact, or, once the contact has been established, does not land within 5 minutes of the expected landing time?","The tower should close their flight plan","The tower should report that fact to the Area Control Centre (ACC) or the Flight Information","Centre (FIC)","The tower should report that fact to the Area Control Centre (ACC) or the Flight Information Centre (FIC)","The tower should report that fact to the Area Control Centre (ACC) or the Flight Information Centre (FIC)","PDF"
"Air Traffic Services & Air Traffic Management – Part 4","010.07 Part 4 Q0020","What information should be passed to the aircraft by the tower before taxi? Select the most complete answer.","Time","Runway in use","All answers are correct","Altimeter setting","All answers are correct","PDF"
"Air Traffic Services & Air Traffic Management – Part 4","010.07 Part 4 Q0021","What information should be passed to the aircraft by the tower shortly before take-off? Select the most complete answer.","Runway condition","QNH","Significant weather in the climbout area","All answers are correct","Significant weather in the climbout area","PDF"
"Air Traffic Services & Air Traffic Management – Part 4","010.07 Part 4 Q0022","Which answer lists all the surveillance methods utilised by the ATC?","Primary Surveillance Radar, Secondary Surveillance Radar, Multilateration","Primary Surveillance Radar, Secondary Surveillance Radar, RNAV","Secondary Surveillance Radar and Multilateration","RNAV and Multilateration","Primary Surveillance Radar, Secondary Surveillance Radar, Multilateration","PDF"
"Air Traffic Services & Air Traffic Management – Part 4","010.07 Part 4 Q0023","How can the aircraft be identified by the ATC based on the PSR indications? Select the most complete answer.","All answers are correct","Transfer of identification from previous control area","Correlation of aircraft position","Observation of heading changes or reported manoeuvres","All answers are correct","PDF"
"Air Traffic Services & Air Traffic Management – Part 4","010.07 Part 4 Q0024","How can the position information be expressed? Select the most complete","answer.","In relation to a runway threshold","In relation to a navigation aid","All answers are correct","All answers are correct","PDF"
"Air Traffic Services & Air Traffic Management – Part 4","010.07 Part 4 Q0025","How close to a controlled airspace boundary can an aircraft be vectored by an ATC?","Not closer than 6 NM from the controlled airspace boundary","Not closer than 2.5 NM from the controlled airspace boundary","Not closer than 8 NM from the controlled airspace boundary","Not closer than 15 NM from the controlled airspace boundary","Not closer than 2.5 NM from the controlled airspace boundary","PDF"
"Air Traffic Services & Air Traffic Management – Part 4","010.07 Part 4 Q0026","In what cases can an ATC vector an aircraft into uncontrolled airspace?","On a specific pilot request","In case circumnavigating adverse weather is necessary","All answers are correct","In case of an emergency","All answers are correct","PDF"
"Air Traffic Services & Air Traffic Management – Part 4","010.07 Part 4 Q0027","What is the distance from the threshold at which the vectoring of a Surveillance Radar Approach (SRA) has to be terminated?","2 NM","1 NM","4 NM","3 NM","2 NM","PDF"
"Air Traffic Services & Air Traffic Management – Part 4","010.07 Part 4 Q0028","Regarding Surveillance Radar Approaches (SRA), the distance and level information should be provided to an approaching aircraft _____.","every 0.5 NM (1 km)","every 2 NM (4 km)","every 4 NM (7.4 km)","every 1.5 NM (2.8 km)","every 0.5 NM (1 km)","PDF"
"Air Traffic Services & Air Traffic Management – Part 4","010.07 Part 4 Q0029","Can the ATC advise the crew to perform a missed approach procedure?","No, never; the landing decision is always made solely by the crew","No, because the position data possessed by the ATC is not precise enough","Yes, but only if the crew asks for the advice","Yes, if a successful landing from the present position of the aircraft seems unlikely","Yes, if a successful landing from the present position of the aircraft seems unlikely","PDF"
"Air Traffic Services & Air Traffic Management – Part 4","010.07 Part 4 Q0030","In which case should the ATC advise the crew to perform a missed approach? Select the most complete answer.","When the aircraft's position indicates the successful completion of the approach seems to be unlikely","When there are any doubts regarding the aircraft's position during any portion of the final approach","When the aircraft is not visible on the radar display within 2 NM (4 km) from touchdown","All answers are correct","All answers are correct","PDF"
"Air Traffic Services & Air Traffic Management – Part 4","010.07 Part 4 Q0031","What is the duty of the air traffic advisory service?","No other answer is correct","Vectoring aircraft to intercept the localiser on approach","Providing departure clearances","Providing separations to aircraft","No other answer is correct","PDF"
"Air Traffic Services & Air Traffic Management – Part 4","010.07 Part 4 Q0032","Which Mode A code is an aircraft equipped with an SSR transponder expected to operate to indicate specifically that it is subjected to an act of unlawful interference?","7500","7600","7700","7000","7500","PDF"
"Air Traffic Services & Air Traffic Management – Part 4","010.07 Part 4 Q0033","What squawk should be set on the transponder in case of two-way radiocommunication loss, if the code assigned by the ATC is 4251?","Code 4251 Mode C","Code 7500 mode C","Code 7700 Mode C","Code 7600 Mode C","Code 7600 Mode C","PDF"
"Air Traffic Services & Air Traffic Management – Part 4","010.07 Part 4 Q0034","In case of two-way communication failure, what can the ATC do? Select","the most complete answer.","The ATC can try to establish contact via any other frequency that may be monitored by the aircraft","All answers are correct","The ATC may make blind transmissions of all appropriate information on the frequencies believed to be monitored by the aircraft","All answers are correct","PDF"
"Air Traffic Services & Air Traffic Management – Part 4","010.07 Part 4 Q0035","What is a strayed aircraft?","An aircraft whose actual track deviates significantly from the intended track","It is regulated only at the national level","It applies only to military aircraft","All of the above","An aircraft whose actual track deviates significantly from the intended track","Synthesized"
"Air Traffic Services & Air Traffic Management – Part 4","010.07 Part 4 Q0036","In case of an emergency, what should be the minimum altitude for the fuel dumping procedure?","10,000 ft AMSL","Minimum Sector Altitude (MSA)","6,000 ft AGL","6,800 ft AGL","6,000 ft AGL","PDF"
"Air Traffic Services & Air Traffic Management – Part 4","010.07 Part 4 Q0037","When can an aircraft change its call sign?","When a possibility of confusion with other aircraft callsign exists, and even then only if instructed to do so by the ATC","None of the above","All of the above","Information not specified by ICAO regulations","When a possibility of confusion with other aircraft callsign exists, and even then only if instructed to do so by the ATC","Synthesized"
"Aeronautical Information Service (AIS)","010.08 Q0001","What is the objective of an Aeronautical Information Service (AIS)?","Promoting the usage of modern navigation techniques","Raising awareness of the importance of efficiency of information exchange for global air traffic","Improving safety and efficiency of air traffic","Improving safety, efficiency, economy and accessibility of air travel","Improving safety and efficiency of air traffic","PDF"
"Aeronautical Information Service (AIS)","010.08 Q0003","How many types of airspace restrictions are defined by ICAO Annex 15?","1","3","5","None","3","PDF"
"Aeronautical Information Service (AIS)","010.08 Q0004","What is the name of the airspace restriction, under which entering a specific zone is forbidden? Select the most complete answer.","Prohibited area","Forbidden zone","Restricted area","All answers are correct","Prohibited area","PDF"
"Aeronautical Information Service (AIS)","010.08 Q0005","Referring to international airports, which sentence is true? Select the","most complete answer.","Aprons are part of the manoeuvering area","Aprons are part of the movement area","Taxiways are part of the movement area, but not the manoeuvering area","Aprons are part of the movement area","PDF"
"Aeronautical Information Service (AIS)","010.08 Q0006","How can a contracting state fulfil the responsibility to provide","Aeronautical Information Service (AIS) on its territory? Select the most complete answer.","All answers are correct","By providing AIS singlehandedly","By establishing joint service with another state","All answers are correct","PDF"
"Aeronautical Information Service (AIS)","010.08 Q0007","What is the minimal availability of the Aeronautical Information Service (AIS) that a state must provide to all aircraft overflying its territory?","At least 2 hours before entering the area of coverage and 2 hours after leaving it","It is regulated only at the national level","It applies only to military aircraft","All of the above","At least 2 hours before entering the area of coverage and 2 hours after leaving it","Synthesized"
"Aeronautical Information Service (AIS)","010.08 Q0008","In which part of the Aeronautical Information Publication (AIP) information on meteorological information services can be found?","Part 2 – En-route (ENR)","In none of the parts","Part 3 – Aerodromes (AD)","Part 1 – General (GEN)","Part 1 – General (GEN)","PDF"
"Aeronautical Information Service (AIS)","010.08 Q0009","In which part of the Aeronautical Information Publication (AIP) information on interception of civil aircraft and air traffic incidents can be found?","Part 3 – Aerodromes (AD)","Part 1 – General (GEN)","Part 2 – En-route (ENR)","In none of the parts","Part 2 – En-route (ENR)","PDF"
"Aeronautical Information Service (AIS)","010.08 Q0010","In which part of the Aeronautical Information Publication (AIP) information on approach and runway lighting can be found?","Part 2 – En-route (ENR)","In none of the parts","Part 1 – General (GEN)","Part 3 – Aerodromes (AD)","Part 3 – Aerodromes (AD)","PDF"
"Aeronautical Information Service (AIS)","010.08 Q0011","Which information product can be used to announce permanent changes to the Aeronautical Information Publication (AIP)?","AIP amendment","Choosing the appropriate product is up to each Aeronautical Information Service (AIS) provider","AIP supplement","AIP amendment or supplement, depending on the extent of changes","AIP amendment","PDF"
"Aeronautical Information Service (AIS)","010.08 Q0012","Which change to the Aeronautical Information Publication (AIP) can be issued as an AIP supplement? Select the most complete answer.","A change of six months’ duration","A change of three months’ duration","All answers are correct","A change of three weeks’ duration, containing a considerable amount of text or graphics","All answers are correct","PDF"
"Aeronautical Information Service (AIS)","010.08 Q0013","Which kind of information can be issued as NOTAMs? Select the most complete answer. - All answers are correct - Information on temporary changes to aeronautic services and facilities - Information on short-duration changes to aeronautic procedures and services - Information on permanent changes to aeronautic procedures and facilities, which are introduced at short notice","Only the first option","None of the above","Only the third option","All answers are correct","All answers are correct","Synthesized"
"Aeronautical Information Service (AIS)","010.08 Q0014","What type of NOTAM can be used to inform about the condition of the surface of the aerodrome’s movement area?","SNOWTAM","None of the above","All of the above","Information not specified by ICAO regulations","SNOWTAM","Synthesized"
"Aeronautical Information Service (AIS)","010.08 Q0015","For how long is a SNOWTAM valid?","For a maximum of 24 hours","Duration of SNOWTAM’s validity is not regulated","Duration of SNOWTAM’s validity depends on the severity of weather conditions","For a maximum of 8 hours","For a maximum of 8 hours","PDF"
"Aeronautical Information Service (AIS)","010.08 Q0016","For how long is an ASHTAM valid?","Duration of ASHTAM’s validity is not regulated","For a maximum of 48 hours","For a maximum of 8 hours","For a maximum of 24 hours","For a maximum of 24 hours","PDF"
"Aeronautical Information Service (AIS)","010.08 Q0017","How long are the intervals between consecutive effective dates of changes issued under the Aeronautical Information Regulation and Control (AIRAC)?","- 1 month","- 28 days","- 6 months","28 days","28 days","PDF"
"Aeronautical Information Service (AIS)","010.08 Q0018","Which information products can be issued under the Aeronautical Information Regulation and Control (AIRAC)? Select the most complete answer.","AIP amendments and supplements","Aeronautical Information Circulars (AICs) and AIP supplements","AIP amendments and Aeronautical Information Circulars (AICs)","All answers are correct","AIP amendments and supplements","PDF"
"Aeronautical Information Service (AIS)","010.08 Q0019","Information under the Aeronautical Information Regulation and Control (AIRAC), which concerns major changes, qualifies for early distribution. How long before the effective date should such information reach recipients?","67.2 days","44.8 days","84 days","56 days","56 days","Synthesized"
"Aeronautical Information Service (AIS)","010.08 Q0020","Which kind of information can be published as Aeronautical Information Circulars (AICs)?","- Operationally significant aeronautical data","- Changes to aeronautic facilities introduced at short notice - Explanations concerning legislative and administrative issues - No other answer is correct","Explanations concerning legislative and administrative issues","None of the above","Explanations concerning legislative and administrative issues","Synthesized"
"Aeronautical Information Service (AIS)","010.08 Q0021","How often should a checklist of all Aeronautical Information Circulars (AICs) currently in force be published?","- At least twice a year","- At least once a year","- Once every three months","At least once a year","At least once a year","PDF"
"Aeronautical Information Service (AIS)","010.08 Q0022","Pre-flight information regarding which Flight Information Region (FIRs) must be provided to every aircraft? Select the most complete answer.","All answers are correct","The FIRs of departure and every FIR adjacent to it","The FIRs of departure and landing and every FIR adjacent to them","All FIRs covering the territory of the state of departure","The FIRs of departure and every FIR adjacent to it","PDF"
"Aeronautical Information Service (AIS)","010.08 Q0023","What is typically included in the Pre-flight Information Bulletin (PIB)? Select the most complete answer.","- Operationally significant NOTAMs","- You should have selected this answer","- Weather charts and maps","Operationally significant NOTAMs","Operationally significant NOTAMs","PDF"
"Aeronautical Information Service (AIS)","010.08 Q0024","Which post-flight information regarding flights ending at international airports should be collected from the flight crew and distributed by the AIS unit? Select","the most complete answer.","Information about the operation of navigation facilities and services","No other answer is correct","All answers are correct","All answers are correct","PDF"
"Aerodromes – Part 1","010.09 Part 1 Q0001","The aerodrome reference code is 3E. What should be the reference field length of an aircraft which is willing to land on such an aerodrome?","- From 1,800 m up to (but not including) 2,500 m","- From 1,200 m up to (but not including) 1,800 m","- From 800 m up to (but not including) 1,200 m","From 1,200 m up to (but not including) 1,800 m","From 1,200 m up to (but not including) 1,800 m","PDF"
"Aerodromes – Part 1","010.09 Part 1 Q0002","The aerodrome reference code is 2C. Which of the following statement is true? Select the most complete answer.","- All answer are correct.","- The aerodrome is suitable for all aircraft with a wingspan of 30 m, main gear span of","7 m, and a reference field length of 800 m","The aerodrome is suitable for all aircraft with a wingspan of 30 m, main gear span of 7 m, and a reference field length of 800 m","The aerodrome is suitable for all aircraft with a wingspan of 30 m, main gear span of 7 m, and a reference field length of 800 m","PDF"
"Aerodromes – Part 1","010.09 Part 1 Q0003","The aerodrome reference code is 3E. What should be the wingspan of an aircraft which is willing to land on such an aerodrome?","- From 36 m up to (but not including) 52 m","- From 24 m up to (but not including) 36 m","- From 52 m up to (but not including) 65 m","From 52 m up to (but not including) 65 m","From 52 m up to (but not including) 65 m","PDF"
"Aerodromes – Part 1","010.09 Part 1 Q0004","What is an aerodrome reference point?","- The designated aerodrome’s geographical location","- The location of the pre-flight altimeter check facility - The geographical location of a threshold - The elevation of the highest point within the area of an aerodrome","The designated aerodrome’s geographical location","It is regulated only at the national level","The designated aerodrome’s geographical location","Synthesized"
"Aerodromes – Part 1","010.09 Part 1 Q0005","A PCN of a taxiway is 50/R/A/W/U. Is an aircraft with an ACN of 40 allowed to use this taxiway?","Yes, provided that the taxiway is not contaminated","Yes, but only during the daytime","Yes, such an aircraft is always allowed to use this taxiway","No, such an aircraft is not allowed to use this taxiway","Yes, such an aircraft is always allowed to use this taxiway","PDF"
"Aerodromes – Part 1","010.09 Part 1 Q0006","A PCN of a taxiway is 45/F/B/X/U. Which of the following statement is true?","- The taxiway is suitable for all aircraft with the ACN of 37 and tyre pressure of 1,44","MPa","- The taxiway is suitable for an aircraft with the ACN of 45 and tyre pressure of 1.81","The taxiway is suitable for all aircraft with the ACN of 37 and tyre pressure of 1,44 MPa","The taxiway is suitable for all aircraft with the ACN of 37 and tyre pressure of 1,44 MPa","PDF"
"Aerodromes – Part 1","010.09 Part 1 Q0007","A PCN of a taxiway is 30/F/C/Y/U. Which of the following statement is true?","The taxiway is of flexible design, and it can support the maximum tyre pressure of 1.25","MPa","The taxiway is of rigid design, and it can support the maximum tyre pressure of 1.25","The taxiway is of flexible design, and it can support the maximum tyre pressure of 1.25 MPa","The taxiway is of flexible design, and it can support the maximum tyre pressure of 1.25 MPa","PDF"
"Aerodromes – Part 1","010.09 Part 1 Q0008","What does the abbreviation ‘ACN’ mean?","Airport Class Number","Aircraft Code Number","Aerodrome Classification Number","Aircraft Classification Number","Aircraft Classification Number","PDF"
"Aerodromes – Part 1","010.09 Part 1 Q0009","The derived load of a single wheel of an aircraft with a tyre pressure of 1.25 MPa is 22,000 kg. What is an ACN of such an aircraft?","44","66","22","88","44","PDF"
"Aerodromes – Part 1","010.09 Part 1 Q0010","What is a Stopway (SWY)?","- A rectangular area beyond the paved runway where aircraft perform a portion of their initial climb to a specific height - A rectangular area at the end of the runway used by aircraft only in case of abandoned take-off or other emergencies - A rectangular area at the end of the runway, where taking off or landing aircraft can stop - A rectangular area at the beginning of the runway that may only be used during the take-off of an aircraft","A rectangular area at the end of the runway used by aircraft only in case of abandoned take-off or other emergencies","It is regulated only at the national level","It applies only to military aircraft","A rectangular area at the end of the runway used by aircraft only in case of abandoned take-off or other emergencies","Synthesized"
"Aerodromes – Part 1","010.09 Part 1 Q0011","What is the minimum required width of a Stopway (SWY)?","- At least the same as the width of the associated runway - At least the same as the double width of the associated runway - The same as the width of the associated Clearway (CWY) - The same as the width of the associated runway strip","At least the same as the width of the associated runway","It is regulated only at the national level","It applies only to military aircraft","At least the same as the width of the associated runway","Synthesized"
"Aerodromes – Part 1","010.09 Part 1 Q0012","Which of the following is a rectangular area beyond the paved runway where aircraft perform a portion of their initial climb to a specific height?","RESA","Stopway (SWY)","Clearway (CWY)","Runway strip","Clearway (CWY)","PDF"
"Aerodromes – Part 1","010.09 Part 1 Q0013","The clearway (CWY) cannot be longer than _____, and it","should extend at least _____ on both sides of the runway centre line.","50% of the TORA; 75 m","50% of the TODA; 75 m","50% of the TORA; 60 m","50% of the TORA; 75 m","PDF"
"Aerodromes – Part 1","010.09 Part 1 Q0014","What is correct regarding a Stopway (SWY)? Select the most complete answer. When looking towards a Stopway (SWY), it is located right beyond the TORA","All answers are correct","When looking towards a Stopway (SWY), it is located right before the end of the ASDA","When looking from a Stopway (SWY), it is located right before the beginning of the","LDA","All answers are correct","PDF"
"Aerodromes – Part 1","010.09 Part 1 Q0015","Which of the following runway declared distances are affected by a displaced threshold?","TORA and TODA","LDA and ASDA","Only LDA","Only ASDA","Only LDA","PDF"
"Aerodromes – Part 1","010.09 Part 1 Q0017","What is a TODA?","The TORA plus the length of a Stopway (SWY), if provided","The TORA plus the length of a Clearway (CWY), if provided","The length of that part of the runway that is suitable for the ground run of an aircraft","The length of a runway that is declared to be available and suitable for the ground run of taking off aircraft","The TORA plus the length of a Clearway (CWY), if provided","PDF"
"Aerodromes – Part 1","010.09 Part 1 Q0018","In what situation all four declared distances have the same length?","- When a threshold of a runway is not displaced, and there is no Stopway (SWY) and","Clearway (CWY)","- When a threshold of a runway is displaced, and there is no Stopway (SWY), but","When a threshold of a runway is not displaced, and there is no Stopway (SWY) and Clearway (CWY)","When a threshold of a runway is not displaced, and there is no Stopway (SWY) and Clearway (CWY)","PDF"
"Aerodromes – Part 1","010.09 Part 1 Q0019","When may the term ‘FROST’ be used to describe the runway surface condition?","- When either the directional control or braking deceleration is observed to be between good and medium, so does the runway braking action reported by pilots - When the directional control or braking deceleration is observed to be between medium and poor, so does the runway braking action reported by pilots - When the directional control or braking deceleration is observed to be noticeably reduced, and when the runway braking action is reported by pilots to be medium - When the directional control and braking deceleration are observed to be normal, and when the runway braking action is reported by pilots to be good","When the directional control and braking deceleration are observed to be normal, and when the runway braking action is reported by pilots to be good","None of the above","All of the above","When the directional control and braking deceleration are observed to be normal, and when the runway braking action is reported by pilots to be good","Synthesized"
"Aerodromes – Part 1","010.09 Part 1 Q0020","When may the term ‘DRY SNOW’ be used to describe the runway surface condition?","When the specific mass of the snow is less than 0.5 grams per cubic metre","When it is not possible to make a snowball from snow readily","When the snow has very low water content","When a well-compacted solid snowball can be made from snow","When it is not possible to make a snowball from snow readily","PDF"
"Aerodromes – Part 1","010.09 Part 1 Q0021","When the term ‘COMPACTED SNOW’ is used to describe the runway surface condition, the RWYCC might be assessed as _____.","2 or 3","3 or 4","2 or 4","4 or 5","3 or 4","PDF"
"Aerodromes – Part 1","010.09 Part 1 Q0022","When the Runway Condition Code (RWYCC) is 3, which term can be used to describe the runway surface condition?","No other answer is correct","ICE","SLUSH","No other answer is correct RWYCC 3 = Wet, Dry snow or wet snow on top of compacted snow, Dry snow, Wet snow, and compacted snow","No other answer is correct RWYCC 3 = Wet, Dry snow or wet snow on top of compacted snow, Dry snow, Wet snow, and compacted snow","PDF"
"Aerodromes – Part 1","010.09 Part 1 Q0023","When the directional control or braking deceleration is observed to be significantly reduced, and when the runway braking action is reported by pilots to be poor, which term can be used to describe the runway surface condition?","ICE","WET ICE","STANDING WATER","WET","ICE","PDF"
"Aerodromes – Part 1","010.09 Part 1 Q0024","Which of the following statements is true? Select the most complete answer. - When the term ‘WET ICE’ is used to describe the runway surface condition, the Runway Condition Code (RWYCC) is always 1 - All answers are correct - When the term ‘WET SNOW’ is used to describe the runway surface condition, the layer of water lying on top of the ice must be at least 3 mm high - The term ‘WET ICE’ is used to describe the runway surface condition when the runway braking action is reported by pilots to be less than poor","The term ‘WET ICE’ is used to describe the runway surface condition when the runway braking action is reported by pilots to be less than poor","None of the above","All of the above","Information not specified by ICAO regulations","The term ‘WET ICE’ is used to describe the runway surface condition when the runway braking action is reported by pilots to be less than poor","Synthesized"
"Aerodromes – Part 1","010.09 Part 1 Q0025","Which braking action level corresponds to the surface friction coefficient equal to 0.2?","Good","Medium","Poor","Medium to good","Poor","PDF"
"Aerodromes – Part 1","010.09 Part 1 Q0026","What kinds of approach can be performed by aircraft using an instrument runway?","Only visual approaches","Visual and instrument approaches","Only instrument approaches","No other answer is correct","Visual and instrument approaches","PDF"
"Aerodromes – Part 1","010.09 Part 1 Q0027","What is the recommended width of a runway when the aerodrome reference code is 4D?","60 m","30 m","45 m","23 m","45 m","PDF"
"Aerodromes – Part 1","010.09 Part 1 Q0028","What is the purpose of a runway strip?","- To protect aircraft flying over the runway during take-off or landing and to minimize the potential damage to aircraft running off the runway - To protect aircraft waiting at the holding position from the jet blast - To protect wildlife from the harmful impact of noise and pollution - To make a runway clearly visible from the air","To protect aircraft flying over the runway during take-off or landing and to minimize the potential damage to aircraft running off the runway","It is regulated only at the national level","It applies only to military aircraft","To protect aircraft flying over the runway during take-off or landing and to minimize the potential damage to aircraft running off the runway","Synthesized"
"Aerodromes – Part 1","010.09 Part 1 Q0029","It is recommended that for runways with code number 2, 3, or 4, a runway strip should extend before the threshold and beyond the end of the runway or SWY to a distance of at least _____.","30 m","40 m","75 m","60 m","60 m","PDF"
"Aerodromes – Part 1","010.09 Part 1 Q0030","When a runway strip extends laterally on each side of the runway centre line for 60 m, what is true about the associated runway?","The associated runway might be an instrument runway with code number 2","The associated runway might be an instrument runway with code number 4","No other answer is correct","The associated runway might be a non-instrument runway with code number 3","No other answer is correct","PDF"
"Aerodromes – Part 1","010.09 Part 1 Q0031","It is recommended that for _____, the portion of the runway","strip within at least _____ from the centre line should provide a graded area.","instrument runways with code number 1 or 2; 60 m","instrument runways with code number 3 or 4; 40 m","instrument runways with code number 1 or 2; 40 m","instrument runways with code number 1 or 2; 40 m","PDF"
"Aerodromes – Part 1","010.09 Part 1 Q0032","Where should a RESA be located?","At the end of a runway strip","At the end of a runway","Between the end of a runway and the end of a runway strip","A the end of the TODA","At the end of a runway strip","PDF"
"Aerodromes – Part 1","010.09 Part 1 Q0033","What does the abbreviation RESA mean?","Runway End Security Area","Runway Enhanced Security Area","Runway Enhanced Safety Area","Runway End Safety Area","Runway End Safety Area","PDF"
"Aerodromes – Part 1","010.09 Part 1 Q0034","A Radio Altimeter Operating Area (RAOA) and should extend","laterally to a distance of at least _____ on each side of the runway centre line.","55 m","65 m","60 m","60 m","PDF"
"Aerodromes – Part 1","010.09 Part 1 Q0035","Which of the following statements is true? Select the most complete answer. - It is recommended that an aerodrome with code letter C, which is going to serve aircraft with a wheelbase of less than 18 m, should have TWYs of at least 15 m wide - All answers are correct - It is recommended that an aerodrome with code letter A should have TWYs of at least 7.5 m wide. - It is recommended that an aerodrome with code letter D, which is going to serve aircraft with a wheelspan of less than 9 m, should have TWYs of at least 18 m wide","Only the first option","None of the above","Only the third option","All answers are correct","All answers are correct","Synthesized"
"Aerodromes – Part 1","010.09 Part 1 Q0036","Holding bays should be provided within a taxiway system when the traffic density at an aerodrome is considered to be _____.","high","medium or high","very high","high or very high","medium or high","PDF"
"Aerodromes – Part 1","010.09 Part 1 Q0037","What should be the minimum distance between the centreline of a non-instrument runway with code number 2 and a holding bay?","30 m","40 m","75 m","50 m","40 m","PDF"
"Aerodromes – Part 1","010.09 Part 1 Q0038","What is the normal taxiing speed for runways with code number 3 or 4?","93 km/h","65 km/h","83 km/h","75 km/h","93 km/h","PDF"
"Aerodromes – Part 1","010.09 Part 1 Q0039","The intersection angle between the rapid-exit taxiway and the runway _____, and the radius of the turn-off curve of such an exit should be at least _____.","- cannot be greater than 45° and less than 25°; 550 m for runways with code numbers","3 and 4, and 275 m for runways with code numbers 1 and 2 - cannot be greater than 45° and less than 15°; 560 m for runways with code numbers","3 and 4, and 375 m for runways with code numbers 1 and 2 - cannot be greater than 30° and less than 25°; 550 m for runways with code numbers","cannot be greater than 45° and less than 25°; 550 m for runways with code numbers 3 and 4, and 275 m for runways with code numbers 1 and 2","cannot be greater than 45° and less than 25°; 550 m for runways with code numbers 3 and 4, and 275 m for runways with code numbers 1 and 2","PDF"
"Aerodromes – Part 2","010.09 Part 2 Q0001","Which statement is true concerning an aerodrome wind- direction indicator? Select the most complete answer.","- The colours of a wind-direction indicator are standardised, and it can only be orange- white or red-white - All answers are correct - At least 2 wind-direction indicators should be installed for each runway of the aerodrome - The location of a wind-direction indicator should be marked with a white circle of a 15 m diameter","The location of a wind-direction indicator should be marked with a white circle of a 15 m diameter","None of the above","All of the above","The location of a wind-direction indicator should be marked with a white circle of a 15 m diameter","Synthesized"
"Aerodromes – Part 2","010.09 Part 2 Q0002","What light colours must an aerodrome signalling lamp be able to produce?","Red, yellow, and green","Steady white and flashing white","White, red, and green","Either red, green or white","White, red, and green","PDF"
"Aerodromes – Part 2","010.09 Part 2 Q0003","What is a signal area?","- A yellow-background space used for presenting visual information on an aerodrome building where the ATS reporting office is placed - The area from which the ATC will send light signals to aircraft in case of a radiocommunication failure - The area where ground symbols providing visual information regarding the aerodrome conditions to over-flying aircraft are presented - No other answer is correct","The area where ground symbols providing visual information regarding the aerodrome conditions to over-flying aircraft are presented","It is regulated only at the national level","It applies only to military aircraft","The area where ground symbols providing visual information regarding the aerodrome conditions to over-flying aircraft are presented","Synthesized"
"Aerodromes – Part 2","010.09 Part 2 Q0004","What is the meaning of the aerodrome visual ground signal presented in the picture?","- The aircraft’s movements are restricted to paved surfaces during take-off and landing only; ground movements are not confined to the hard surfaces - The aircraft’s movements during taxiing, take-off and landing are restricted to paved surfaces only - Special precautions must be taken during approach or landing due to the bad state of the manoeuvring area - Right hand traffic pattern is in use at the aerodrome","The aircraft’s movements are restricted to paved surfaces during take-off and landing only; ground movements are not confined to the hard surfaces","It is regulated only at the national level","It applies only to military aircraft","The aircraft’s movements are restricted to paved surfaces during take-off and landing only; ground movements are not confined to the hard surfaces","Synthesized"
"Aerodromes – Part 2","010.09 Part 2 Q0005","Regarding the aerodrome markings, which elements are marked in yellow? Select the most complete answer.","Taxiways","All answers are correct","Aircraft stands","Runway turn pads","All answers are correct","PDF"
"Aerodromes – Part 2","010.09 Part 2 Q0006","Consider an aerodrome with three parallel runways. What should the runway designators look like?","No other answer is correct","27L/09R, 27C/09C, 27R/09L","27L/09R, 27/09, 27R/09L","27L/09L, 27C/09C, 27R/09R","27L/09R, 27C/09C, 27R/09L","PDF"
"Aerodromes – Part 2","010.09 Part 2 Q0007","Consider an aerodrome with four parallel runways. What should the runway designators look like?","27L/09L, 27/09, 27R/09R, 28/10","27L/09R, 27C/09C, 28/10, 27R/09L","27L/09R, 27R/09L, 28L/10R, 28R/10L","27L/09L, 27C/09C, 27R/09R, 28/10","27L/09R, 27R/09L, 28L/10R, 28R/10L","PDF"
"Aerodromes – Part 2","010.09 Part 2 Q0008","Which statement is true concerning the runway threshold markings?","The number of stripes depends on the runway width","The runway designator has to be placed before the threshold markings at all times","The distance between the runway threshold and the threshold markings depends on the runway width","The number of stripes depends on the runway Landing Distance Available (LDA)","The number of stripes depends on the runway width","PDF"
"Aerodromes – Part 2","010.09 Part 2 Q0009","Which statement is true concerning the runway aiming point markings?","- The aiming point markings have to be provided at the threshold of a paved instrument runway - The aiming point markings have to be placed before the runway designator at all times - The distance between the runway threshold and the aiming point markings depends on the runway Landing Distance Available (LDA) - The distance between the runway threshold and the aiming point markings depends on the runway width","The distance between the runway threshold and the aiming point markings depends on the runway Landing Distance Available (LDA)","None of the above","All of the above","The distance between the runway threshold and the aiming point markings depends on the runway Landing Distance Available (LDA)","Synthesized"
"Aerodromes – Part 2","010.09 Part 2 Q0010","What is the number of pairs of the touchdown zone markings correlated with?","The runway Landing Distance Available (LDA)","The runway width","The runway Take-Off Distance Available (TODA)","The runway instrument approach category","The runway Landing Distance Available (LDA)","PDF"
"Aerodromes – Part 2","010.09 Part 2 Q0011","What is the distance between the successive pairs of the touchdown zone markings, as well as between the threshold and the first pair of the touchdown zone markings?","300 m","150 m","The distance between the markings depends on the runway width","The distance between the markings depends on the Landing Distance Available (LDA)","150 m","PDF"
"Aerodromes – Part 2","010.09 Part 2 Q0012","When is the runway side stripe marking necessary?","At all times","When there is no contrast between the runway and the surrounding terrain","Never; it is an optional runway marking","Only for CAT III instrument runways","When there is no contrast between the runway and the surrounding terrain","PDF"
"Aerodromes – Part 2","010.09 Part 2 Q0013","What should be the colour of the taxiway centreline markings?","Yellow","White","Red","Blue","Yellow","PDF"
"Aerodromes – Part 2","010.09 Part 2 Q0014","Which of the presented taxiways may lead to a CAT III instrument runway?","3.","4.","1.","2","2","PDF"
"Aerodromes – Part 2","010.09 Part 2 Q0015","Where can holding position markings be placed? Select the","most complete answer.","At the exit boundary of a de-/anti-icing stand","At taxiway intersection","All answers are correct","All answers are correct","PDF"
"Aerodromes – Part 2","010.09 Part 2 Q0016","Concerning the apron lead-in lines, which type of the lead-in line gives correct guidance to one aircraft type only?","Offset lead-in line","Simple lead-in line","Curved lead-in line","Straight lead-in line","Offset lead-in line","PDF"
"Aerodromes – Part 2","010.09 Part 2 Q0017","What is the general name of the apron taxi lines shown in the picture?","Apron lead-in lines","Offset lead-out lines","Curved lead-out lines","Simple lead-in lines","Offset lead-out lines","PDF"
"Aerodromes – Part 2","010.09 Part 2 Q0018","What do apron safety lines serve for?","- Apron safety lines define the areas that can be used by ground vehicles and servicing equipment to provide safe separation from the aircraft - Apron safety lines mark the areas that cannot be accessed by the passengers boarding the aircraft - Apron safety lines warn a taxiing aircraft that it is approaching a hotspot - Apron safety lines warn a taxiing aircraft that it is approaching a runway","Apron safety lines define the areas that can be used by ground vehicles and servicing equipment to provide safe separation from the aircraft","It does not require any specific action","It varies by contracting state","Apron safety lines define the areas that can be used by ground vehicles and servicing equipment to provide safe separation from the aircraft","Synthesized"
"Aerodromes – Part 2","010.09 Part 2 Q0019","What has to be done when it is impracticable to place a runway identification sign associated with a runway holding position?","A 'NO ENTRY' sign has to be placed at the taxiway, and the aircraft should use other taxiways or backtrack to reach the runway threshold","No other answer is correct","A red stopbar has to be placed instead of the signs","Mandatory instruction markings have to be painted on the taxiway surface","Mandatory instruction markings have to be painted on the taxiway surface","PDF"
"Aerodromes – Part 2","010.09 Part 2 Q0020","How are locations indicated by aerodrome information markings?","By red markings with white lettering","By yellow markings with black lettering","By black markings with yellow lettering","By black markings with white lettering","By black markings with yellow lettering","PDF"
"Aerodromes – Part 2","010.09 Part 2 Q0021","How are directions indicated by aerodrome information markings?","By black markings with yellow lettering","By yellow markings with black lettering","By a yellow dashed line","By red markings with white lettering","By yellow markings with black lettering","PDF"
"Aerodromes – Part 2","010.09 Part 2 Q0022","What types of signs are used at aerodromes?","Information signs and mandatory instruction signs","Information signs and warning signs","Warning signs and safety signs","No other answer is correct","Information signs and mandatory instruction signs","PDF"
"Aerodromes – Part 2","010.09 Part 2 Q0023","Which statement is true concerning the illumination of aerodrome signs? Select the most complete answer.","- The illumination of signs needs to be installed in all cases when the instrument runway will be used at night - The illumination of signs needs to be installed if the runway is meant for use in low visibility conditions with RVR less than 400 m - The illumination of signs needs to be installed if the runway is meant for use in poor weather conditions with ceiling lower than 800 ft - All answers are correct","The illumination of signs needs to be installed in all cases when the instrument runway will be used at night","None of the above","All of the above","The illumination of signs needs to be installed in all cases when the instrument runway will be used at night","Synthesized"
"Aerodromes – Part 2","010.09 Part 2 Q0024","Runway holding position signs are _____.","information signs","runway designation signs","warning signs","mandatory instruction signs","mandatory instruction signs","PDF"
"Aerodromes – Part 2","010.09 Part 2 Q0025","What does an instrument runway holding position sign indicate?","The border of the Glide Path sensitive area","The border between the taxiway and the runway","The border of the ILS/MLS critical area","The border of the Localizer sensitive area","The border of the ILS/MLS critical area","PDF"
"Aerodromes – Part 2","010.09 Part 2 Q0026","Which of the following is not an information sign?","Location sign","Intersection take-off sign","Direction sign","No entry sign","No entry sign","PDF"
"Aerodromes – Part 2","010.09 Part 2 Q0027","What is the meaning of the aerodrome sign presented in the picture?","The sign indicates the direction towards a runway intersection","The sign indicates the direction towards a runway","The sign indicates the direction towards two different runways","No other answer is correct","The sign indicates the direction towards two different runways","PDF"
"Aerodromes – Part 2","010.09 Part 2 Q0028","What does the presented aerodrome sign indicate?","The length of the longest runway at the aerodrome","The Take-Off Distance Available (TODA) for an intersection take-off","The total runway length","The Take-Off Run Available (TORA) for an intersection take-off","The Take-Off Run Available (TORA) for an intersection take-off","PDF"
"Aerodromes – Part 2","010.09 Part 2 Q0029","What should be the colour of the taxiway edge markers?","Retroreflective blue","Retroreflective white","Retroreflective green","Retroreflective yellow","Retroreflective blue","PDF"
"Aerodromes – Part 2","010.09 Part 2 Q0030","Which picture shows an unpaved taxiway edge marker?","3","5","2","4","4","Synthesized"
"Aerodromes – Part 3","010.09 Part 3 Q0001","When should an aerodrome beacon be provided at an aerodrome?","If the aerodrome is intended for use by VFR flights and at night","If the aerodrome is located at the seashore","If the aerodrome is intended for use during the day only","If the aerodrome is intended for use by IFR flights","If the aerodrome is intended for use by VFR flights and at night","PDF"
"Aerodromes – Part 3","010.09 Part 3 Q0002","When do the aeronautical ground lights need to be illuminated?","24 hours a day","During the period of time at which the geometric centre of the sun is at least 6° below the horizon","From astronomical sunset to astronomical sunrise","From astronomical sunrise to astronomical sunset","During the period of time at which the geometric centre of the sun is at least 6° below the horizon","PDF"
"Aerodromes – Part 3","010.09 Part 3 Q0003","Which of the presented pictures shows a CAT I approach lighting system?","1","2","3","4","1","PDF"
"Aerodromes – Part 3","010.09 Part 3 Q0004","Considering a simple approach lighting system, how far beyond the runway should the fixed lights marking the extension of the runway centreline reach?","At least 900 m","At least 420 m","At least 620 m","At least 300 m","At least 420 m","PDF"
"Aerodromes – Part 3","010.09 Part 3 Q0005","Considering a CAT I precision approach lighting system, what is the distance between each pair of crossbars?","300 m","150 m","30 m","90 m","150 m","PDF"
"Aerodromes – Part 3","010.09 Part 3 Q0006","What is the full length of a CAT II/III precision approach lighting system?","901 m","899 m","902 m","900 m","900 m","Synthesized"
"Aerodromes – Part 3","010.09 Part 3 Q0007","Which statement is true concerning the CAT II/III precision approach lighting system? Select the most complete answer.","- The centre line beyond 300 m from the threshold may never be comprised of single light sources for CAT II/III operations - All answers are correct - If the centre line is made of barrettes, each of them should be supplemented by a flashlight flashing in a sequence that begins with the outermost light and progresses toward the threshold - If red sidebars are provided at the initial 270 m from the threshold, the first crossbar has to be displaced to 300 m from threshold","If the centre line is made of barrettes, each of them should be supplemented by a flashlight flashing in a sequence that begins with the outermost light and progresses toward the threshold","None of the above","All of the above","If the centre line is made of barrettes, each of them should be supplemented by a flashlight flashing in a sequence that begins with the outermost light and progresses toward the threshold","Synthesized"
"Aerodromes – Part 3","010.09 Part 3 Q0008","Which of the following is an example of the Visual Approach Slope Indicator Systems? Select the most complete answer.","APAPI","All answers are correct","PAPI","T-VASIS","All answers are correct","PDF"
"Aerodromes – Part 3","010.09 Part 3 Q0009","Consider a PAPI indication as shown in the picture. What is the aircraft's position relative to the required glide path?","Too low","Too high","On path","Well above the glide path","Too high","PDF"
"Aerodromes – Part 3","010.09 Part 3 Q0010","Consider an APAPI indication as shown in the picture. What is the aircraft's position relative to the required glide path?","Too low","Too high","On path","Well above the glide path","Too low","PDF"
"Aerodromes – Part 3","010.09 Part 3 Q0011","Consider a T-VASIS/AT-VASIS indication as shown in the picture. What is the aircraft's position relative to the required glide path?","Well above the glide path","Somewhat too high","On path","Somewhat too low","Somewhat too high","PDF"
"Aerodromes – Part 3","010.09 Part 3 Q0012","What is the name of the white lights shown in the picture, that are flashing in a sequence towards the runway?","Simple approach lighting system","Runway lead-in lights","Runway centreline lights","No other answer is correct","Runway lead-in lights","PDF"
"Aerodromes – Part 3","010.09 Part 3 Q0013","Where can yellow runway edge lights be installed?","Along the last 600 m of the take-off run, or along the last one-third of the runway length if the TORA is less than 1,800 m","Along the edge of that part of the runway, which precedes the touchdown zone markings","At the intersection of the runway and a taxiway","Along the whole edge of a runway","Along the last 600 m of the take-off run, or along the last one-third of the runway length if the TORA is less than 1,800 m","PDF"
"Aerodromes – Part 3","010.09 Part 3 Q0014","Where should the runway threshold lights be placed? Select the","most complete answer.","Not further than 3 m from the runway threshold","At the line of the displacement in case of a displaced runway threshold","All answers are correct","All answers are correct","PDF"
"Aerodromes – Part 3","010.09 Part 3 Q0015","What are wing bars?","An extension of the runway edge lights of at least 5 lights on each side of the runway","Apron taxiway lights providing clearance between the aircraft wings and aerodrome utilities","No other answer is correct","The horizontal elements of a VASI system","An extension of the runway edge lights of at least 5 lights on each side of the runway","PDF"
"Aerodromes – Part 3","010.09 Part 3 Q0016","What colour should the last 900 m of the centreline lights be?","Alternating red and orange","Red only","Alternating red and white initially, and red only for the last 300 m","Alternating red and orange initially, and red only for the last 300 m","Alternating red and white initially, and red only for the last 300 m","PDF"
"Aerodromes – Part 3","010.09 Part 3 Q0017","Which statement is true regarding the runway touchdown zone lights?","The runway touchdown zone lights should be placed along the initial 900 m of the runway, or up to the runway midpoint in case of runways shorter than 1,800 m","The runway touchdown zone lights should be placed 90 m before, and 90 m after the touchdown zone runway marking","The runway touchdown zone lights should be placed along the initial 600 m of the runway","The runway touchdown zone lights should always be placed up to the runway midpoint","The runway touchdown zone lights should be placed along the initial 900 m of the runway, or up to the runway midpoint in case of runways shorter than 1,800 m","PDF"
"Aerodromes – Part 3","010.09 Part 3 Q0018","What colour should the stopway lights be?","Unidirectional red","Omnidirectional red","Unidirectional green","Omnidirectional orange","Unidirectional red","PDF"
"Aerodromes – Part 3","010.09 Part 3 Q0019","What light colour should be used to mark the taxiway?","Yellow","White","Blue for the centreline, green for the taxiway edge","Green for the centreline, blue for the taxiway edge","Green for the centreline, blue for the taxiway edge","PDF"
"Aerodromes – Part 3","010.09 Part 3 Q0020","What light colour should be used to mark the joint of a runway and taxiway centreline?","The centreline lights should show alternate green and blue when viewed from the runway side, up to the edge of the ILS/MLS sensitive area","The centreline lights should show green and yellow when viewed from the taxiway side, and yellow when viewed from the runway side","No other answer is correct","The centreline lights should show alternate green and yellow when viewed from the runway side, up to the edge of the ILS/MLS sensitive area","The centreline lights should show alternate green and yellow when viewed from the runway side, up to the edge of the ILS/MLS sensitive area","PDF"
"Aerodromes – Part 3","010.09 Part 3 Q0021","When is a stop bar required at a runway holding point?","When the number of aircraft using the aerodrome is high","No other answer is correct","When the runway is intended for use in low visibility operations with RVR less than","When the runway is intended for use in low visibility operations with RVR less than 550 m","When the runway is intended for use in low visibility operations with RVR less than 550 m","PDF"
"Aerodromes – Part 3","010.09 Part 3 Q0022","What colour should the stop bar lights be?","The stop bar lights should be comprised of omnidirectional orange lights","The stop bar lights should show red in the direction of an aircraft taxiing towards the runway holding position","The stop bar lights should be comprised of omnidirectional white lights","The stop bar lights should show red in the direction of an aircraft vacating the runway","The stop bar lights should show red in the direction of an aircraft taxiing towards the runway holding position","PDF"
"Aerodromes – Part 3","010.09 Part 3 Q0023","What is the name and purpose of the lights presented in the picture?","- Runway guard lights warning the aircraft and ground vehicles of an upcoming taxiway-runway intersection - Intermediate holding position lights marking the border of ILS/MLS sensitive area - Stop bar lights warning aircraft and vehicles that they have to stop at the runway holding position - Intermediate holding position lights warning the aircraft and ground vehicles about an upcoming intersection of taxiways","Runway guard lights warning the aircraft and ground vehicles of an upcoming taxiway-runway intersection","It is regulated only at the national level","It applies only to military aircraft","Runway guard lights warning the aircraft and ground vehicles of an upcoming taxiway-runway intersection","Synthesized"
"Aerodromes – Part 4","010.09 Part 4 Q0001","What colour should all mobile objects on an aerodrome, such as airport service vehicles, be painted?","- Red","- Yellow","- Green","Yellow","Yellow","PDF"
"Aerodromes – Part 4","010.09 Part 4 Q0002","Select two colours that emergency vehicles can be marked with: 1. red; 2. yellowish green; 3. yellow; 4. blue - 2, 3 - 1, 2 - 1, 3 - 1, 4","1, 2","None of the above","All of the above","Information not specified by ICAO regulations","1, 2","Synthesized"
"Aerodromes – Part 4","010.09 Part 4 Q0003","With reference to moving object marking at an aerodrome, what should be the colour of a flag used to mark a moving vehicle?","Red and white striped","Orange","Red and white chequered","White and orange triangles","Red and white chequered","PDF"
"Aerodromes – Part 4","010.09 Part 4 Q0004","With reference to fixed obstacle marking at an aerodrome, what should be the colour of a flag used to mark an inconspicuous fixed obstacle?","- Orange","- Blue","- Black","Orange","Orange","PDF"
"Aerodromes – Part 4","010.09 Part 4 Q0005","Which obstacles are marked with white and red/orange spherical markers of 60 cm diameter? Select the most complete answer.","All answers are correct","5G antennas","Towers and masts","Electrical power lines","Electrical power lines","PDF"
"Aerodromes – Part 4","010.09 Part 4 Q0006","What colour should the low-intensity obstacle lights on mobile objects be?","Flashing blue or flashing yellow","Fixed red or, preferably, blue","Fixed red or, preferably, orange","Flashing blue","Flashing blue or flashing yellow","PDF"
"Aerodromes – Part 4","010.09 Part 4 Q0007","What colour should the low-intensity obstacle lights be on vehicles not associated with emergency or security services?","- Fixed red","- Flashing yellow","- Flashing blue","Flashing yellow","Flashing yellow","PDF"
"Aerodromes – Part 4","010.09 Part 4 Q0008","What colour should be the low-intensity obstacle lights on fixed aerodrome objects?","- Fixed red","- Fixed orange","- Flashing yellow","Fixed red","Fixed red","PDF"
"Aerodromes – Part 4","010.09 Part 4 Q0009","What colour should be the high-intensity obstacle lights on fixed aerodrome obstacles?","- Fixed orange","- Fixed red","- Flashing red","Flashing white","Flashing white","PDF"
"Aerodromes – Part 4","010.09 Part 4 Q0010","High-intensity obstacle lights should be used to indicate the presence of an object if its height above the ground level exceeds _____. The lights shall be _____.","100 m; flashing white lights","200 m; steady green lights","45 m; steady red lights","150 m; flashing white lights","150 m; flashing white lights","PDF"
"Aerodromes – Part 4","010.09 Part 4 Q0011","What symbols are used to mark a closed taxiway?","- Yellow 'X'","- White 'X'","- White arrows","Yellow 'X'","Yellow 'X'","PDF"
"Aerodromes – Part 4","010.09 Part 4 Q0012","What is the correct marking of a paved pre-threshold area greater than 60 m in length but not suitable for use by aircraft in any direction?","- Yellow 'X'","- White 'X'","- White arrows directing approaching aircraft to the displaced threshold - Yellow chevrons pointing towards the threshold","White 'X'","White 'X'","Synthesized"
"Aerodromes – Part 4","010.09 Part 4 Q0013","What is the main objective of a rescue and fire fighting service at an aerodrome?","- To respond within 3 minutes","- To save the aerodrome","- To save lives","To save lives","To save lives","PDF"
"Aerodromes – Part 4","010.09 Part 4 Q0014","Regarding the aerodrome emergency services, what is the response time?","- The time between the initial call to the RFF services and the moment at which the first responding vehicle is in position, ready to apply foam with at least a half of the specified discharge rate - The time between the mayday call and the moment at which the first member of the","RFF team is in the emergency vehicle, ready for dispatch - The time between the mayday call and the moment at which the first responding vehicle is in position, ready to apply foam with the full specified discharge rate - No other answer is correct","The time between the initial call to the RFF services and the moment at which the first responding vehicle is in position, ready to apply foam with at least a half of the specified discharge rate","None of the above","The time between the initial call to the RFF services and the moment at which the first responding vehicle is in position, ready to apply foam with at least a half of the specified discharge rate","Synthesized"
"Aerodromes – Part 4","010.09 Part 4 Q0015","What is the maximum response time for the RFF services to reach any part of the movement area of the aerodrome?","90 seconds","2 minutes","3 minutes","4 minutes","3 minutes","PDF"
"Aerodromes – Part 4","010.09 Part 4 Q0016","Which statement concerning the external ground handling equipment is true? Select the most complete answer.","- Ground handling equipment may never block evacuation paths during boarding, deboarding or during aircraft refuelling - Ground handling equipment may approach the aircraft no sooner than once all the passengers have disembarked - During aircraft refuelling, the ground handling equipment may never be plugged in - All answers are correct","Ground handling equipment may never block evacuation paths during boarding, deboarding or during aircraft refuelling","None of the above","All of the above","Ground handling equipment may never block evacuation paths during boarding, deboarding or during aircraft refuelling","Synthesized"
"Facilitation","010.10 Q0001","Which documents can be required to carry out clearance of the arriving aircraft?","General declaration, cargo manifest, passenger manifest, stores list","General declaration, flight crew declaration, cargo manifest, stores list","General declaration, passenger manifest, luggage manifest, stores list","General declaration, flight crew declaration, luggage manifest, stores list","General declaration, cargo manifest, passenger manifest, stores list","PDF"
"Facilitation","010.10 Q0002","According to regulations, how many copies of the general declaration can be demanded from the arriving aircraft?","Not specified by any regulations","2","3","1","3","PDF"
"Facilitation","010.10 Q0003","Which information must be always included in the general declaration?","Flight number, date and place of departure and arrival, number of passengers","Flight number, date and place of departure and arrival, declaration of health, names of the crew","Flight number, date and place of departure and arrival, declaration of health","Flight number, date and place of departure and arrival, flight routing, number of passengers","Flight number, date and place of departure and arrival, declaration of health","PDF"
"Facilitation","010.10 Q0004","Which of the following statements is true?","3 copies of the passenger manifest are required to enter any ICAO member state","The number of passengers must be always stated in the general declaration","A state of arrival cannot demand any information regarding the number of passengers","Passenger manifest can be demanded by some states","Passenger manifest can be demanded by some states","PDF"
"Facilitation","010.10 Q0006","In what circumstances the Crew Member Certificate","(CMC) can be used as the only identification document, not accompanied by a passport and visa? Select the most complete answer.","All answers are correct","When a holder is on duty","When a holder is arriving on an international flight or intending to join such a flight","All answers are correct","PDF"
"Facilitation","010.10 Q0007","Which documents can be demanded from the passengers entering a state? Select the most complete answer.","Identity card","All answers are correct","Identity card and visa","Valid passport and visa","Valid passport and visa","PDF"
"Facilitation","010.10 Q0008","If complications caused by force majeure lead to a situation in which a traveller does not possess a valid visa, they should be _____.","granted a flight to the state they arrived from","automatically granted a validity prolongation for a period equal to the delay denied entry, unless they apply for the visa renewal granted temporary entry to the state of arrival to take accommodation","granted temporary entry to the state of arrival to take accommodation","None of the above","granted temporary entry to the state of arrival to take accommodation","Synthesized"
"Facilitation","010.10 Q0009","In case of complications caused by force majeure, for whom should priority assistance be provided, according to regulations? Select the most complete answer.","Passengers with medical needs","Unaccompanied minors","All answers are correct","Passengers with disabilities","All answers are correct","PDF"
"Facilitation","010.10 Q0010","What form of luggage declaration can be demanded from passengers, whose luggage does not include any dutiable items? Select the most complete answer.","An oral declaration","You should have selected this answer","A written declaration","A demanded form of luggage declaration may differ for each contracting state","An oral declaration","PDF"
"Facilitation","010.10 Q0011","In which situation is luggage considered unaccompanied? Select the most complete answer.","When it is transported as cargo","All answers are correct","When it is transported without its owner onboard","When its owner cannot be identified","When it is transported as cargo","PDF"
"Facilitation","010.10 Q0012","A person denied entry to the state of arrival is called _____.","an unwanted person","an inadmissible person","an undesirable person","a persona non grata","an inadmissible person","PDF"
"Facilitation","010.10 Q0013","Who is responsible for taking an inadmissible person to the state where they will be admitted?","The aircraft operator","The state that denied entry","The inadmissible person","The state the inadmissible person is a citizen of","The aircraft operator","PDF"
"Facilitation","010.10 Q0015","Which documents must be presented to carry out clearance of cargo? Select the most complete answer.","Cargo manifest and air waybills","Cargo manifest and stores list","All answers are correct","Cargo manifest and luggage declaration","Cargo manifest and air waybills","PDF"
"Search and Rescue","010.11 Q0001","Which statement defines the Alert Phase?","Alert Phase is a situation in which the aircraft is in confirmed danger and passengers are in a life-threatening situation","Alert Phase is a situation where there is a concern about the safety of passengers and aircraft","Alert Phase is a situation in which the aircraft is in pending danger","Alert Phase is a situation in which there is uncertainty regarding the safety of aircraft and passengers","Alert Phase is a situation where there is a concern about the safety of passengers and aircraft","PDF"
"Search and Rescue","010.11 Q0002","How many sub-phases does the emergency phase have?","2","4","1","3","3","Synthesized"
"Search and Rescue","010.11 Q0003","""""A situation in which the aircraft is in danger and passengers are in a life-threatening situation and require immediate assistance"""" is the definition for _____.","distress phase","deadly phase","mayday phase","real emergency phase","distress phase","PDF"
"Search and Rescue","010.11 Q0004","What process describes a crash-landing where the aircraft is forced to land on water?","Precautionary landing","Forced landing","Ditching","Loss of control","Ditching","PDF"
"Search and Rescue","010.11 Q0005","What is the state of registry?","A state in which the aircraft is registered","It is regulated only at the national level","It applies only to military aircraft","All of the above","A state in which the aircraft is registered","Synthesized"
"Search and Rescue","010.11 Q0006","What does the Rescue Coordination Center (RCC) do?","It controls and coordinates search and rescue operations in the Search and Rescue Region (SRR)","It does not require any specific action","It varies by contracting state","It is not regulated by ICAO","It controls and coordinates search and rescue operations in the Search and Rescue Region (SRR)","Synthesized"
"Search and Rescue","010.11 Q0007","Search and Rescue (SAR) services should be operated _____ per day, to offer assistance to those who require it.","28.8 hours","19.2 hours","36 hours","24 hours","24 hours","Synthesized"
"Search and Rescue","010.11 Q0008","Areas of undetermined sovereignty shall be determined on the basis of _____.","regional air navigation agreements","None of the above","All of the above","Information not specified by ICAO regulations","regional air navigation agreements","Synthesized"
"Search and Rescue","010.11 Q0009","What responsibilities do the SAR contracting states have? Select the most complete answer.","Only the first option","None of the above","Only the third option","All answers are correct","All answers are correct","Synthesized"
"Search and Rescue","010.11 Q0010","Where are the SAR facilities located?","In each SAR region belonging to a contracting state","In specific locations spread around within the continent","In each contracting state that has access to the sea or the ocean","In each and every country","In each SAR region belonging to a contracting state","PDF"
"Search and Rescue","010.11 Q0011","Where should the contracting states establish the alerting posts?","In places with insufficient telecommunications infrastructure where visual identification of the aircraft is difficult","It is established at national level by each contracting state","At the headquarters of the operator","ICAO does not specify a location","In places with insufficient telecommunications infrastructure where visual identification of the aircraft is difficult","Synthesized"
"Search and Rescue","010.11 Q0012","Select the correct statement about contracting states.","A contracting state is obligated to allow immediate entry of rescue units of other contracting states","A contracting state is obliged to issue entry documents such as visa, to each member of the rescue units within 72 hours","A contracting state has the right to refuse immediate entry of rescue units of other contracting states","Rescue units have the right to cross borders between neighbouring countries without any formalities or required d","A contracting state is obligated to allow immediate entry of rescue units of other contracting states","PDF"
"Search and Rescue","010.11 Q0013","What is the mission of the COSPAS-SARSAT program?","To provide the emergency signal to SAR services, through satellites and ground components","To provide assistance and build aviation capacity through contracting states","To provide rescue operations that are carried out during war or near fight zones","To provide immediate medical support for people in need especially during a pandemic","To provide the emergency signal to SAR services, through satellites and ground components","PDF"
"Search and Rescue","010.11 Q0014","SAR requires the pilot-in-command to report the","emergency situation to the _____ by providing as much important information as possible.","Rescue Coordination Center (RCC) or Air Traffic Services Unit (ATSU)","ATC","SAR facility","Rescue Coordination Center (RCC) or Air Traffic Services Unit (ATSU)","PDF"
"Search and Rescue","010.11 Q0015","What is the important information that the pilot-in-","command should provide in case of emergency? Select the most complete answer.","Position as geographical coordinates of the vessel in distress, and time of the observation","All answers are correct","Identification and type of vessel in distress","All answers are correct","PDF"
"Search and Rescue","010.11 Q0016","Which information does NOT have to be reported in case of an emergency?","Number of missings","None of the above","All of the above","Information not specified by ICAO regulations","Number of missings","Synthesized"
"Search and Rescue","010.11 Q0017","Who acts on the behalf of the SAR units at the scene of the accident until they arrive?","Private or military aircraft","ICAO","EASA","The pilot-in-command","Private or military aircraft","Synthesized"
"Search and Rescue","010.11 Q0018","If the on-scene commander cannot contact the rescue units, what should he/she do?","Delegate this responsibility to the first aircraft to do so","None of the above","All of the above","Information not specified by ICAO regulations","Delegate this responsibility to the first aircraft to do so","Synthesized"
"Search and Rescue","010.11 Q0019","Which answer does NOT belong to the procedures for pilot-in-command intercepting a distress transmission?","Send visual signals","Acknowledge the distress transmission","Report the danger to Rescue Coordination Center (RCC)","Record the position of the accident","Send visual signals","PDF"
"Search and Rescue","010.11 Q0020","An aeroplane is flying over the ocean when it intercepts a distress call. The pilot-in-command follows the necessary procedure for intercepting a distress transmission, but the radio operator at that area asks the pilot to standby. What should the pilot do while waiting for further instructions?","Descend to a lower flight level for better visual search","Call the operator (airlines) and ask for SAR help, also inform that the flight will be diverted to the closest airport at the end of the duty","Proceed to the position given in the distress message","Make a general call asking other aeroplanes and ships to assist","Proceed to the position given in the distress message","PDF"
"Search and Rescue","010.11 Q0021","What is the first visual step done by an aeroplane to inform a vessel about another vessel in distress and guide it to the location of the accident?","The aircraft must circulate around the craft at least once","The aircraft must fly above the craft at least once","The aircraft must fly parallel to the craft at a very low altitude only once","The pilot switches on and off twice the aircraft's navigation lights","The aircraft must circulate around the craft at least once","PDF"
"Search and Rescue","010.11 Q0022","What is the second step of visual guidance to direct a","surface craft towards an aircraft or a surface craft in distress? Select the most complete answer.","Crossing the projected course of the surface craft close ahead at low altitude and changing the propeller pitch","All answers are correct","Crossing the projected course of the surface craft close ahead at low altitude and reopening and closing the throttle","All answers are correct","PDF"
"Search and Rescue","010.11 Q0023","Which signal code used by survivors indicates that medical assistance is needed?","V","N","X","H","X","PDF"
"Search and Rescue","010.11 Q0024","If a pilot is flying in a mountainous region and notices a 'V' symbol on the ground, what does this symbol mean?","Assistance is required","Medical assistance is required","A safe site for a helicopter to land","Crash site","Assistance is required","PDF"
"Search and Rescue","010.11 Q0025","Using the ground-air visual code, the symbol 'LLL' means _____.","operation completed","None of the above","All of the above","Information not specified by ICAO regulations","operation completed","Synthesized"
"Search and Rescue","010.11 Q0026","Using the ground-air visual code, the symbol 'XX' means _____.","nothing found, will continue to search","we have found all personnel","operation completed","we are not able to continue, returning to the base","we are not able to continue, returning to the base","PDF"
"Search and Rescue","010.11 Q0027","Which signal code is used by survivors on the ground to indicate """"AFFIRMATIVE"""" signal?","Y","A","F","YES","Y","PDF"
"Search and Rescue","010.11 Q0028","Which signal code is used by survivors on the ground to indicate """"NEGATIVE"""" signal?","N","Y","No","V","N","PDF"
"Search and Rescue","010.11 Q0029","How can a pilot confirm that he/she understood the ground signals during daytime rescue operations?","By circulating twice around the crash site at a relatively low altitude","By rocking the aircraft’s wings","By switching on and off twice the aircraft's navigation lights","By making a 360° manoeuvre","By rocking the aircraft’s wings","PDF"
"Search and Rescue","010.11 Q0030","How can a pilot confirm that he/she understood the ground signals during night rescue operations (in the dark)?","By flying over a group of people in distress as low as possible with landing lights on","By flashing the landing lights twice","By switching off all the lights for few seconds then turning them all on","By switching on and off twice the aircraft's navigation lights","By flashing the landing lights twice","PDF"
"Search and Rescue","010.11 Q0031","Who assigned the colours of the streamers attached to droppable containers and packages used in SAR operations?","JAA","ECAC","NATO","ICAO","ICAO","Synthesized"
"Search and Rescue","010.11 Q0032","What is the colour of a streamer attached to droppable containers and packages with miscellaneous equipment (e.g. cooking equipment)?","Black","It is regulated only at the national level","It applies only to military aircraft","All of the above","Black","Synthesized"
"Search and Rescue","010.11 Q0033","The colour of droppable containers and streamers for food and water is _____.","blue","None of the above","All of the above","Information not specified by ICAO regulations","blue","Synthesized"
"Search and Rescue","010.11 Q0034","Inside the container with _____ streamer , there are medical supplies and first aid kits.","red","None of the above","All of the above","Information not specified by ICAO regulations","red","Synthesized"
"Search and Rescue","010.11 Q0035","The containers with yellow streamers contain survival equipment such as _____.","emergency blankets and protective clothing","None of the above","All of the above","Information not specified by ICAO regulations","emergency blankets and protective clothing","Synthesized"
"Search and Rescue","010.11 Q0036","The frequencies _____ are emergency frequencies used for the communication between aircraft in distress and SAR","aircraft.","131.5 MHz and 343.0 kHz","119.7 MHz and 6182 MHz","121.5 MHz and 243.0 MHz","121.5 MHz and 243.0 MHz","PDF"
"Search and Rescue","010.11 Q0037","The emergency locator beacon transmit on 406 MHz","and _____ simultaneously.","963 MHz","121.5 MHz","343.0 kHz","121.5 MHz","PDF"
"Security","010.12 Q0001","What is an Airside?","Airside is a privately owned area where the airport is located","Airside is an area, on a land aerodrome, intended to load/unload passengers, mail or cargo, fuelling, parking or maintenance","Airside is the area of the runway and its surroundings, that is used for the take-off, landing, and taxiing of aircrafts","Airside is the movement area of an airport beyond passport and customs control, the access to this area is controlled","Airside is the movement area of an airport beyond passport and customs control, the access to this area is controlled","PDF"
"Security","010.12 Q0002","By referring to the ICAO definitions, what is the meaning of security control?","A program implemented by relevant national civil aviation security which is required by an airline, airport, or other entity involved in security","The application by which the entry of unauthorized personnel, vehicles, prohibited items, etc... may be prevented","The application of technical or other means of security which are intended to identify and/or detect prohibited items","The application by which the introduction of prohibited articles (e.g. weapons, explosives, or other dangerous goods) may be prevented","The application by which the introduction of prohibited articles (e.g. weapons, explosives, or other dangerous goods) may be prevented","PDF"
"Security","010.12 Q0003","""""Security"""" is a term defined by the ICAO as _____.","- a combination of measurements including human and material resources, intended to safeguard civil aviation against acts of unlawful interference - a protection against acts of unlawful interference - a precaution to prevent any threats or potentially dangerous situations from arising or entering the country - an intention to safeguard international civil aviation against acts of unlawful interference","a combination of measurements including human and material resources, intended to safeguard civil aviation against acts of unlawful interference","None of the above","All of the above","a combination of measurements including human and material resources, intended to safeguard civil aviation against acts of unlawful interference","Synthesized"
"Security","010.12 Q0004","What is the aircraft security check?","An inspection of the interior of an aircraft to which passengers may have had access to discover suspicious objects, weapons, explosives or other dangerous devices, articles and substances","An inspection of the passengers' documents such as passports and visas, to discover suspicious illegal immigrants","An inspection of the baggage intended for carriage in the hold of an aircraft","An inspection to ensure the security of the cargo","An inspection of the interior of an aircraft to which passengers may have had access to discover suspicious objects, weapons, explosives or other dangerous devices, articles and substances","PDF"
"Security","010.12 Q0005","Define the term 'screening' as a part of the security","control","Screening is the practice of using technical or other means to identify and/or detect prohibited articles such as weapons, explosives, dangerous devices","Screening is the application of radar to detect aircraft flying overhead prohibited areas","Screening is running a background check on passengers before they are allowed to enter the state of destination","Screening is the practice of using technical or other means to identify and/or detect prohibited articles such as weapons, explosives, dangerous devices","PDF"
"Security","010.12 Q0006","Which acts are considered unlawful interference? Select the most complete answer.","False threat, dummy weapons","All answers are correct","Terrorism, sabotage","Hijack, bombing","All answers are correct","PDF"
"Security","010.12 Q0007","Unidentified luggage is _____.","luggage at an airport, with or without a name tag, which is not picked up by or identified with its owner missing luggage which has been checked in for a flight by a passenger travelling on that same flight and didn't reach the designated destination luggage intended for transport in the hold of an aircraft luggage in an aircraft cabin or cargo compartment which is not accompanied by a passenger","luggage at an airport, with or without a name tag, which is not picked up by or identified with its owner","None of the above","All of the above","luggage at an airport, with or without a name tag, which is not picked up by or identified with its owner","Synthesized"
"Security","010.12 Q0008","Which areas are 'security-restricted areas' as defined by ICAO?","The baggage and passenger check-in areas","The airside areas, extending 5 NM away from the airport","All airport buildings area","The areas of airside that are determined as priority risk areas","The areas of airside that are determined as priority risk areas","PDF"
"Security","010.12 Q0009","Security-restricted areas in an airport include luggage make-up areas, cargo sheds, ramp, and _____.","VIP terminals","aircraft maintenance hangar","check-in areas","airport buildings","aircraft maintenance hangar","PDF"
"Security","010.12 Q0010","The ICAO comprise rules to give higher priority to the","safety of _____ against acts of unlawful interference within civil aviation.","airport building","cabin baggage and checked baggage","passengers, crew, ground personnel, and general public","passengers, crew, ground personnel, and general public","PDF"
"Security","010.12 Q0011","What is the objective of aviation security?","To safeguard international civil aviation operations against acts of unlawful interference","To ensure that adequate maintenance standards are applied by all operators","To ensure that commercial flight operations are safe and secure","To regulate the transportation of dangerous goods by air","To safeguard international civil aviation operations against acts of unlawful interference","PDF"
"Security","010.12 Q0012","Who establishes the national civil aviation security programme?","ICAO","Each contracting state","ECAC","ICAO and other organizations including the contracting state concerned","Each contracting state","PDF"
"Security","010.12 Q0013","What responsibilities does each contracting state have? Select the most complete answer.","Create an organization to face any increased security threat","Implement procedures to ensure regularity and efficiency of flights","All answers are correct","Develop regulations regarding the safety of flights","All answers are correct","PDF"
"Security","010.12 Q0014","Each airport has security measurements to prevent prohibited items on board aeroplanes. Which of these items are illegal to carry? Select the most complete answer.","All answers are correct","Magnetic items and corrosives","Narcotics","Miscellaneous dangerous goods","All answers are correct","PDF"
"Security","010.12 Q0015","According to ICAO, each contracting state must ensure and maintain the security programme _____.","for every airline operating in the state","for international airports within the state","for each airport serving civil aviation","for all airports within the state and neighbouring countries' airports","for each airport serving civil aviation","PDF"
"Security","010.12 Q0016","Who is responsible to take proper actions if there is a security threat on board an aircraft which is still parking at the gate during boarding procedures? Select the most complete answer.","Pilot-in-command","Police","Airport manager","All answers are correct","All answers are correct","PDF"
"Security","010.12 Q0017","ICAO states that passengers and their cabin luggage must be protected from the point passengers _____.","enter the airport until they depart","enter the screening area until they board the aircraft","receive their boarding passes until they enter the passport check area enter the departure airport until they arrive at the arrival airport","None of the above","enter the screening area until they board the aircraft","Synthesized"
"Security","010.12 Q0018","What procedure should be followed in case of mixing between checked and unchecked passengers or any doubt about passengers' luggage?","Concerned passengers and their cabin luggage must be re-screened before boarding the aircraft","It is not necessary to check concerned passengers and their luggage because the luggage was already checked","Consider screening only the luggage of the passenger in doubt","Consider checking the passengers' documents","Concerned passengers and their cabin luggage must be re-screened before boarding the aircraft","PDF"
"Security","010.12 Q0019","What is the procedure for unaccompanied baggage to be carried on board an aircraft?","The baggage must be physically searched before loading aboard the aircraft","The baggage is to be placed in a secure and isolated area in the baggage hold","Quarantine procedures need to be applied","Additional security measures need to be applied","Additional security measures need to be applied","PDF"
"Security","010.12 Q0020","Contracting state must ensure that the _____ are","informed about a special category passenger.","ICAO and airport manager","police and pilot-in-command","operator and pilot in command","operator and pilot in command","PDF"
"Security","010.12 Q0021","If a passenger is obliged to travel due to legal proceeding, the contracting state shall establish measures to ensure that _____.","the aircraft operator and the pilot-in-command are asked for permission the aircraft operator and the pilot-in-command are informed the pilot-in-command is asked for permission and the aircraft operator is informed the aircraft operator is asked for permission and the pilot-in-command is informed","the aircraft operator and the pilot-in-command are informed","None of the above","All of the above","the aircraft operator and the pilot-in-command are informed","Synthesized"
"Security","010.12 Q0022","Who should be informed if any law enforcement officers carrying weapons are on board?","Pilot-in-command","Operator","Ground staff","Police","Pilot-in-command","PDF"
"Security","010.12 Q0023","What information should be known if any law enforcement officers carrying weapons are on board?","The number of armed persons only","The number of armed persons and their seat location","The number of armed persons and the type of the carried weapons","Personal information about the armed persons, including nationality","The number of armed persons and their seat location","PDF"
"Security","010.12 Q0024","What are the duties of a person authorized to carry the weapon on board an aeroplane? Select the most complete answer.","The authorized persons must hide their weapons all the time, to prevent any chaos during the flight","The weapons carried are not loaded, safely stored, and inaccessible to any person during flight time","The weapons carried must be stored in the cockpit where it is inaccessible to any person during flight time","All answers are correct","The weapons carried are not loaded, safely stored, and inaccessible to any person during flight time","PDF"
"Security","010.12 Q0025","Following an act of unlawful interference on board an aircraft, the commander must_____.","submit a report to the competent authority and shall inform the designated local authority contact the local authority inform the Air Traffic Services (ATS) refer to the operator (airline)","submit a report to the competent authority and shall inform the designated local authority","None of the above","All of the above","submit a report to the competent authority and shall inform the designated local authority","Synthesized"
"Security","010.12 Q0026","How should a contracting state assist an aeroplane","subjected to an act of unlawful seizure during a flight? Select the most complete answer.","By providing navigational aids","All answers are correct","By giving the permission to land as it may be necessitated by the circumstances","All answers are correct","PDF"
"Security","010.12 Q0027","If an unlawful interference occurred during a flight, who shall take adequate measures for the safety of passengers and crew of an aircraft until the aeroplane lands?","The aeroplane's operator (airline)","ICAO","The contracting state in which the unlawful interference occurred","Pilot-in-command","The contracting state in which the unlawful interference occurred","PDF"
"Security","010.12 Q0028","How should a contracting state assist an aeroplane subjected to an act of unlawful seizure when the plane lands?","The contracting states will only assist with the provision of navigational aids and air transit services","The contracting state should ensure that the concerned aeroplane would be detained on the ground unless it would endanger human life","The contracting states should ensure that the concerned aeroplane will be detained on the ground in all cases","The contracting states should request help from the police and local authorities to protect human life","The contracting state should ensure that the concerned aeroplane would be detained on the ground unless it would endanger human life","PDF"
"Security","010.12 Q0029","After an act of unlawful interference on board an aeroplane, the _____ has to submit a report to competent authority and","shall inform the designated local authority.","ICAO's committee","airport manager","pilot-in-command","pilot-in-command","PDF"
"Security","010.12 Q0030","What does a member state require from foreign states to allow police officers, security staff, bodyguards, or other agents of foreign states to carry weapons on its territory to protect the flight?","Agreement between the state of embarkation and the state of destination and permission from the airport of arrival","Agreement between the state of embarkation and the airport of arrival","The state of embarkation must inform the foreign state priorly regarding the weapons that will be carried at the airport of arrival and notification of the pilot-in-command's decision to allow weapons to be carried on board the aeroplane","The state of embarkation must ask for the permission of transit, however, the permission is not guaranteed","The state of embarkation must inform the foreign state priorly regarding the weapons that will be carried at the airport of arrival and notification of the pilot-in-command's decision to allow weapons to be carried on board the aeroplane","PDF"
"Security","010.12 Q0031","Who should the state of a country notify after an aircraft","has landed on its territory due to an act of unlawful interference? Select the most complete answer.","State of registry of the aeroplane","All answers are correct","State of the operator","All answers are correct","PDF"
"Security","010.12 Q0032","Each contracting state shall assist an aircraft that has been subjected to an act of unlawful interference _____.","until their journey can be continued","until the aeroplane diverts to the closest airport","during the investigation period","until the aeroplane returns to its country of origin","until their journey can be continued","PDF"
"Security","010.12 Q0033","Each contracting state should ensure that operators providing services for commercial air transport have _____.","performed a security search of the aircraft prior to each flight informed appropriate authority regarding the identity of operators and the nature of the agreement established additional measures relating to security screening of flight, passport check, and cabin crew baggage carried on board established, implemented, and maintained a written operator security programme","established, implemented, and maintained a written operator security programme","None of the above","All of the above","established, implemented, and maintained a written operator security programme","Synthesized"
"Security","010.12 Q0034","What should the pilot-in-command do in case of unlawful interference? Select the most complete answer.","Notify the appropriate Air Traffic Service (ATS) units to minimize conflict with other aeroplanes","All answers are correct","Attempt to land the aircraft immediately at the nearest aerodrome, unless considerations aboard the aircraft dictate otherwise","Submit a report to the competent authority and shall inform the designated local authority","All answers are correct","PDF"
"Security","010.12 Q0035","When an aircraft subjected to unlawful interference departs from its assigned track or cruising level without being able to communicate with Air Traffic Service (ATS), the pilot-in-command will NOT _____.","attempt to broadcast warnings on VHF emergency frequency attempt to fly at the corresponding IFR flight level plus or minus 500 ft, and change route every 5 minutes by 15° proceed according to the procedures established in the Regional","Supplementary Procedures","attempt to broadcast warnings on the VHF channel in use","attempt to fly at the corresponding IFR flight level plus or minus 500 ft, and change route every 5 minutes by 15°","attempt to fly at the corresponding IFR flight level plus or minus 500 ft, and change route every 5 minutes by 15°","Synthesized"
"Security","010.12 Q0036","Which transponder code (squawk) is set to inform about a danger?","7800","7500","7700","7600","7700","PDF"
"Security","010.12 Q0037","Which transponder code (squawk) is set when radio communication is lost?","7500","7600","7800","7700","7600","PDF"
"Security","010.12 Q0038","Which transponder code (squawk) should be set when the aeroplane has been hijacked?","7500","7800","7600","7700","7500","PDF"
"Security","010.12 Q0039","If no procedures for in-flight contingencies have been established the pilot-in-command should _____.","proceed at a level which differs from the cruising levels normally used for IFR flight by 150 m (500 ft) in an area where a vertical separation minimum of 300 m (1 000 ft) is applied, or 300 m (1 000 ft) in an area where a vertical separation minimum of 600 m (2 000 ft) is applied proceed in accordance with applicable special procedures for in-flight contingencies proceed at a level which differs from the cruising levels normally used for IFR flight by 150 m (500 ft) in an area where a vertical separation minimum of 600 m (2000 ft) is applied proceed at a level which differs from the cruising levels normally used for IFR flight by 600 m (2000 ft) in an area where a vertical separation minimum of 150 m (500 ft) is applied","proceed at a level which differs from the cruising levels normally used for IFR flight by 150 m (500 ft) in an area where a vertical separation minimum of 300 m (1 000 ft) is applied, or 300 m (1 000 ft) in an area where a vertical separation minimum of 600 m (2 000 ft) is applied","None of the above","All of the above","proceed at a level which differs from the cruising levels normally used for IFR flight by 150 m (500 ft) in an area where a vertical separation minimum of 300 m (1 000 ft) is applied, or 300 m (1 000 ft) in an area where a vertical separation minimum of 600 m (2 000 ft) is applied","Synthesized"
"Security","010.12 Q0041","What is the minimum distance between an aeroplane that has been subject to unlawful interference and other parking areas, buildings, public areas, or underground utilities such as gas and aviation fuel?","300 m","50 m","100 m","200 m","100 m","PDF"
"Security","010.12 Q0042","Select the correct statement concerning the flight crew compartment door. All passenger-carrying aeroplanes, despite the capacity, shall be equipped with an approved flight crew compartment door All aeroplanes of maximum take-off mass over 25,500 kg or passenger aeroplane with more than 10 passenger seats, shall be equipped with an approved flight crew compartment door","All commercial aeroplanes must be equipped with an approved flight crew compartment door","All passenger-carrying aeroplanes of maximum take-off mass over","45,500 kg or aeroplane with more than 60 passenger seats, shall be equipped with an approved flight crew compartment door","All passenger-carrying aeroplanes of maximum take-off mass over 45,500 kg or aeroplane with more than 60 passenger seats, shall be equipped with an approved flight crew compartment door","All passenger-carrying aeroplanes of maximum take-off mass over 45,500 kg or aeroplane with more than 60 passenger seats, shall be equipped with an approved flight crew compartment door","Synthesized"
"Security","010.12 Q0043","What are the features of the flight crew compartment door inside an aeroplane? Select the most complete answer.","The flight crew compartment door resists forcible intrusions by unauthorized persons","The flight crew compartment door resists penetration of bullets and grenade shrapnel","All answers are correct","The flight crew compartment door closes during the flight and is capable of being locked and unlocked from the cockpit only","All answers are correct","PDF"
"Accident / Incident Investigation","010.13 Q0001","To which value does the term 'maximum mass' used in this chapter refer? Select the most complete answer.","Maximum fuel mass","Maximum Certified Take-Off Mass (MCTOM)","All answers are correct","Maximum landing mass","Maximum Certified Take-Off Mass (MCTOM)","PDF"
"Accident / Incident Investigation","010.13 Q0002","What is a state of manufacture?","State government that is in power in the region","State with jurisdiction over the airlines","State authority of transportation","State with jurisdiction over the organisation which is responsible for the final assembly of an aircraft","State with jurisdiction over the organisation which is responsible for the final assembly of an aircraft","PDF"
"Accident / Incident Investigation","010.13 Q0003","What is a state of operator?","State authority of transportation","Country of operation of the airlines","State government that is in power in the region","State in which the operator's principal place of business is located","State in which the operator's principal place of business is located","PDF"
"Accident / Incident Investigation","010.13 Q0004","What is a state of design?","State with jurisdiction over the organisation responsible for the type design","State where the design of the aircraft takes place","Country of operation of the airlines","State authority of transportation","State with jurisdiction over the organisation responsible for the type design","PDF"
"Accident / Incident Investigation","010.13 Q0005","What is categorised as an accident in the aviation industry? Select the most complete answer.","Occurrence associated with the operation of aircraft starting from boarding of the first passenger until disembarking of the last passenger","Aircraft sustains a structural failure","All answers are correct","Aircraft is missing or completely inaccessible","All answers are correct","PDF"
"Accident / Incident Investigation","010.13 Q0006","When is the human injury classified as an aircraft accident? Select the most complete answer.","Injury occurs when the person is in the aircraft","Injury occurs as a result of indirect contact with the aircraft's parts, including detached parts","Injury occurs as a result of direct exposure to the jet blast","All answers are correct","All answers are correct","PDF"
"Accident / Incident Investigation","010.13 Q0007","What is classified as a serious injury? Select the most complete answer.","Fracture of any bone (except simple fractures of fingers, toes or nose)","Injury that involves internal organs, second- or third-degree burns","Injury that requires 48 hours of hospitalization, commencing within 7 days from the injury","All answers are correct","All answers are correct","PDF"
"Accident / Incident Investigation","010.13 Q0008","What is an incident?","Incident is an occurrence that affects or could affect the safe operation of the aircraft but with no fatalities or injuries","Incident is when all the passengers are injured onboard","Incident is any event onboard an aircraft","Incident is the same as accident","Incident is an occurrence that affects or could affect the safe operation of the aircraft but with no fatalities or injuries","PDF"
"Accident / Incident Investigation","010.13 Q0009","Which among the following is categorised as an incident?","Jet blast injury","Crash landing","Lightning strike","Radiation exposure","Lightning strike","PDF"
"Accident / Incident Investigation","010.13 Q0010","Which among the following is catagorised as a serious incident? Select the most complete answer.","Fires","Near collision","All the answers are correct","Emergency use of oxygen","All the answers are correct","PDF"
"Accident / Incident Investigation","010.13 Q0011","Which of the following devices is a flight recorder?","Flight Data Recorder (FDR) and Cockpit Voice Recorder (CVR)","Cabin Recorder (CR)","Crew Voice Recorder (CVR)","Flight Path Recorder (FPR)","Flight Data Recorder (FDR) and Cockpit Voice Recorder (CVR)","PDF"
"Accident / Incident Investigation","010.13 Q0012","Where are the FDR and CVR usually located?","In the cockpit","In the aft section of the aircraft","In the baggage section","Under the floorboard in the cabin","In the aft section of the aircraft","PDF"
"Accident / Incident Investigation","010.13 Q0013","What are the important steps to be carried out during an investigation? Select the most complete answer.","All the answers are correct","Making safety recommendations","Gathering and analysis of information","All answers are correct","All answers are correct","PDF"
"Accident / Incident Investigation","010.13 Q0014","Which of the following is not an objective of an investigation?","Finding people guilty or liable","Determination of causes","Ensuring the safety of future flights","Prevention of accidents or incidents","Finding people guilty or liable","PDF"
"Accident / Incident Investigation","010.13 Q0015","Which of the following authorities must be informed by state of occurrence, in case of an occurrence of a serious incident or an accident? Select the most complete answer.","State of registry","State of manufacture","State of design","All answers are correct","All answers are correct","PDF"
"Accident / Incident Investigation","010.13 Q0016","If the state of occurrence is not aware of the serious incident, who is responsible for notifying the other authorities?","State of design","State of manufacture","State of registry or the state of operator","The transportation board of the state","State of registry or the state of operator","PDF"
"Accident / Incident Investigation","010.13 Q0017","Which authority can start an investigation if the accident occurs in a contracting state?","State of operator","State of design","State of occurrence","State of manufacture","State of occurrence","PDF"
"Accident / Incident Investigation","010.13 Q0018","Which authority can not start an investigation if the accident occurs in a non-contracting state?","State of occurrence","State of design","State of manufacture","State of operator","State of occurrence","PDF"
"Accident / Incident Investigation","010.13 Q0019","When the accident or a serious incident occurs in a state outside the territory of any state, which state is responsible for the investigation?","State of design","State of operator","State of manufacture","State of registry","State of registry","PDF"
"Accident / Incident Investigation","010.13 Q0020","What are the responsibilities of the state conducting the investigation? Select the most complete answer.","Issuance of safety recommendations","Gathering, recording, and analysing information","All answers are correct","Determination of causes","All answers are correct","PDF"
"Accident / Incident Investigation","010.13 Q0021","Choose the regulation whose aim is to improve aviation","safety by the expeditious holding of investigation.","Regulation (EU) No 535/2010","Regulation (EU) No 956/2012","Regulation (EU) No 376/2014","Regulation (EU) No 376/2014","PDF"
"Accident / Incident Investigation","010.13 Q0022","Which of the following rules fall under Regulation (EU)","No 376/2014 for improving aviation safety? Select the most complete answer.","All answers are correct","Proper use of collected safety information and dissemination of information","Integration of information into the European Central Repository (ECR)","All answers are correct","PDF"
"Accident / Incident Investigation","010.13 Q0023","Which of the following occurrences have to be reported to the European Co-ordination Centre for Accident and Incident Reporting Systems (ECCAIRS)? Select the most complete answer.","All answers are correct","Occurrences related to technical conditions, maintenance and repair of aircraft","Occurrences related to air navigation services and facilities","Occurrences related to aerodromes and ground services","All answers are correct","PDF"
"Accident / Incident Investigation","010.13 Q0024","Which of the following occurrences are related to the operation of aircraft? Select the most complete answer.","Occurrences during take-off and landing","Occurrences that are fuel-related","Occurrences in-flight","All answers are correct","All answers are correct","PDF"
"Accident / Incident Investigation","010.13 Q0025","Which of the following occurrences are related to","technical conditions, maintenance, and repair of aircraft? Select the most complete answer.","Occurrences related to structural defects","All answers are correct","Occurrences related to propulsion and APU problems","All answers are correct","PDF"
"Accident / Incident Investigation","010.13 Q0026","Which of the following occurrences are related to air navigation services and facilities?","Aerodrome activities","Ground handling services","System malfunctions","Collisions, near collisions or potential for collisions","Collisions, near collisions or potential for collisions","PDF"
"Accident / Incident Investigation","010.13 Q0027","Which of the following occurrences are related to aerodromes and ground services? Select the most complete answer.","Occurrences related to aerodrome activities and facilities","Occurrences related to the handling of passengers, luggage, mail, and cargo","All answers are correct","Occurrences related to aircraft ground handling and related services","All answers are correct","PDF"
"Accident / Incident Investigation","010.13 Q0028","What are the member states obligated to do in case they find information that has not been captured in the mandatory reporting system?","The organisations in the member state shall establish a voluntary reporting system to facilitate collection of information","The state will not share this information unless they are compensated","The state of occurrence shall go ahead with the investigation","The state shall keep this information to themselves as a matter of internal security","The organisations in the member state shall establish a voluntary reporting system to facilitate collection of information","PDF"
