"Section","QuestionID","Question","ChoiceA","ChoiceB","ChoiceC","ChoiceD","CorrectAnswer","Source"
"Airframe – 021.01","021.01 Q0001","What is the unit of strain?","Strain is unitless","Option 2","Option 3","Option 4","Strain is unitless","Synthesized"
"Airframe – 021.01","021.01 Q0002","What is the unit of stress?","N/mm^2","Option 2","Option 3","Option 4","N/mm^2","Synthesized"
"Airframe – 021.01","021.01 Q0003","What are the basic loads that occur in bending? Select the most complete answer. I. Tension II. Torsion III. Shear IV. Compression","I, III, and IV","I and IV","I, II, III and IV","Option 2","I, III, and IV","Synthesized"
"Airframe – 021.01","021.01 Q0004","What characterises the dynamic loads?","They are dependent on time","Option 2","Option 3","Option 4","They are dependent on time","Synthesized"
"Airframe – 021.01","021.01 Q0005","What is the consequence of material fatigue?","Decreased material strength, possibly leading to structural failure","Option 2","Option 3","Option 4","Decreased material strength, possibly leading to structural failure","Synthesized"
"Airframe – 021.01","021.01 Q0006","Which factors influence fatigue behaviour? Select the most complete answer.","All answers are correct","Option 2","Option 3","Option 4","All answers are correct","Synthesized"
"Airframe – 021.01","021.01 Q0007","What is the cause of material fatigue?","Cyclic loading","Static loading","Dynamic loading","Buckling of the structure","Cyclic loading","Evionica"
"Airframe – 021.01","021.01 Q0008","Which of these areas are susceptible to stress corrosion? Select the most complete answer.","Landing gear legs","All answers are correct","Empennage","Wingtips","Landing gear legs","Evionica"
"Airframe – 021.01","021.01 Q0009","What is the purpose of EASA certification? Select the most complete answer.","To ensure that aircraft complies with safety requirements","All answers are correct","To enable easier tracking of aircraft supply and demand in EASA member states","Option 2","To ensure that aircraft complies with safety requirements","Synthesized"
"Airframe – 021.01","021.01 Q0010","What types of aeroplanes are included in CS-23 certification specification? Select the most complete answer. i.Normal ii. Large aeroplanes iii. Aerobatic and Commuter iv. Utility","I, III and IV","Option 2","Option 3","Option 4","I, III and IV","Synthesized"
"Airframe – 021.01","021.01 Q0011","What is the maximum capacity of commuter category aeroplanes?","19 or fewer seats, excluding pilot(s)","Option 2","Option 3","Option 4","19 or fewer seats, excluding pilot(s)","Synthesized"
"Airframe – 021.01","021.01 Q0012","What is the MTOW (Maximum Take-off Weight) of normal, utility and aerobatic category aeroplanes?","5670 kg (12500 lb)","Option 2","Option 3","Option 4","5670 kg (12500 lb)","Synthesized"
"Airframe – 021.01","021.01 Q0013","What types of aeroplanes are included in CS-25 certification specification? Select the most complete answer. i.Normal ii. Large aeroplanes iii. Aerobatic and Commuter iv. Utility","Only II","Option 2","Option 3","Option 4","Only II","Synthesized"
"Airframe – 021.01","021.01 Q0014","What is the basic principle of safe-life design philosophy?","The structure is replaced or removed based on its design life","Option 2","Option 3","Option 4","The structure is replaced or removed based on its design life","Synthesized"
"Airframe – 021.01","021.01 Q0015","What is the basic principle of fail-safe design philosophy?","If one part of the structure fails, its loads are taken by another adjacent part","The structure is replaced or removed based on its design life","Multiple systems or elements serve the same purpose","The structure is designed in such a way, that a failure is impossible, hence the fail-safe name","If one part of the structure fails, its loads are taken by another adjacent part","Evionica"
"Airframe – 021.01","021.01 Q0016","What is the basic principle of redundancy?","Multiple systems or elements serve the same purpose","All mission critical equipment is mounted in a single space to provide easier maintenance access","Each element or system serves a single purpose, but their operation is monitored in real time","The structure is replaced or removed based on its design life","Multiple systems or elements serve the same purpose","Evionica"
"Airframe – 021.01","021.01 Q0017","What is the basic principle of hard time maintenance?","Items or assemblies are removed based on their operational time","Option 2","Option 3","Option 4","Items or assemblies are removed based on their operational time","Synthesized"
"Airframe – 021.01","021.01 Q0018","What is the basic principle of on condition maintenance?","Items or assemblies are removed for service when sign of imminent failure present themselves","Items or assemblies are removed based on their operational time","Aeroplanes are designed with multiple systems or elements that serve the same purpose","Items or assemblies are removed for service when maintenance personnel decides to do so","Items or assemblies are removed for service when sign of imminent failure present themselves","Evionica"
"Airframe – 021.02 (1)","021.02 (1) Q0001","Which attachment method is most commonly used in aircraft construction?","Riveting","Option 2","Option 3","Option 4","Riveting","Synthesized"
"Airframe – 021.02 (1)","021.02 (1) Q0002","In which direction do rivets work best? Select the most complete answer.","Shear","Option 2","Option 3","Option 4","Shear","Synthesized"
"Airframe – 021.02 (1)","021.02 (1) Q0003","Which attachment method requires high heat during manufacture process?","Welding","Option 2","Option 3","Option 4","Welding","Synthesized"
"Airframe – 021.02 (1)","021.02 (1) Q0004","Which attachment method is used to seal impermeable components, such as fuel tanks?","Adhesive bonding","Option 2","Option 3","Option 4","Adhesive bonding","Synthesized"
"Airframe – 021.02 (1)","021.02 (1) Q0005","Which attachment method is mainly used to attach lighter aircraft components?","Screwing","Option 2","Option 3","Option 4","Screwing","Synthesized"
"Airframe – 021.02 (1)","021.02 (1) Q0006","Which attachment method involves fusing two materials together?","Welding","Option 2","Option 3","Option 4","Welding","Synthesized"
"Airframe – 021.02 (1)","021.02 (1) Q0007","Use of which materials is increasing in modern aircraft construction?","Composites","Option 2","Option 3","Option 4","Composites","Synthesized"
"Airframe – 021.02 (1)","021.02 (1) Q0008","Which metal is most commonly used in aircraft construction?","Aluminium","Option 2","Option 3","Option 4","Aluminium","Synthesized"
"Airframe – 021.02 (1)","021.02 (1) Q0009","What is the main difference between composites and metal alloys?","In composites elements stay separate, instead of mixing as they do in alloys","Option 2","Option 3","Option 4","In composites elements stay separate, instead of mixing as they do in alloys","Synthesized"
"Airframe – 021.02 (1)","021.02 (1) Q0010","What materials are used for composite matrices in aviation?","Epoxy and polyester resins","Option 2","Option 3","Option 4","Epoxy and polyester resins","Synthesized"
"Airframe – 021.02 (1)","021.02 (1) Q0011","What are 3 most widely used reinforcing materials in aviation composite structures?","Carbon, glass and aramid fibres","Option 2","Option 3","Option 4","Carbon, glass and aramid fibres","Synthesized"
"Airframe – 021.02 (1)","021.02 (1) Q0012","Why can the composite structures be designed for a single direction of the load?","Because they are anisotropic, and their properties are not the same in all directions","Option 2","Option 3","Option 4","Because they are anisotropic, and their properties are not the same in all directions","Synthesized"
"Airframe – 021.02 (1)","021.02 (1) Q0013","Which sentence describing the electrical conductivity of the composites is true?","Most composites are electrical insulators, so conductive metal meshes are used in composite structures.","Most composites conduct electricity easily, so conductive composite meshes are used in metal structures.","Composites conduct electricity very similarly to metals","Electrical conductivity of composites depends heavily on their carbon content","Most composites are electrical insulators, so conductive metal meshes are used in composite structures.","Evionica"
"Airframe – 021.02 (1)","021.02 (1) Q0014","What is the advantage of a high-mounted wing configuration?","Higher ground clearance for engines and more convenient access to rear-fuselage cargo door","Option 2","Option 3","Option 4","Higher ground clearance for engines and more convenient access to rear-fuselage cargo door","Synthesized"
"Airframe – 021.02 (1)","021.02 (1) Q0015","What is the advantage of a low-mounted wing configuration?","Good upward visibility and access to engines mounted under the wings","Option 2","Option 3","Option 4","Good upward visibility and access to engines mounted under the wings","Synthesized"
"Airframe – 021.02 (1)","021.02 (1) Q0016","What is the most serious disadvantage of the T-tail configuration?","Susceptibility to a deep stall, with tailplane placed in the stream of highly disturbed air coming off the wings","Option 2","Option 3","Option 4","Susceptibility to a deep stall, with tailplane placed in the stream of highly disturbed air coming off the wings","Synthesized"
"Airframe – 021.02 (1)","021.02 (1) Q0017","How is mid- or low-mounted tailplane disadvantageous in a spin? Select the most complete answer.","It shields the rudder from the airflow, decreasing its authority","All answers are correct","Interference with the airflow coming off the wings creates a yawing moment preventing the spin recovery","It generates lift force at the back of the aeroplane, upsetting the spin recovery","It shields the rudder from the airflow, decreasing its authority","Evionica"
"Airframe – 021.02 (1)","021.02 (1) Q0018","What is the main function of the wing spar?","It absorbs the bending generated by the lift force","Option 2","Option 3","Option 4","It absorbs the bending generated by the lift force","Synthesized"
"Airframe – 021.02 (1)","021.02 (1) Q0019","What is the main function of the skin?","It takes the loads generated by the pressure differences","Option 2","Option 3","Option 4","It takes the loads generated by the pressure differences","Synthesized"
"Airframe – 021.02 (1)","021.02 (1) Q0020","What is the main function of the stringers?","They support the skin","They provide traction for the control surfaces","They take the loads generated by the pressure differences","They pass loads from the landing gear, engines and control surfaces to wing spars and ribs","They support the skin","Evionica"
"Airframe – 021.02 (1)","021.02 (1) Q0021","What is the main function of the ribs?","They support the skin and maintain its aerofoil shape","Option 2","Option 3","Option 4","They support the skin and maintain its aerofoil shape","Synthesized"
"Airframe – 021.02 (1)","021.02 (1) Q0022","Which of these requirements must be true for an aeroplane to stay in a steady horizontal flight? Select the most complete answer.","All answers are correct","The lift must counteract the weight of the aeroplane","The thrust must counteract the drag of the aeroplane","Aeroplane's acceleration in all 3 axes must be equal to 0","All answers are correct","Evionica"
"Airframe – 021.02 (2)","021.02 (2) Q0001","Why is the rectangular fuselage not used in large aeroplanes?","It cannot be used in pressurised structures","Option 2","Option 3","Option 4","It cannot be used in pressurised structures","Synthesized"
"Airframe – 021.02 (2)","021.02 (2) Q0002","Why is oval fuselage shape optimal in pressurised aeroplanes?","Because hoop stresses are spread evenly in the fuselage","Option 2","Option 3","Option 4","Because hoop stresses are spread evenly in the fuselage","Synthesized"
"Airframe – 021.02 (2)","021.02 (2) Q0003","What is the main function of frames?","They support the skin and give it shape","Option 2","Option 3","Option 4","They support the skin and give it shape","Synthesized"
"Airframe – 021.02 (2)","021.02 (2) Q0004","What is the main function of doublers?","They support cut-outs in the skin of the aeroplane","Option 2","Option 3","Option 4","They support cut-outs in the skin of the aeroplane","Synthesized"
"Airframe – 021.02 (2)","021.02 (2) Q0005","What is the function of blow-out panels?","They burst in the event of a decompression, which limits the damage to the rest of the structure","Option 2","Option 3","Option 4","They burst in the event of a decompression, which limits the damage to the rest of the structure","Synthesized"
"Airframe – 021.02 (2)","021.02 (2) Q0006","What is the main function of the firewall in the aircraft's structure?","It protects the crew and passengers in the event of an engine fire","Option 2","Option 3","Option 4","It protects the crew and passengers in the event of an engine fire","Synthesized"
"Airframe – 021.02 (2)","021.02 (2) Q0007","How do plug type doors stay sealed at high altitude?","Due to the pressure differential between inside and outside the doors are pressed into their mounting","Option 2","Option 3","Option 4","Due to the pressure differential between inside and outside the doors are pressed into their mounting","Synthesized"
"Airframe – 021.02 (2)","021.02 (2) Q0008","Direct vision window is:","An openable window which provides a sufficient outside view to operate an aeroplane","Option 2","Option 3","Option 4","An openable window which provides a sufficient outside view to operate an aeroplane","Synthesized"
"Airframe – 021.02 (2)","021.02 (2) Q0009","How can seating too high influence pilot's performance?","Seated too high, the glare shield can limit the view of the instrument panel","Option 2","Option 3","Option 4","Seated too high, the glare shield can limit the view of the instrument panel","Synthesized"
"Airframe – 021.02 (2)","021.02 (2) Q0010","How can seating too low influence pilot's performance?","Seated too low, the visibility from the cockpit is impaired by the increase of the blind area looking forward","Option 2","Option 3","Option 4","Seated too low, the visibility from the cockpit is impaired by the increase of the blind area looking forward","Synthesized"
"Airframe – 021.02 (2)","021.02 (2) Q0011","What can be the result of a nose-wheel landing? Select the most complete answer.","All answers are correct","Option 2","Option 3","Option 4","All answers are correct","Synthesized"
"Airframe – 021.02 (2)","021.02 (2) Q0012","What can be the result of a tail strike? Select the most complete answer.","Damage to the aft pressure bulkhead","Option 2","Option 3","Option 4","Damage to the aft pressure bulkhead","Synthesized"
"Airframe – 021.02 (2)","021.02 (2) Q0013","What are the pressurisation loads?","Axial stress and hoop stress","Option 2","Option 3","Option 4","Axial stress and hoop stress","Synthesized"
"Airframe – 021.03 (1)","021.03 (1) Q0001","Which of the following statements is true?","The pressure at the bottom is the same in all containers","The pressure at the bottom is greater in container no. 1 than in container no. 2","The pressure at the bottom is greater in container no. 2 than in container no. 1","The pressure at the bottom is greater in container no. 3 than in container no. 2","The pressure at the bottom is the same in all containers","Evionica"
"Airframe – 021.03 (1)","021.03 (1) Q0002","What does Pascal’s law state?","A pressure change in one part of the confined and incompressible fluid will be transmitted throughout the fluid without loss, so the same change occurs everywhere","In open containers, the hydrostatic pressure depends only on the height of the fluid","For every action, there is an opposite and equal reaction","The state of an amount of gas is determined by its pressure, volume, and temperature","A pressure change in one part of the confined and incompressible fluid will be transmitted throughout the fluid without loss, so the same change occurs everywhere","Evionica"
"Airframe – 021.03 (1)","021.03 (1) Q0003","Which of the following formulas is true? (p – pressure, F – force, A – area)","F = p × A","F = p / A","Option 2","Option 3","F = p × A","Synthesized"
"Airframe – 021.03 (1)","021.03 (1) Q0004","What force applied to the right-hand side piston would balance the force applied to the left-hand piston?","4,500 N","500 N","1,500 N","750 N","4,500 N","Evionica"
"Airframe – 021.03 (1)","021.03 (1) Q0005","The force, the value of which is 2,000 N, made the piston on the left-hand side travel a distance of 0.5 m. What is the distance travelled by the piston on the right-hand side?","0.2 m","0.125 m","0.5 m","0.25 m","0.2 m","Evionica"
"Airframe – 021.03 (1)","021.03 (1) Q0006","Why is it important to be very careful when handling hydraulic fluids? Select the most complete answer.","Because hydraulic fluids are skin and eye irritants","All answers are correct","Because hydraulic fluids are typically flammable","Because hydraulic fluids are highly volatile","Because hydraulic fluids are skin and eye irritants","Evionica"
"Airframe – 021.03 (1)","021.03 (1) Q0007","Hydraulic fluids are considered to be incompressible at pressures up to _____.","276.7 bar","346 bar","267.7 bar","364 bar","276.7 bar","Evionica"
"Airframe – 021.03 (1)","021.03 (1) Q0008","Which of the following statements is true?","Different types of hydraulic fluids must not be mixed","Mineral and synthetic hydraulic fluids can be mixed, but vegetable fluids must not be mixed with any other type of fluid","Different types of hydraulic fluids can be mixed freely","Vegetable and mineral hydraulic fluids can be mixed, but synthetic hydraulic fluids must not be mixed with any other type of fluid","Different types of hydraulic fluids must not be mixed","Evionica"
"Airframe – 021.03 (1)","021.03 (1) Q0009","Which of the following statements is true?","The lower the pressure, the lower the boiling temperature of the water","The lower the pressure, the higher the boiling temperature of the water","The lower the pressure, the lower the temperature of the water","The lower the pressure, the higher the temperature of the water","The lower the pressure, the lower the boiling temperature of the water","Evionica"
"Airframe – 021.03 (1)","021.03 (1) Q0010","What is true about SKYDROL?","No other answer is correct","SKYDROL Type 500A or B is green, whereas SKYDROL Type 700 is purple","SKYDROL is refined mineral-based oil","SKYDROL has a low boiling point","No other answer is correct","Evionica"
"Airframe – 021.03 (1)","021.03 (1) Q0011","What is true about DTD 585?","DTD 585 is refined mineral-based oil","Option 2","Option 3","Option 4","DTD 585 is refined mineral-based oil","Synthesized"
"Airframe – 021.03 (1)","021.03 (1) Q0012","A hydraulic system consists of two actuators and a pump. The required output force varies for both actuators. Which of the following statements is true?","The output force for individual actuators can be adjusted by varying the size of the actuator pistons","The output force for individual actuators can be adjusted by changing the pump output pressure","The output force for individual actuators can be adjusted by adjusting the type of hydraulic fluid supplying the actuator","The output force for individual actuators can be adjusted by adjusting the length of pipes connecting an actuator with the pump","The output force for individual actuators can be adjusted by varying the size of the actuator pistons","Evionica"
"Airframe – 021.03 (1)","021.03 (1) Q0013","The pressure in low-pressure systems equals typically up to _____, and the pressure in-high pressure systems typically equals or is higher than _____.","2,000 psi; 3,000 psi","1,500 psi; 3,000 psi","1,500 psi; 2,000 psi","2,000 psi; 4,000 psi","2,000 psi; 3,000 psi","Evionica"
"Airframe – 021.03 (1)","021.03 (1) Q0014","Why are modern aircraft typically fitted with high-pressure hydraulic systems?","Because high-pressure systems generate greater forces and weigh less than low-pressure systems","Because high-pressure systems are cheaper than low-pressure systems","Because leakages are less probable in high-pressure systems than in low-pressure systems","Because less durable materials can be used in high-pressure hydraulic systems than in low-pressure hydraulic systems","Because high-pressure systems generate greater forces and weigh less than low-pressure systems","Evionica"
"Airframe – 021.03 (1)","021.03 (1) Q0015","What is true about the open-centre hydraulic systems? Select the most complete answer.","All answers are correct","Open-centre hydraulic systems are able to operate only one service at the same time","Open-centre hydraulic systems are pressurised only on specific demand","Open-centre hydraulic systems are commonly used in light aircraft","All answers are correct","Evionica"
"Airframe – 021.03 (1)","021.03 (1) Q0016","What is true about the hydraulic system presented in the picture?","The hydraulic system presented in the picture is the closed system","The hydraulic system presented in the picture is the open-centre system","There is no accumulator fitted in the system","There is no pressure relief valve in the system","The hydraulic system presented in the picture is the closed system","Evionica"
"Airframe – 021.03 (1)","021.03 (1) Q0017","Is it important to return the selector valves to neutral once the operation of the services is completed?","No, because the control system is designed to deal with the constant pressure increase","Yes, because when one valve is open, actuators associated with other valves cannot be operated","Yes, because otherwise, the pump is not lubricated","Yes, because otherwise, the system might become overloaded","No, because the control system is designed to deal with the constant pressure increase","Evionica"
"Airframe – 021.03 (1)","021.03 (1) Q0018","What is a hydraulic lock?","The situation, when the hydraulic fluid is trapped on both sides of the actuators","The situation when hydraulic pipes are clogged","Option 2","Option 3","The situation, when the hydraulic fluid is trapped on both sides of the actuators","Synthesized"
"Airframe – 021.03 (1)","021.03 (1) Q0019","What is true about closed hydraulic systems?","The operating pressure is maintained in the part of a closed hydraulic system leading to the selector valves","Closed hydraulic systems are able to operate only one service at the same time","Closed hydraulic systems are commonly used in light aircraft","No other answer is correct","The operating pressure is maintained in the part of a closed hydraulic system leading to the selector valves","Evionica"
"Airframe – 021.03 (1)","021.03 (1) Q0020","What is true regarding system actuation by hydraulic means?","No other answer is correct","Hydraulic systems do not weigh a lot when compared to systems actuated by other means","Hydraulic systems work with relatively low speed when compared to systems actuated by other means","Hydraulic systems do not take up a lot of space when compared to systems actuated by other means","No other answer is correct","Evionica"
"Airframe – 021.03 (1)","021.03 (1) Q0021","In most aircraft with the hydraulic system fitted with more than one pump, the main pump is usually _____.","engine-driven","electric motor-driven","ATM-driven","PTU-driven","engine-driven","Evionica"
"Airframe – 021.03 (1)","021.03 (1) Q0022","What is true about hand pumps fitted in hydraulic systems? Select the most complete answer.","All answers are correct","In larger aircraft hand pumps allow for operating cargo doors without power","A typical hand pump incorporates Non-Return Valves (NRV) and a relief valve","Hand pumps are usually double-acting pumps","All answers are correct","Evionica"
"Airframe – 021.03 (1)","021.03 (1) Q0023","Which pump is presented in the picture?","Constant pressure pump","Hand pump","Constant delivery pump","Spur gear pump","Constant pressure pump","Evionica"
"Airframe – 021.03 (1)","021.03 (1) Q0024","What is true about a spur gear pump?","A spur gear pump is a constant delivery pump","A spur gear pump provides a relatively large pressure","In a spur gear pump, both gears are driven by an external power source","The output of a spur gear pump does not depend on its revolutions per minute (rpm)","A spur gear pump is a constant delivery pump","Evionica"
"Airframe – 021.03 (1)","021.03 (1) Q0025","What is true regarding a constant pressure pump?","When there are no services that need to be operated, the swash plate is nearly vertical, and there is only a small flow through the pump","The angle of a swash plate is controlled by a dedicated electrical actuator","There is no direct metal to metal contact between a kidney plate and a cylinder block","A swash plate is one of the rotating parts of a constant pressure pump","When there are no services that need to be operated, the swash plate is nearly vertical, and there is only a small flow through the pump","Evionica"
"Airframe – 021.03 (2)","021.03 (2) Q0001","Effective leakages prevention in one direction only is provided by _____.","‘U’ rings and ‘V’ rings","‘O’ rings and square section seals","‘U’ rings and ‘O’ rings","‘V’ rings and ‘O’ rings","‘U’ rings and ‘V’ rings","Evionica"
"Airframe – 021.03 (2)","021.03 (2) Q0002","What is the aim of stiff backing rings?","To retain the shape of the ‘O’ ring and prevents it from being squeezed by the two moving surfaces","Option 2","Option 3","Option 4","To retain the shape of the ‘O’ ring and prevents it from being squeezed by the two moving surfaces","Synthesized"
"Airframe – 021.03 (2)","021.03 (2) Q0003","Why are the hydraulic systems fitted with reservoirs? Select the most complete answer.","All answers are correct","Option 2","Option 3","Option 4","All answers are correct","Synthesized"
"Airframe – 021.03 (2)","021.03 (2) Q0004","In hydraulic systems, reservoirs are pressurised to _____.","prevent pump cavitation","Option 2","Option 3","Option 4","prevent pump cavitation","Synthesized"
"Airframe – 021.03 (2)","021.03 (2) Q0005","In which component of a hydraulic system, the temperature of the hydraulic fluid is measured?","In the reservoir","At the actuators","In the filter","At the pumps","In the reservoir","Evionica"
"Airframe – 021.03 (2)","021.03 (2) Q0006","Which element of a reservoir prevents the hydraulic fluid from sloshing and foaming during in-flight manoeuvres?","Baffles and fins","Filler cap","Option 2","Option 3","Baffles and fins","Synthesized"
"Airframe – 021.03 (2)","021.03 (2) Q0007","The main pumps draw the fluid _____, whereas the backup pumps draw the fluid _____.","through a stack pipe; directly from the bottom of the reservoir","Option 2","Option 3","Option 4","through a stack pipe; directly from the bottom of the reservoir","Synthesized"
"Airframe – 021.03 (2)","021.03 (2) Q0008","What are the names of filters fitted on both sides of the pump in the hydraulic system?","Suction filter and pressure filter","Option 2","Option 3","Option 4","Suction filter and pressure filter","Synthesized"
"Airframe – 021.03 (2)","021.03 (2) Q0009","Which of the following elements might be fitted in filters used in hydraulic systems? Select the most complete answer.","All answers are correct","Option 2","Option 3","Option 4","All answers are correct","Synthesized"
"Airframe – 021.03 (2)","021.03 (2) Q0010","Which of the following sets consists of materials that need to be discarded when removed from the filter?","Paper, felt, gauze","Felt, gauze, metal wire","Paper, felt, metal wire","Paper, gauze, metal wire","Paper, felt, gauze","Evionica"
"Airframe – 021.03 (2)","021.03 (2) Q0011","Which of the following statements is true?","No other answer is correct","To separate two parts of a spherical accumulator, a floating piston is used","To separate two parts of a cylindrical accumulator, a flexible diaphragm is used","There is no need to keep gas and liquid apart in a spherical accumulator","No other answer is correct","Evionica"
"Airframe – 021.03 (2)","021.03 (2) Q0012","Which gases are used to pressurise the gas side of an accumulator?","Air or nitrogen","Nitrogen or hydrogen","Nitrogen or methane","Option 2","Air or nitrogen","Synthesized"
"Airframe – 021.03 (2)","021.03 (2) Q0013","To prevent the hydraulic fluid from being discharged back through the pump to the reservoir, _____ is fitted _____ of an accumulator","a non-return valve; upstream","an ACOV; downstream","Option 2","Option 3","a non-return valve; upstream","Synthesized"
"Airframe – 021.03 (2)","021.03 (2) Q0014","Why should accumulators be fitted in hydraulic systems? Select the most complete answer.","To dampen pressure fluctuations","All answers are correct","Option 2","Option 3","To dampen pressure fluctuations","Synthesized"
"Airframe – 021.03 (2)","021.03 (2) Q0015","The friction between the hydraulic fluid and the walls of the pipes can be reduced by designing a system _____.","with pipes being as short, wide and straight as it is practicable","with many bends and pipes of the rough inner surface","with narrow pipes of the rough inner surface","with pipes being as narrow and straight as it is practicable","with pipes being as short, wide and straight as it is practicable","Evionica"
"Airframe – 021.03 (2)","021.03 (2) Q0016","Which of the following lists proper names of the actuators presented in the picture?","1 – single-acting actuator, 2 – double-acting unbalanced actuator, 3 – double-acting balanced actuator","Option 2","Option 3","Option 4","1 – single-acting actuator, 2 – double-acting unbalanced actuator, 3 – double-acting balanced actuator","Synthesized"
"Airframe – 021.03 (2)","021.03 (2) Q0017","In which direction will the piston of the actuator presented in the picture move?","The piston will move to the right","The piston will move to the left","Option 2","Option 3","The piston will move to the right","Synthesized"
"Airframe – 021.03 (2)","021.03 (2) Q0018","What is true regarding a PTU? Select the most complete answer.","PTU transmits power from one hydraulic system to another","Option 2","Option 3","Option 4","PTU transmits power from one hydraulic system to another","Synthesized"
"Airframe – 021.03 (2)","021.03 (2) Q0019","The ACOV presented in the picture is in its _____ position.","‘cut-out’","‘cut-in’","neutral","idle","‘cut-out’","Evionica"
"Airframe – 021.03 (2)","021.03 (2) Q0020","A hydraulic system with an ACOV needs _____ fitted _____ of it.","an accumulator; downstream","Option 2","Option 3","Option 4","an accumulator; downstream","Synthesized"
"Airframe – 021.03 (2)","021.03 (2) Q0021","What is the typical hydraulic system pressure value in large transport aircraft?","3,000 psi","Option 2","Option 3","Option 4","3,000 psi","Synthesized"
"Airframe – 021.03 (2)","021.03 (2) Q0022","Which of the following devices adjust a maximum system pressure when it is fitted with a constant delivery (fixed volume) pump?","An ACOV","A PTU","A pump control piston","A non-return valve","An ACOV","Evionica"
"Airframe – 021.03 (2)","021.03 (2) Q0023","Which device is used to limit the maximum system pressure?","A relief valve","An accumulator","Option 2","Option 3","A relief valve","Synthesized"
"Airframe – 021.03 (2)","021.03 (2) Q0024","Which of the following devices isolates secondary services, giving priority to the primary services?","A pressure maintaining valve","Option 2","Option 3","Option 4","A pressure maintaining valve","Synthesized"
"Airframe – 021.03 (2)","021.03 (2) Q0025","Which hydraulic device operates in a similar way to a diode in electronic circuits?","A non-return valve","A one-way restrictor valve","Option 2","Option 3","A non-return valve","Synthesized"
"Airframe – 021.03 (2)","021.03 (2) Q0026","A single-acting actuator demands the usage of _____, while a double-acting actuator will need _____ to operate properly.","a two-port valve; a four-port valve","Option 2","Option 3","Option 4","a two-port valve; a four-port valve","Synthesized"
"Airframe – 021.03 (2)","021.03 (2) Q0027","What is the purpose of a shuttle valve?","To switch between hydraulic systems supplying an operating unit","To relieve excessive pressure in a hydraulic system","To prevent a pump from overloading","Option 2","To switch between hydraulic systems supplying an operating unit","Synthesized"
"Airframe – 021.03 (2)","021.03 (2) Q0028","What is true about sequence valves?","Sequence valves are fitted in a landing gear hydraulic circuit","Sequence valves are critical elements of every PTU","Sequence valves are always mechanically operated","Option 2","Sequence valves are fitted in a landing gear hydraulic circuit","Synthesized"
"Airframe – 021.03 (2)","021.03 (2) Q0029","_____ is often fitted _____ of a hydraulic motor which operates at a constant speed.","A flow control valve; upstream","Option 2","Option 3","Option 4","A flow control valve; upstream","Synthesized"
"Airframe – 021.03 (2)","021.03 (2) Q0030","What is the name of a device which is used to drain the hydraulic fluid from the system?","A drain valve","Option 2","Option 3","Option 4","A drain valve","Synthesized"
"Airframe – 021.03 (2)","021.03 (2) Q0031","’Milky’ appearance of a hydraulic fluid drained from the system indicates that it _____.","consists of water","became overheated","is too cold","Option 2","consists of water","Synthesized"
"Airframe – 021.03 (3)","021.03 (3) Q0001","How many separate hydraulic systems does the aircraft, fitted with a hydraulic control panel shown in the cture, have?How many separate hydraulic systems does the aircraft, fitted with a hydraulic control panel shown in the cture, have?","4","2","Option 2","Option 3","4","Synthesized"
"Airframe – 021.03 (3)","021.03 (3) Q0002","How can a firewall shut-off valve be closed?","By pulling an appropriate engine fire switch",") By using a dedicated switch on a hydraulic control panel","Option 2","Option 3","By pulling an appropriate engine fire switch","Synthesized"
"Airframe – 021.03 (3)","021.03 (3) Q0003","What is indicated by a control in the yellow frame?","That the depressurizing valve that is fitted in pressure line of the constant pressure pump is opened","That the electric motor-driven pump associated with the pressure line of the constant
pressure pump is working","No other answer is correct","That the firewall shut-off valve is open","That the depressurizing valve that is fitted in pressure line of the constant pressure pump is opened","Evionica"
"Airframe – 021.03 (3)","021.03 (3) Q0004","According to the hydraulic system panel presented in the picture, which hydraulic system does not work properly?","C","D","A","B","C","Evionica"
"Airframe – 021.03 (3)","021.03 (3) Q0005","What is true regarding PTUs fitted in the hydraulic system, the control panel of which is presented in the picture?","Hydraulic motors fitted in systems B and C drive pumps in systems A and D, respectively","Hydraulic motors fitted in systems A and D drive pumps in systems B and C, respectively","Option 2","Option 3","Hydraulic motors fitted in systems B and C drive pumps in systems A and D, respectively","Synthesized"
"Airframe – 021.03 (3)","021.03 (3) Q0006","How many accumulators are there in the hydraulic system, the control panel of which is presented in the picture?","2","4","3","1","2","Evionica"
"Airframe – 021.03 (3)","021.03 (3) Q0007","Which of the following statements is true? Select the most complete answer.","All answers are correct","Option 2","Option 3","Option 4","All answers are correct","Synthesized"
"Airframe – 021.03 (3)","021.03 (3) Q0008","How many separate hydraulic systems does the aircraft, fitted with a hydraulic control panel shown in the picture, have?","3","2","4","5","3","Evionica"
"Airframe – 021.03 (3)","021.03 (3) Q0009","What is the task of push buttons in yellow frames?","The buttons control the engine-driven pumps depressurizing valves","The buttons control firewall shut-off valves","Option 2","Option 3","The buttons control the engine-driven pumps depressurizing valves","Synthesized"
"Airframe – 021.03 (3)","021.03 (3) Q0010","Rotary switch that operates system no. 4 has an additional ‘AUX’ position. What is this position used for?","To operate a low-volume electrically powered pump which pressurises the brakes when the engine is not running or when the aircraft is being towed","Option 2","Option 3","Option 4","To operate a low-volume electrically powered pump which pressurises the brakes when the engine is not running or when the aircraft is being towed","Synthesized"
"Airframe – 021.03 (3)","021.03 (3) Q0011","According to the schematics shown in the picture, the given aircraft has _____ independent hydraulic systems.","3","2","4","Option 2","3","Synthesized"
"Airframe – 021.03 (3)","021.03 (3) Q0012","The blue system is normally pressurised by _____ but in case of emergency, it can also be pressurised by _____.","an electric pump; a pump driven by a RAT","an engine-driven pump; an electric pump","Option 2","Option 3","an electric pump; a pump driven by a RAT","Synthesized"
"Airframe – Q1 021.04(1)","Q1 021.04(1) Q0001","Which of the following landing gear configurations is considered conventional?","Tail wheel","Option 2","Option 3","Option 4","Tail wheel","Synthesized"
"Airframe – Q1 021.04(1)","Q1 021.04(1) Q0002","Which of the following landing gear configurations is considered nose wheel?","Tricycle","Option 2","Option 3","Option 4","Tricycle","Synthesized"
"Airframe – Q1 021.04(1)","Q1 021.04(1) Q0003","What are the most common landing gear configurations?","Tricycle and conventional","Option 2","Option 3","Option 4","Tricycle and conventional","Synthesized"
"Airframe – Q1 021.04(1)","Q1 021.04(1) Q0004","Which landing gear configuration is called a tail dragger?","Conventional","Option 2","Option 3","Option 4","Conventional","Synthesized"
"Airframe – Q1 021.04(1)","Q1 021.04(1) Q0005","What percentage of weight is applied to the front wheel in the nose wheel configuration?","10%-20%","Option 2","Option 3","Option 4","10%-20%","Synthesized"
"Airframe – Q1 021.04(1)","Q1 021.04(1) Q0006","What percentage of weight is applied to the aft wheels in the nose wheel configuration?","80%-90%","Option 2","Option 3","Option 4","80%-90%","Synthesized"
"Airframe – Q1 021.04(1)","Q1 021.04(1) Q0007","What percentage of weight is applied to the front wheels in the conventional configuration?","80%-90%","Option 2","Option 3","Option 4","80%-90%","Synthesized"
"Airframe – Q1 021.04(1)","Q1 021.04(1) Q0008","What percentage of weight is applied to the aft wheel in the conventional configuration?","10%-20%","Option 2","Option 3","Option 4","10%-20%","Synthesized"
"Airframe – Q1 021.04(1)","Q1 021.04(1) Q0009","How many wheels (or wheel assemblies) does the bicycle landing gear configuration have?","4","Option 2","Option 3","Option 4","4","Synthesized"
"Airframe – Q1 021.04(1)","Q1 021.04(1) Q0010","Fixed landing gear can be classified into 3 types depending on the method of shock absorption. Which of the following are these types ? Select the most complete answer.","I,II,III","Option 2","Option 3","Option 4","I,II,III","Synthesized"
"Airframe – Q1 021.04(1)","Q1 021.04(1) Q0011","Which type of shock absorber is used in most of the fixed nose landing gears and in almost all retractable landing gears?","Oleo-pneumatic","Option 2","Option 3","Option 4","Oleo-pneumatic","Synthesized"
"Airframe – Q1 021.04(1)","Q1 021.04(1) Q0012","Which component of the retractable landing gear carries virtually all vertical loads?","Main fitting leg","Option 2","Option 3","Option 4","Main fitting leg","Synthesized"
"Airframe – Q1 021.04(1)","Q1 021.04(1) Q0013","Which component of the retracable landing gear carries most of the forwards loads that occur mainly during braking and pushback ?","Drag strut","Option 2","Option 3","Option 4","Drag strut","Synthesized"
"Airframe – Q1 021.04(1)","Q1 021.04(1) Q0014","Which component of the retractable landing gear carries most of the side loads that can occur during crosswind landings and take-offs or when taking turns during taxiing?","Side stay","Option 2","Option 3","Option 4","Side stay","Synthesized"
"Airframe – Q1 021.04(1)","Q1 021.04(1) Q0015","Which component of the retractable landing gear allows the oleo leg to move up and down but prevents it from rotating?","Torsion link","Option 2","Option 3","Option 4","Torsion link","Synthesized"
"Airframe – Q1 021.04(1)","Q1 021.04(1) Q0016","Which component of the retractable landing gear is a pin or tube on which a wheel is mounted?","Axle","Option 2","Option 3","Option 4","Axle","Synthesized"
"Airframe – Q1 021.04(1)","Q1 021.04(1) Q0017","Which component of the retractable landing gear connects the wheels if the landing gear consists of more than one wheel?","Bogie","Option 2","Option 3","Option 4","Bogie","Synthesized"
"Airframe – Q1 021.04(1)","Q1 021.04(1) Q0018","If the wheels in the bogie are placed in more than one line, they are connected by the _____.","bogie beam","Option 2","Option 3","Option 4","bogie beam","Synthesized"
"Airframe – Q1 021.04(1)","Q1 021.04(1) Q0019","What is the most common type of landing gear retraction system used on large aircraft?","Hydraulic","Option 2","Option 3","Option 4","Hydraulic","Synthesized"
"Airframe – Q1 021.04(1)","Q1 021.04(1) Q0020","Landing gear position indications are typically displayed by landing gear indicator lights. Under what conditions do the green indicators light up?","The related landing gear is down and locked","Option 2","Option 3","Option 4","The related landing gear is down and locked","Synthesized"
"Airframe – Q1 021.04(1)","Q1 021.04(1) Q0021","Landing gear position indications are typically displayed by landing gear indicator lights. Under what conditions do the red indicators light up?","Related landing gear is unlocked","Option 2","Option 3","Option 4","Related landing gear is unlocked","Synthesized"
"Airframe – Q1 021.04(1)","Q1 021.04(1) Q0022","Landing gear position indications are typically displayed by landing gear indicator lights. Under what conditions does the doors indicator lights up?","At least one door is open","Option 2","Option 3","Option 4","At least one door is open","Synthesized"
"Airframe – Q1 021.04(1)","Q1 021.04(1) Q0023","Almost all large aircraft can display complex information about landing gear status on one of its screens. On which screen is this information displayed?","ECAM/EICAS display","Option 2","Option 3","Option 4","ECAM/EICAS display","Synthesized"
"Airframe – Q1 021.04(1)","Q1 021.04(1) Q0024","What is VLO?","Maximum airspeed at which the landing gear can be safely extended or retracted","Option 2","Option 3","Option 4","Maximum airspeed at which the landing gear can be safely extended or retracted","Synthesized"
"Airframe – Q1 021.04(1)","Q1 021.04(1) Q0025","What is VLE?","Maximum safe airspeed for flying with locked-down landing gear","Option 2","Option 3","Option 4","Maximum safe airspeed for flying with locked-down landing gear","Synthesized"
"Airframe – Q1 021.04(1)","Q1 021.04(1) Q0026","What is a ground lock?","A ground lock is a protection device that prevents the landing gear from unintentional retraction when the aircraft is on the ground","Option 2","Option 3","Option 4","A ground lock is a protection device that prevents the landing gear from unintentional retraction when the aircraft is on the ground","Synthesized"
"Airframe – Q1 021.04(1)","Q1 021.04(1) Q0027","How are the ground locks inserted?","Ground locks are manually put in by ground handling or flight crew","Option 2","Option 3","Option 4","Ground locks are manually put in by ground handling or flight crew","Synthesized"
"Airframe – Q1 021.04(1)","Q1 021.04(1) Q0028","What color is a ground lock flag with the inscription 'remove before flight'?","Red","Option 2","Option 3","Option 4","Red","Synthesized"
"Airframe – Q1 021.04(1)","Q1 021.04(1) Q0029","In what conditions Ground Proximity Warning System (GPWS) provides “TOO LOW GEAR” alert?","When the aircraft is below 500 ft, its Mach number is lower than 0.35 and the landing gear is retracted","Option 2","Option 3","Option 4","When the aircraft is below 500 ft, its Mach number is lower than 0.35 and the landing gear is retracted","Synthesized"
"Airframe – Q1 021.04(1)","Q1 021.04(1) Q0030","What is the most common emergency landing gear extension method in large aircraft?","Free fall of the gear","Option 2","Option 3","Option 4","Free fall of the gear","Synthesized"
"Airframe – Q1 021.04(1)","Q1 021.04(1) Q0031","What is the most common source of high pressure in back-up source of power?","Compressed nitrogen","Option 2","Option 3","Option 4","Compressed nitrogen","Synthesized"
"Airframe – Q1 021.04(1)","Q1 021.04(1) Q0032","What is shimmy?","The phenomenon of self-excited oscillations of steerable wheels","Option 2","Option 3","Option 4","The phenomenon of self-excited oscillations of steerable wheels","Synthesized"
"Airframe – Q1 021.04(1)","Q1 021.04(1) Q0033","What is the most common way to reduce shimmy?","Use a hydraulic shimmy damper","Option 2","Option 3","Option 4","Use a hydraulic shimmy damper","Synthesized"
"Airframe – Q1 021.04(1)","Q1 021.04(1) Q0034","What is body gear steering?","The main landing gear wheels that turn together with the nose-wheel","Option 2","Option 3","Option 4","The main landing gear wheels that turn together with the nose-wheel","Synthesized"
"Airframe – Q2 021.04(2)","Q2 021.04(2) Q0001","There are 2 types of removable flange: _____.","loose and detachable","Option 2","Option 3","Option 4","loose and detachable","Synthesized"
"Airframe – Q2 021.04(2)","Q2 021.04(2) Q0002","Which of the following are common creep prevention methods? I - Use of tapered bead seat, II - Use of knurled flange, III - Use of glue","I, II","Option 2","Option 3","Option 4","I, II","Synthesized"
"Airframe – Q2 021.04(2)","Q2 021.04(2) Q0003","During heavy braking, increased temperature of the wheel, tyre and brakes could cause a rise of tyre pressure to a level resulting in a tyre blowout. How are the tyres protected against this?","By fusible plugs","Option 2","Option 3","Option 4","By fusible plugs","Synthesized"
"Airframe – Q2 021.04(2)","Q2 021.04(2) Q0004","What is the yield temperature of the fusible plugs?","Different, usually color coded","Option 2","Option 3","Option 4","Different, usually color coded","Synthesized"
"Airframe – Q2 021.04(2)","Q2 021.04(2) Q0005","Which of the following are the advantages of tube-type tyres compared to tubeless tires? I – They are easy to fit on the rim, II – They are lighter, III – They are less expensive, IV – They are less sensitive to sidewall puncture, V – they are more resistant to impact and creep damage
II, IV","I, III, IV","Option 2","Option 3","Option 4","I, III, IV","Synthesized"
"Airframe – Q2 021.04(2)","Q2 021.04(2) Q0006","Which of the following are the advantages of tubeless tyres compared to tube-type tires? I – They are easy to fit on the rim, II – They are lighter, III – They are less expensive, IV – They are less sensitive to sidewall puncture, V – they are more resistant to impact and creep damage","II, V","Option 2","Option 3","Option 4","II, V","Synthesized"
"Airframe – Q2 021.04(2)","Q2 021.04(2) Q0007","What is the main difference between radial and diagonal tyres?","Direction of the plies used in the tyre construction","Option 2","Option 3","Option 4","Direction of the plies used in the tyre construction","Synthesized"
"Airframe – Q2 021.04(2)","Q2 021.04(2) Q0008","How are the plies in the radial tyre arranged?","Plies are placed perpendicular to the direction of the wheel rotation","Option 2","Option 3","Option 4","Plies are placed perpendicular to the direction of the wheel rotation","Synthesized"
"Airframe – Q2 021.04(2)","Q2 021.04(2) Q0009","How are the plies in the bias tyre arranged?","Plies are placed in between 30' and 60' angle to the direction of the wheel rotation","Option 2","Option 3","Option 4","Plies are placed in between 30' and 60' angle to the direction of the wheel rotation","Synthesized"
"Airframe – Q2 021.04(2)","Q2 021.04(2) Q0010","What is the name of the lower part of the tyre, that has contact with a wheel?","Bead","Option 2","Option 3","Option 4","Bead","Synthesized"
"Airframe – Q2 021.04(2)","Q2 021.04(2) Q0011","What is the name of the middle section of a tyre?","Sidewall","Option 2","Option 3","Option 4","Sidewall","Synthesized"
"Airframe – Q2 021.04(2)","Q2 021.04(2) Q0012","What is the name of the highest part of the tire that has contact with the ground?","Crown","Option 2","Option 3","Option 4","Crown","Synthesized"
"Airframe – Q2 021.04(2)","Q2 021.04(2) Q0013","Which of the following are common aircraft tread patterns? I - Rib, II - Block, III - Lug, IV - Diamond","I, IV","Option 2","Option 3","Option 4","I, IV","Synthesized"
"Airframe – Q2 021.04(2)","Q2 021.04(2) Q0014","What is a chine?","Tyre built-in deflector","Option 2","Option 3","Option 4","Tyre built-in deflector","Synthesized"
"Airframe – Q2 021.04(2)","Q2 021.04(2) Q0015","What is a ply index?","The ply index indicates the tyre's strength","Option 2","Option 3","Option 4","The ply index indicates the tyre's strength","Synthesized"
"Airframe – Q2 021.04(2)","Q2 021.04(2) Q0016","What is a speed rating?","The speed rating indicates the maximum ground speed","Option 2","Option 3","Option 4","The speed rating indicates the maximum ground speed","Synthesized"
"Airframe – Q2 021.04(2)","Q2 021.04(2) Q0017","What is a load rating?","Load rating indicates the maximum permissible static load","Option 2","Option 3","Option 4","Load rating indicates the maximum permissible static load","Synthesized"
"Airframe – Q2 021.04(2)","Q2 021.04(2) Q0018","What do the green dots on the tyre sidewall usually indicate?","Green dots usually indicate the awl vents","Option 2","Option 3","Option 4","Green dots usually indicate the awl vents","Synthesized"
"Airframe – Q2 021.04(2)","Q2 021.04(2) Q0019","What does the balance mark indicate?","Balance mark indicates the lightest part of the tyre","Option 2","Option 3","Option 4","Balance mark indicates the lightest part of the tyre","Synthesized"
"Airframe – Q2 021.04(2)","Q2 021.04(2) Q0020","How often is the tyre inspection required?","None of the answers is correct","Option 2","Option 3","Option 4","None of the answers is correct","Synthesized"
"Airframe – Q2 021.04(2)","Q2 021.04(2) Q0021","What is the most common way of brake activation?","By pushing the top part of the rudder pedal","Option 2","Option 3","Option 4","By pushing the top part of the rudder pedal","Synthesized"
"Airframe – Q2 021.04(2)","Q2 021.04(2) Q0022","What material is the latest generation of multi-disc brakes made of?","Carbon fibre","Option 2","Option 3","Option 4","Carbon fibre","Synthesized"
"Airframe – Q2 021.04(2)","Q2 021.04(2) Q0023","Which of the following are the advantages of carbon fibre brakes compared to steel brakes? Select the most complete answer. I – They are lighter, II – They are cheaper, III – They wear out slower, IV – They resist higher temperature","I, III, IV","Option 2","Option 3","Option 4","I, III, IV","Synthesized"
"Airframe – Q2 021.04(2)","Q2 021.04(2) Q0024","Which of the following is/are the disadvantage(s) of carbon fibre brakes compared to steel brakes? Select the most complete answer. I – They are lighter, II – They are cheaper, III – They wear out slower, IV – They resist higher temperature","II","Option 2","Option 3","Option 4","II","Synthesized"
"Airframe – Q2 021.04(2)","Q2 021.04(2) Q0025","What is the most common type of brake actuation system?","Hydraulic","Option 2","Option 3","Option 4","Hydraulic","Synthesized"
"Airframe – Q2 021.04(2)","Q2 021.04(2) Q0026","How can the thickness of brakes linings be monitored?","Using wear indicator pin","Option 2","Option 3","Option 4","Using wear indicator pin","Synthesized"
"Airframe – Q2 021.04(2)","Q2 021.04(2) Q0027","Which of the following are anti-skid system task? Select the most complete answer. I - Protection against wheel blockage, II - Maintaining the optimal slip ratio, III - Protection against applying the brakes during touchdown. IV - Protection against aquaplaning.","I, II, III, IV","Option 2","Option 3","Option 4","I, II, III, IV","Synthesized"
"Airframe – Q2 021.04(2)","Q2 021.04(2) Q0028","Autobrake is a system that provides automatic braking during _____.","rejected take-off and landing","Option 2","Option 3","Option 4","rejected take-off and landing","Synthesized"
"Airframe – Q2 021.04(2)","Q2 021.04(2) Q0029","How can the autobrake be disengaged? Select the most complete answer. I – By activating the toe brakes, II – By advancing the throttles, III – By retracting the ground spoilers, IV – By turning it off","I, II, III, IV","Option 2","Option 3","Option 4","I, II, III, IV","Synthesized"
"Airframe – Q3 021.05","Q3 021.05 Q0001","Which are primary flight controls? Select the most complete answer.","Elevator, rudder, ailerons, roll spoilers","Option 2","Option 3","Option 4","Elevator, rudder, ailerons, roll spoilers","Synthesized"
"Airframe – Q3 021.05","Q3 021.05 Q0002","What statement is true about a fully manual flight control system?","Cockpit controls are directly linked with control surface actuators","Option 2","Option 3","Option 4","Cockpit controls are directly linked with control surface actuators","Synthesized"
"Airframe – Q3 021.05","Q3 021.05 Q0003","What statement is true about a partially powered flight control system?","In a partially powered flight control system no artificial feel system is needed","Option 2","Option 3","Option 4","In a partially powered flight control system no artificial feel system is needed","Synthesized"
"Airframe – Q3 021.05","Q3 021.05 Q0004","What statement is true about a fully powered flight control system?","In a fully powered flight control system there is no direct connection between controls and control surfaces","Option 2","Option 3","Option 4","In a fully powered flight control system there is no direct connection between controls and control surfaces","Synthesized"
"Airframe – Q3 021.05","Q3 021.05 Q0005","What statement is true about an aircraft with irreversible flight controls?","The aircraft with irreversible flight controls requires artificial feel system","Option 2","Option 3","Option 4","The aircraft with irreversible flight controls requires artificial feel system","Synthesized"
"Airframe – Q3 021.05","Q3 021.05 Q0006","When the artificial feel system is needed?","When the control surfaces are actuated by a fully powered flight control system","Option 2","Option 3","Option 4","When the control surfaces are actuated by a fully powered flight control system","Synthesized"
"Airframe – Q3 021.05","Q3 021.05 Q0007","With regard to conventional aircraft, which axis does the elevator enable rotation about?","Lateral axis","Option 2","Option 3","Option 4","Lateral axis","Synthesized"
"Airframe – Q3 021.05","Q3 021.05 Q0008","With regard to conventional aircraft, which axis does the rudder enable rotation about?","Normal axis","Option 2","Option 3","Option 4","Normal axis","Synthesized"
"Airframe – Q3 021.05","Q3 021.05 Q0009","With regard to conventional aircraft, which axis do the ailerons provide rotation about?","Longitudinal axis","Option 2","Option 3","Option 4","Longitudinal axis","Synthesized"
"Airframe – Q3 021.05","Q3 021.05 Q0010","Which statements about the gust lock system are true?","The gust lock should be fitted to aircraft with the manual flight control system, it blocks control surface movement, it is fitted to control surfaces on smaller aircraft, on larger aircraft it is fitted to the cockpit controls","Option 2","Option 3","Option 4","The gust lock should be fitted to aircraft with the manual flight control system, it blocks control surface movement, it is fitted to control surfaces on smaller aircraft, on larger aircraft it is fitted to the cockpit controls","Synthesized"
"Airframe – Q3 021.05","Q3 021.05 Q0011","What is a function of a mechanical stop on a rudder?","The mechanical stop limits the rudder deflection","Option 2","Option 3","Option 4","The mechanical stop limits the rudder deflection","Synthesized"
"Airframe – Q3 021.05","Q3 021.05 Q0012","What is the purpose of rudder ratio changer?","The rudder ratio changer is a device that adjusts rudder deflection range to current airspeed to prevent excessive loads on the rudder","Option 2","Option 3","Option 4","The rudder ratio changer is a device that adjusts rudder deflection range to current airspeed to prevent excessive loads on the rudder","Synthesized"
"Airframe – Q3 021.05","Q3 021.05 Q0013","How can redundancy be provided with regard to the flight control system?","By employing two or more flight control systems with separate hydraulic systems","Option 2","Option 3","Option 4","By employing two or more flight control systems with separate hydraulic systems","Synthesized"
"Airframe – Q3 021.05","Q3 021.05 Q0014","Which are secondary flight controls? Select the most complete answer.","Flaps, slats, speed brakes, trimmable horizontal stabilizer, trim tabs, spoilers","Option 2","Option 3","Option 4","Flaps, slats, speed brakes, trimmable horizontal stabilizer, trim tabs, spoilers","Synthesized"
"Airframe – Q3 021.05","Q3 021.05 Q0015","Which controls have an operating speed limit? Select the most complete answer.","Flaps and slats","Option 2","Option 3","Option 4","Flaps and slats","Synthesized"
"Airframe – Q3 021.05","Q3 021.05 Q0016","What is the purpose of the autoslat system?","To automatically extend the slats if the aircraft approaches the stall angle of attack with slats not fully extended","Option 2","Option 3","Option 4","To automatically extend the slats if the aircraft approaches the stall angle of attack with slats not fully extended","Synthesized"
"Airframe – Q3 021.05","Q3 021.05 Q0017","Which mode in fly by wire aircraft provides most functionalities such as protections, stability etc.?","Normal law","Option 2","Option 3","Option 4","Normal law","Synthesized"
"Airframe – Q3 021.05","Q3 021.05 Q0018","In which mode in fly by wire aircraft the pilot workload is least?","Normal law","Option 2","Option 3","Option 4","Normal law","Synthesized"
"Airframe – Q3 021.05","Q3 021.05 Q0019","With regard to fly by wire aircraft, which control surfaces does the ELAC control?","Elevator, ailerons and horizontal stabilizer","Option 2","Option 3","Option 4","Elevator, ailerons and horizontal stabilizer","Synthesized"
"Airframe – Q3 021.05","Q3 021.05 Q0020","With regard to fly by wire aircraft, which control surfaces does the SEC control?","Spoilers and in case of ELAC failure, elevator and stabilizer","Option 2","Option 3","Option 4","Spoilers and in case of ELAC failure, elevator and stabilizer","Synthesized"
"Airframe – Q3 021.05","Q3 021.05 Q0021","With regard to fly by wire aircraft, which control surfaces does the FAC control?","Rudder","Option 2","Option 3","Option 4","Rudder","Synthesized"
"Airframe – Q3 021.05","Q3 021.05 Q0022","Which are the typical modes of operation in fly by wire aircraft?","Normal, alternate, direct","Option 2","Option 3","Option 4","Normal, alternate, direct","Synthesized"
"Airframe – Q3 021.05","Q3 021.05 Q0023","Which are the advantages of fly by wire control system over the conventional system?","Reduced pilot's workload and Flight Envelope Protection system","Option 2","Option 3","Option 4","Reduced pilot's workload and Flight Envelope Protection system","Synthesized"
"Airframe – Q3 021.05","Q3 021.05 Q0024","How can primary flight controls be actuated in a fly by wire aircraft?","By the electric signals driving hydraulic actuators","Option 2","Option 3","Option 4","By the electric signals driving hydraulic actuators","Synthesized"
"Airframe – 021.06 (1)","021.06 (1) Q0001","What kinds of pneumatic systems are typically used in transport aircraft?","High-volume, low-pressure systems","Option 2","Option 3","Option 4","High-volume, low-pressure systems","Synthesized"
"Airframe – 021.06 (1)","021.06 (1) Q0002","What purposes can ram air heated by the exhaust muff be used for? Select the most complete answer.","Cabin heating","All answers are correct","Propeller de-icing","Option 2","Cabin heating","Synthesized"
"Airframe – 021.06 (1)","021.06 (1) Q0003","Which way of heating ram air is not typically used in piston-engine aircraft?","Electrical heater","Option 2","Option 3","Option 4","Electrical heater","Synthesized"
"Airframe – 021.06 (1)","021.06 (1) Q0004","Which instrument can be powered by a rotary vane pump?","Heading indicator","Option 2","Option 3","Option 4","Heading indicator","Synthesized"
"Airframe – 021.06 (1)","021.06 (1) Q0005","Which device is an example of a positive displacement pump? Select the most complete answer","Roots supercharger","All answers are correct","Centrifugal turbocharger","Centrifugal supercharger","Roots supercharger","Evionica"
"Airframe – 021.06 (1)","021.06 (1) Q0006","Which pump used to supply air-conditioning systems needs a silencer to damp the pulsing? Select the most complete answer.","Roots supercharger","All answers are correct","Centrifugal supercharger","Option 2","Roots supercharger","Synthesized"
"Airframe – 021.06 (1)","021.06 (1) Q0007","Large turbo-propeller aircraft often employ pneumatic _____ systems powered by _____.","de-icing; superchargers","Option 2","Option 3","Option 4","de-icing; superchargers","Synthesized"
"Airframe – 021.06 (1)","021.06 (1) Q0008","What sources cannot supply bleed-air system in gas turbine engine aircraft?","No other answer is correct","Main engines","Ground supply","Option 2","No other answer is correct","Synthesized"
"Airframe – 021.06 (1)","021.06 (1) Q0009","Which part of the main engine can be a source of bleed air? Select the most complete answer.","High-pressure compressor","All answers are correct","Option 2","Option 3","High-pressure compressor","Synthesized"
"Airframe – 021.06 (1)","021.06 (1) Q0010","In which type of aircraft are pneumatic anti-icing systems employed? Select the most complete answer.","Aircraft powered by gas turbine engines","All answers are correct","Option 2","Option 3","Aircraft powered by gas turbine engines","Synthesized"
"Airframe – 021.06 (1)","021.06 (1) Q0011","In which way is the bleed air cooled down to the appropriate temperature before entering air-conditioning packs?","Bleed air is cooled by fan air in a heat exchanger","Bleed air is cooled by ram air in a heat exchanger","Option 2","Option 3","Bleed air is cooled by fan air in a heat exchanger","Synthesized"
"Airframe – 021.06 (1)","021.06 (1) Q0012","When the engine is at low RPM, bleed air is taken mainly from the _____ stage of the _____ compressor.","high-pressure; high-pressure","Option 2","Option 3","Option 4","high-pressure; high-pressure","Synthesized"
"Airframe – 021.06 (1)","021.06 (1) Q0013","Assuming bleed-air is taken from the low-pressure stage of the compressor, which statement is false?","The High-Pressure Shut-Off Valve (HPSOV) is open","Option 2","Option 3","Option 4","The High-Pressure Shut-Off Valve (HPSOV) is open","Synthesized"
"Airframe – 021.06 (1)","021.06 (1) Q0014","The bleed-air valve is controlled according to the pressure sensor placed _____ of the valve and temperature sensor placed _____.","upstream; downstream","downstream; downstream","downstream; upstream","Option 2","upstream; downstream","Synthesized"
"Airframe – 021.06 (1)","021.06 (1) Q0015","Referring to bleed-air systems, which type of sensors can be used to detect duct leaks? Select the most complete answer.","Temperature sensors placed outside the duct","All answers are correct","Option 2","Option 3","Temperature sensors placed outside the duct","Synthesized"
"Airframe – 021.06 (1)","021.06 (1) Q0016","Referring to bleed-air systems, which statement regarding APU is false?","No other answer is correct","APU bleed-air can be used in flight","APU bleed-air can be used on the ground","Option 2","No other answer is correct","Synthesized"
"Airframe – 021.06 (1)","021.06 (1) Q0017","If a ground supply of bleed air is used, the isolation valve must be _____, because the installation is connected to _____.","open; one side of the system only","open; both sides of the system","Option 2","Option 3","open; one side of the system only","Synthesized"
"Airframe – 021.06 (1)","021.06 (1) Q0018","Which type of malfunction does not occur to bleed-air systems?","Insufficient temperature","Excessive pressure","X bleed valve and APU bleed valve","Option 2","Insufficient temperature","Synthesized"
"Airframe – 021.06 (1)","021.06 (1) Q0019","Referring to the FCOM schema, which valves cannot be opened at the same time?","Bleed valve and APU bleed valve","Bleed valve and X bleed valve","Option 2","Option 3","Bleed valve and APU bleed valve","Synthesized"
"Airframe – 021.06 (1)","021.06 (1) Q0020","The combustion chamber of a ram air heater must be tightly sealed to _____.","prevent cabin air contamination","Option 2","Option 3","Option 4","prevent cabin air contamination","Synthesized"
"Airframe – 021.06 (1)","021.06 (1) Q0021","Which of the following is typically powered by bleed-air systems? Select the most complete answer.","All answers are correct","Option 2","Option 3","Option 4","All answers are correct","Synthesized"
"Airframe – 021.06 (1)","021.06 (1) Q0022","Referring to the picture, what happens to the air temperature after it passes the choke valve?","The air temperature rises","The air temperature stays the same","Option 2","Option 3","The air temperature rises","Synthesized"
"Airframe – 021.06 (1)","021.06 (1) Q0023","Hot air is typically used to provide windscreen de-frosting in _____ aircraft and leading edges anti-icing in _____ aircraft.","piston engine; gas-turbine engine","piston engine; gas-turbine engine and turbo-propeller","piston engine and turbo-propeller; gas-turbine engine","gas-turbine engine; gas-turbine engine and turbo-propeller","piston engine; gas-turbine engine","Evionica"
"Airframe – 021.06 (1)","021.06 (1) Q0024","Which statement is false?","Gyroscope-based instruments must be powered by a vacuum pump","Roots supercharger can produce vacuum","Option 2","Option 3","Gyroscope-based instruments must be powered by a vacuum pump","Synthesized"
"Airframe – 021.06 (2)","021.06 (2) Q0001","Which environmental conditions are typical at cruising altitudes?","Temperature – about -45 °C, relative humidity – about 2%","Option 2","Option 3","Option 4","Temperature – about -45 °C, relative humidity – about 2%","Synthesized"
"Airframe – 021.06 (2)","021.06 (2) Q0002","Which statement regarding cabin altitude is false?","Cabin altitude is the altitude at which environmental conditions are comfortable for passengers","Option 2","Option 3","Option 4","Cabin altitude is the altitude at which environmental conditions are comfortable for passengers","Synthesized"
"Airframe – 021.06 (2)","021.06 (2) Q0003","Which value of cabin altitude is typically maintained in cabins of modern airliners?","8,000 ft","Option 2","Option 3","Option 4","8,000 ft","Synthesized"
"Airframe – 021.06 (2)","021.06 (2) Q0004","What is the range of temperature typically maintained in cabins of modern airliners?","18 °C - 24 °C","Option 2","Option 3","Option 4","18 °C - 24 °C","Synthesized"
"Airframe – 021.06 (2)","021.06 (2) Q0005","Which value of relative humidity is typically maintained in cabins of modern airliners?","About 30%","About 50%","About 10%","About 40%","About 30%","Evionica"
"Airframe – 021.06 (2)","021.06 (2) Q0006","What is the maximum acceptable amount of carbon monoxide particles in cabin air?","1 : 20,000 parts","Option 2","Option 3","Option 4","1 : 20,000 parts","Synthesized"
"Airframe – 021.06 (2)","021.06 (2) Q0007","Which air conditioning system is typically used in modern airliners?","Air cycle","Option 2","Option 3","Option 4","Air cycle","Synthesized"
"Airframe – 021.06 (2)","021.06 (2) Q0008","Which element is not a part of the air conditioning system using the air cycle?","Condenser","Option 2","Option 3","Option 4","Condenser","Synthesized"
"Airframe – 021.06 (2)","021.06 (2) Q0009","Which type of Air Cycle Machine (ACM) is the same type as the bootstrap ACM?","Turbo-compressor ACM","Option 2","Option 3","Option 4","Turbo-compressor ACM","Synthesized"
"Airframe – 021.06 (2)","021.06 (2) Q0010","Referring to the bootstrap system, which element causes the air temperature to rise?","Compressor","Option 2","Option 3","Option 4","Compressor","Synthesized"
"Airframe – 021.06 (2)","021.06 (2) Q0011","Referring to the bootstrap system, which element causes the air pressure to drop?","Turbine","Option 2","Option 3","Option 4","Turbine","Synthesized"
"Airframe – 021.06 (2)","021.06 (2) Q0012","What is the lowest possible temperature of the air leaving the heat exchanger?","Temperature equal to the ram air temperature","Option 2","Option 3","Option 4","Temperature equal to the ram air temperature","Synthesized"
"Airframe – 021.06 (2)","021.06 (2) Q0013","Which element of the bootstrap system ensures appropriate temperature drop in heat exchangers? Select the most complete answer.","All answers are correct","Ram-air inlet and outlet","Option 2","Option 3","All answers are correct","Synthesized"
"Airframe – 021.06 (2)","021.06 (2) Q0014","Referring to the brake turbine Air Cycle Machine (ACM), which statement is false?","Ram air flowing through the compressor powers the turbine that cools down charge air","Option 2","Option 3","Option 4","Ram air flowing through the compressor powers the turbine that cools down charge air","Synthesized"
"Airframe – 021.06 (2)","021.06 (2) Q0015","Referring to the turbo-fan Air Cycle Machine (ACM), which statement is false?","Turbo-fan ACM cannot operate on the ground","Option 2","Option 3","Option 4","Turbo-fan ACM cannot operate on the ground","Synthesized"
"Airframe – 021.06 (2)","021.06 (2) Q0016","What is the objective of air cycle machines? Select the most complete answer.","Decreasing temperature and pressure of the air entering the cabin","All answers are correct","Option 2","Option 3","Decreasing temperature and pressure of the air entering the cabin","Synthesized"
"Airframe – 021.06 (2)","021.06 (2) Q0017","Why do air conditioning systems employ water separators? Select the most complete answer.","Because at altitudes lower than typical cruising levels relative humidity of the ambient air can be too high","Option 2","Option 3","Option 4","Because at altitudes lower than typical cruising levels relative humidity of the ambient air can be too high","Synthesized"
"Airframe – 021.06 (2)","021.06 (2) Q0018","If the air conditioning system employs automatic temperature control, the hot air valve regulates the amount of hot air mixed with the cooled air on the basis of _____.","the difference between the temperature of the air entering the cabin and the temperature determined by the flight crew.","Option 2","Option 3","Option 4","the difference between the temperature of the air entering the cabin and the temperature determined by the flight crew.","Synthesized"
"Airframe – 021.06 (2)","021.06 (2) Q0019","The position of the water supply valve in the conditioned air humidifier is controlled with reference to the indications of a humidistat. What does it measure?","The humidity of the air entering the cabin","Option 2","Option 3","Option 4","The humidity of the air entering the cabin","Synthesized"
"Airframe – 021.06 (2)","021.06 (2) Q0020","What is trim air?","The air added to the conditioned air to increase its temperature","The air added to the conditioned air to decrease its temperature","Option 2","Option 3","The air added to the conditioned air to increase its temperature","Synthesized"
"Airframe – 021.06 (2)","021.06 (2) Q0021","Cabin air is partially recycled to _____.","minimise engine thrust reduction","Maintain appropriate cabin temperature","Maintain appropriate cabin pressure","Option 2","minimise engine thrust reduction","Synthesized"
"Airframe – 021.06 (2)","021.06 (2) Q0022","In vapour cycle air conditioning systems, the air blown _____ cools down before entering the cabin.","around the evaporator","Option 2","Option 3","Option 4","around the evaporator","Synthesized"
"Airframe – 021.06 (3)","021.06 (3) Q0001","Which of the listed areas is typically pressurised in modern airliners?","Cargo hold","Option 2","Option 3","Option 4","Cargo hold","Synthesized"
"Airframe – 021.06 (3)","021.06 (3) Q0002","In pressurised aircraft, the flow rate of the air entering the cabin _____ and the flow rate of the air leaving it _____.","is constant; depends on the position of the outflow valve","Option 2","Option 3","Option 4","is constant; depends on the position of the outflow valve","Synthesized"
"Airframe – 021.06 (3)","021.06 (3) Q0003","In pressurised aircraft, which of the following parameters directly depends on the altitude of the aircraft? Select the most complete answer.","Differential pressure","Option 2","Option 3","Option 4","Differential pressure","Synthesized"
"Airframe – 021.06 (3)","021.06 (3) Q0004","Assume the pressure in the cabin of a pressurised aircraft is decreasing in level flight. Which statement is true?","Cabin climb rate is positive","Option 2","Option 3","Option 4","Cabin climb rate is positive","Synthesized"
"Airframe – 021.06 (3)","021.06 (3) Q0005","Referring to maximum operating altitudes of pressurised aircraft, which statement is true?","No other answer is correct","Option 2","Option 3","Option 4","No other answer is correct","Synthesized"
"Airframe – 021.06 (3)","021.06 (3) Q0006","At which altitude do the first symptoms of hypoxia occur in most people?","10,000 ft","Option 2","Option 3","Option 4","10,000 ft","Synthesized"
"Airframe – 021.06 (3)","021.06 (3) Q0007","Assume a pressurised aircraft is flying at 36,000 ft. If the outflow valve fully opens, the cabin altitude will _____ and the differential pressure will _____.","increase; decrease","Option 2","Option 3","Option 4","increase; decrease","Synthesized"
"Airframe – 021.06 (3)","021.06 (3) Q0008","Referring to cabin pressurisation systems, which statement about the outward relief valve is true? Select the most complete answer.","All answers are correct","Option 2","Option 3","Option 4","All answers are correct","Synthesized"
"Airframe – 021.06 (3)","021.06 (3) Q0009","Referring to cabin pressurisation systems, which statement about the inward relief valve is true? Select the most complete answer.","If the cabin descent rate is higher than the aircraft’s descent rate, the differential pressure can reach values causing the valve to open","All answers are correct","Option 2","Option 3","If the cabin descent rate is higher than the aircraft’s descent rate, the differential pressure can reach values causing the valve to open","Synthesized"
"Airframe – 021.06 (3)","021.06 (3) Q0010","Referring to ditching control systems, which statement is false?","The valves controlled by the system are located above the aircraft’s floatation line","No other answer is correct","Option 2","Option 3","The valves controlled by the system are located above the aircraft’s floatation line","Synthesized"
"Airframe – 021.06 (3)","021.06 (3) Q0011","eferring to pressurised aircraft, which statement about the blow out panels is false?","No other answer is correct","Option 2","Option 3","Option 4","No other answer is correct","Synthesized"
"Airframe – 021.06 (3)","021.06 (3) Q0012","How many modes of operation do cabin pressure control systems typically employ?","2 modes","Option 2","Option 3","Option 4","2 modes","Synthesized"
"Airframe – 021.06 (3)","021.06 (3) Q0013","Which source provides the pressurisation controller with information regarding the current pressure?","No other answer is correct","Option 2","Option 3","Option 4","No other answer is correct","Synthesized"
"Airframe – 021.06 (3)","021.06 (3) Q0014","Which source does not provide the pressurisation controller with information regarding the flight stage? Select the most complete answer.","Cabin sense ports","Option 2","Option 3","Option 4","Cabin sense ports","Synthesized"
"Airframe – 021.06 (3)","021.06 (3) Q0015","Which statement regarding cabin ground pressurisation is false?","Ground pressurisation makes the pressure change during the initial stage of the flight more unstable","Option 2","Option 3","Option 4","Ground pressurisation makes the pressure change during the initial stage of the flight more unstable","Synthesized"
"Airframe – 021.06 (3)","021.06 (3) Q0016","What value of maximum differential pressure is typical to modern airliners?","About 8-9 psi","Option 2","Option 3","Option 4","About 8-9 psi","Synthesized"
"Airframe – 021.06 (3)","021.06 (3) Q0017","In typical pressurisation systems, operation modes include _____ control, that is on during climbing and descending, and _____ control, employed at the cruising level.","proportional; isobaric","Option 2","Option 3","Option 4","proportional; isobaric","Synthesized"
"Airframe – 021.06 (3)","021.06 (3) Q0018","Assume the cabin altitude of an aircraft is 8,000 ft and the maximum differential pressure is 7.5 psi. What is the maximum altitude of that aircraft?","About 30,000-35,000 ft","Option 2","Option 3","Option 4","About 30,000-35,000 ft","Synthesized"
"Airframe – 021.06 (3)","021.06 (3) Q0019","Assume the cabin altitude of an aircraft is 7,000 ft. As a result of an incident, one of the windows is damaged. To what value was the maximum differential pressure reduced, if the new maximum altitude is 15,000 ft?","About 3 psi","Option 2","Option 3","Option 4","About 3 psi","Synthesized"
"Airframe – 021.07","021.07 Q0001","Which of the following is one of the conditions required for the in-flight formation of structural icing (clear or rime ice)?","Visible moisture","Option 2","Option 3","Option 4","Visible moisture","Synthesized"
"Airframe – 021.07","021.07 Q0002","Why is ice accretion considered hazardous to flight? Select the most complete answer.","All answers are correct","Option 2","Option 3","Option 4","All answers are correct","Synthesized"
"Airframe – 021.07","021.07 Q0003","Considering aircraft icing, which of the following is considered to be the most serious consequence of ice accretion?","The stalling speed increasing substantially","Option 2","Option 3","Option 4","The stalling speed increasing substantially","Synthesized"
"Airframe – 021.07","021.07 Q0004","Which answer lists all elements typically protected against icing on large transport aircraft? 1. engine air intake; 2. front glass shield; 3. radome; 4. pitot tubes and waste water exhaust masts; 5. wings' leading edges; 6. cabin windows; 7. wings' trailing edges; 8. electronic equipment compartment.","1, 2, 4, 5","Option 2","Option 3","Option 4","1, 2, 4, 5","Synthesized"
"Airframe – 021.07","021.07 Q0005","Regarding the transport category aeroplanes, which statement is true concerning de-icing systems of the empennage?","Empennage de-icing systems are installed on some types","Option 2","Option 3","Option 4","Empennage de-icing systems are installed on some types","Synthesized"
"Airframe – 021.07","021.07 Q0006","Which of the following is a type of ice protection systems? Select the most complete answer.","All answers are correct","Option 2","Option 3","Option 4","All answers are correct","Synthesized"
"Airframe – 021.07","021.07 Q0007","Which airframe elements are typically protected by hot air ice protection systems?","Leading edges and engine air intakes","Option 2","Option 3","Option 4","Leading edges and engine air intakes","Synthesized"
"Airframe – 021.07","021.07 Q0008","Which of the following cannot be a hot air source for ice protection systems?","Exhaust gas duct","Option 2","Option 3","Option 4","Exhaust gas duct","Synthesized"
"Airframe – 021.07","021.07 Q0009","Which airframe elements may be protected by electrical ice protection systems? Select the most complete answer.","Engine air intakes, propellers, windshields and leading edges","All answers are correct","Option 2","Option 3","Engine air intakes, propellers, windshields and leading edges","Synthesized"
"Airframe – 021.07","021.07 Q0010","Which parts of propeller blades are the most likely to accumulate ice?","Blade roots","Option 2","Option 3","Option 4","Blade roots","Synthesized"
"Airframe – 021.07","021.07 Q0011","What effect does ice have on the propeller blades? Select the most complete answer.","All answers are correct","Option 2","Option 3","Option 4","All answers are correct","Synthesized"
"Airframe – 021.07","021.07 Q0012","Which statement is true concerning the windscreen heating systems?","The windscreen heating systems cycle ON/OFF to keep the windscreen temperature at a desired level; usually between 18° and 35°C","Option 2","Option 3","Option 4","The windscreen heating systems cycle ON/OFF to keep the windscreen temperature at a desired level; usually between 18° and 35°C","Synthesized"
"Airframe – 021.07","021.07 Q0013","When windshield ice protection system is in use, what may a windshield overheat lead to?","Windshield vinyl layer bubbling or discolouration","Option 2","Option 3","Option 4","Windshield vinyl layer bubbling or discolouration","Synthesized"
"Airframe – 021.07","021.07 Q0014","On which surfaces may airborne fluid anti-icing systems be used?","Wing leading edges","Option 2","Option 3","Option 4","Wing leading edges","Synthesized"
"Airframe – 021.07","021.07 Q0015","In cases where fluid systems are used for airborne propeller anti-icing, what is the principle of operation of such an installation?","The fluid is pumped to the slinger ring and slinger tubes; it is further distributed on the propeller blade by means of centrifugal force","Option 2","Option 3","Option 4","The fluid is pumped to the slinger ring and slinger tubes; it is further distributed on the propeller blade by means of centrifugal force","Synthesized"
"Airframe – 021.07","021.07 Q0016","Which statement is true concerning the pneumatic mechanical devices that provide ice protection?","These devices are usually used as de-icing devices","These devices are usually on aeroplanes equipped with turbo-fan engines","Option 2","Option 3","These devices are usually used as de-icing devices","Synthesized"
"Airframe – 021.07","021.07 Q0017","What is the wing ice protection system currently used for most large turboprop transport aeroplanes?","A pneumatic system with inflatable boots","An electrical de-icing system","Option 2","Option 3","A pneumatic system with inflatable boots","Synthesized"
"Airframe – 021.07","021.07 Q0018","How is ice removed when de-ice boots are in use on a turbo-prop airplane?","By means of deformation","Option 2","Option 3","Option 4","By means of deformation","Synthesized"
"Airframe – 021.07","021.07 Q0019","Which of the following is not and aid in visual ice detection methods?","Smiths ice detector","Option 2","Option 3","Option 4","Smiths ice detector","Synthesized"
"Airframe – 021.07","021.07 Q0020","Which statement is true concerning a Teddington ice detector ('hot rod')?","Teddington ice detector accumulated ice and is visible from the cockpit","Teddington ice detector autonomously activates the aircraft de-icing system","Option 2","Option 3","Teddington ice detector accumulated ice and is visible from the cockpit","Synthesized"
"Airframe – 021.07","021.07 Q0021","Which of the following statements is true regarding a Smiths ice detector?","Small holes are heated first","Option 2","Option 3","Option 4","Small holes are heated first","Synthesized"
"Airframe – 021.07","021.07 Q0022","What is true about an ice detector which incorporates a rotor?","Measurement is based on torque","Option 2","Option 3","Option 4","Measurement is based on torque","Synthesized"
"Airframe – 021.07","021.07 Q0023","Which principle does the Rosemount ice detector operate on?","Vibration","Option 2","Option 3","Option 4","Vibration","Synthesized"
"Airframe – 021.07","021.07 Q0024","Which of the following statements is true concerning a Sangamo Weston ice detector?","Sangamo Weston ice detector consists of a moisture detector and a thermal switch, and detects the icing conditions even before the ice starts forming","Option 2","Option 3","Option 4","Sangamo Weston ice detector consists of a moisture detector and a thermal switch, and detects the icing conditions even before the ice starts forming","Synthesized"
"Airframe – 021.07","021.07 Q0025","How does the primary manual ice detection system operate?","The flight crew activates ice protection systems based on ice detector signals","Option 2","Option 3","Option 4","The flight crew activates ice protection systems based on ice detector signals","Synthesized"
"Airframe – 021.07","021.07 Q0026","How does the primary automatic ice detection system operate?","The ice detector automatically activates ice protection systems at the optimal moment","Option 2","Option 3","Option 4","The ice detector automatically activates ice protection systems at the optimal moment","Synthesized"
"Airframe – Q4 021.08","Q4 021.08 Q0001","Which aviation fuel has blue colour?","AVGAS 100LL","Option 2","Option 3","Option 4","AVGAS 100LL","Synthesized"
"Airframe – Q4 021.08","Q4 021.08 Q0002","What is the colour of AVGAS 100?","Green","Option 2","Option 3","Option 4","Green","Synthesized"
"Airframe – Q4 021.08","Q4 021.08 Q0003","How is the lowest temperature at which fuel vapours ignite, when given an ignition source called?","Flash point","Option 2","Option 3","Option 4","Flash point","Synthesized"
"Airframe – Q4 021.08","Q4 021.08 Q0004","What for AVGAS is usually used?","Piston engines","Option 2","Option 3","Option 4","Piston engines","Synthesized"
"Airframe – Q4 021.08","Q4 021.08 Q0005","Where the fuel tanks are usually located?","In wings","Option 2","Option 3","Option 4","In wings","Synthesized"
"Airframe – Q4 021.08","Q4 021.08 Q0006","Why are the bufflers installed in the fuel tanks?","To prevent fuel from moving during manoeuvres","Option 2","Option 3","Option 4","To prevent fuel from moving during manoeuvres","Synthesized"
"Airframe – Q4 021.08","Q4 021.08 Q0007","Which system is responsible for maintaining the ambient pressure in the fuel tanks?","Vent system","Option 2","Option 3","Option 4","Vent system","Synthesized"
"Airframe – Q4 021.08","Q4 021.08 Q0008","What is the cross-feed system used to?","To feed any engine from any fuel tank","Option 2","Option 3","Option 4","To feed any engine from any fuel tank","Synthesized"
"Airframe – Q4 021.08","Q4 021.08 Q0009","What does the term unusable fuel refer to?","Amount of fuel in the tank that cannot be used","Option 2","Option 3","Option 4","Amount of fuel in the tank that cannot be used","Synthesized"
"Airframe – Q4 021.08","Q4 021.08 Q0010","Which fuel tanks are used in modern passenger aircraft?","Integral tanks","Option 2","Option 3","Option 4","Integral tanks","Synthesized"
"Airframe – Q4 021.08","Q4 021.08 Q0011","What is the task of the vent surge tank?","Gather any fuel overflowing into the vent system","Option 2","Option 3","Option 4","Gather any fuel overflowing into the vent system","Synthesized"
"Airframe – Q4 021.08","Q4 021.08 Q0012","What is the task of the jettison system?","Dump the fuel quickly","Option 2","Option 3","Option 4","Dump the fuel quickly","Synthesized"
"Airframe – Q4 021.08","Q4 021.08 Q0013","What is the function of the drain valve?","Take a fuel sample and remove all the fuel during maintenance works","Option 2","Option 3","Option 4","Take a fuel sample and remove all the fuel during maintenance works","Synthesized"
"Airframe – Q4 021.08","Q4 021.08 Q0014","When is the jettison system needed?","When the maximum landing mass is significantly less than the maximum take-off mass","Option 2","Option 3","Option 4","When the maximum landing mass is significantly less than the maximum take-off mass","Synthesized"
"Airframe – Q4 021.08","Q4 021.08 Q0015","How much fuel can be dumped with a jettison system?","All fuel to a predetermined safe value","Option 2","Option 3","Option 4","All fuel to a predetermined safe value","Synthesized"
"Airframe – Q4 021.08","Q4 021.08 Q0016","What is the colour of AVTUR fuel?","Clear","Option 2","Option 3","Option 4","Clear","Synthesized"
"Airframe – Q4 021.08","Q4 021.08 Q0017","How much vent space is required by EASA?","2% of the tank volume","Option 2","Option 3","Option 4","2% of the tank volume","Synthesized"
"Airframe – Q4 021.08","Q4 021.08 Q0018","Which fuel quantity indicators are used in large aircraft?","Electronic fuel-quantity indicators","Option 2","Option 3","Option 4","Electronic fuel-quantity indicators","Synthesized"
"Airframe – Q4 021.08","Q4 021.08 Q0019","What is the specific gravity of AVGAS?","0.72","Option 2","Option 3","Option 4","0.72","Synthesized"
"Airframe – Q4 021.08","Q4 021.08 Q0020","What is the specific gravity of JET-A1?","0.8","Option 2","Option 3","Option 4","0.8","Synthesized"
"Airframe – Q4 021.08","Q4 021.08 Q0021","Is the freezing point of JET A-1 lower than the freezing point of JET B?","No","Option 2","Option 3","Option 4","No","Synthesized"
"Airframe – Q4 021.08","Q4 021.08 Q0022","What is the purpose of the trim tank?","Transfer fuel to the tail and as a result move the centre of gravity backwards and reduce the drag during climb","Option 2","Option 3","Option 4","Transfer fuel to the tail and as a result move the centre of gravity backwards and reduce the drag during climb","Synthesized"
"Airframe – Q4 021.08","Q4 021.08 Q0023","Which tanks are used in the military aircraft?","Bladder tanks","Option 2","Option 3","Option 4","Bladder tanks","Synthesized"
"Airframe – Q4 021.08","Q4 021.08 Q0024","How to minimize the moisture in the tank when the plane is used every day?","Keep the tanks full when the plane is not used","Option 2","Option 3","Option 4","Keep the tanks full when the plane is not used","Synthesized"
"Airframe – Q4 021.08","Q4 021.08 Q0025","How can be the integral tank described?","It is built inside the aircraft using its structure","Option 2","Option 3","Option 4","It is built inside the aircraft using its structure","Synthesized"
"Airframe – Q4 021.08","Q4 021.08 Q0026","What is more likely to occur while using Mogas in an aircraft comparing to AVGAS?","Carburettor icing","Option 2","Option 3","Option 4","Carburettor icing","Synthesized"
"Airframe – Q4 021.08","Q4 021.08 Q0027","What is the main task of the fuel system?","Delivery of fuel to the engines at appropriate pressure to enable engine operating in all conditions","Option 2","Option 3","Option 4","Delivery of fuel to the engines at appropriate pressure to enable engine operating in all conditions","Synthesized"
"Airframe – Q4 021.08","Q4 021.08 Q0028","What would show the compensated capacitance fuel quantity indication system if the fuel expands by 5%?","The same amount of fuel","Option 2","Option 3","Option 4","The same amount of fuel","Synthesized"
"Airframe – Q4 021.08","Q4 021.08 Q0029","What is the reason for fuel heating?","To prevent ice blocking the filter","Option 2","Option 3","Option 4","To prevent ice blocking the filter","Synthesized"
"Airframe – Q4 021.08","Q4 021.08 Q0030","What would show the compensated capacitance fuel quantity indication system if the tank was filled with a liquid with different density?","The same level as if it was filled with fuel","Option 2","Option 3","Option 4","The same level as if it was filled with fuel","Synthesized"
"Airframe – Q4 021.08","Q4 021.08 Q0031","How are the large aircraft refuelled?","Pressure refuelling","Option 2","Option 3","Option 4","Pressure refuelling","Synthesized"
"Airframe – Q4 021.08","Q4 021.08 Q0032","What is the task of a DC pump?","To feed the APU","Option 2","Option 3","Option 4","To feed the APU","Synthesized"
"Airframe – Q4 021.08","Q4 021.08 Q0033","What is the function of the feeder box?","Keep the boost pump submerged in fuel","Option 2","Option 3","Option 4","Keep the boost pump submerged in fuel","Synthesized"
"Airframe – Q4 021.08","Q4 021.08 Q0034","Why a fuel heater is installed upstream the fuel filter?","To prevent ice formation in the filter in low temperatures","Option 2","Option 3","Option 4","To prevent ice formation in the filter in low temperatures","Synthesized"
"Airframe – Q4 021.08","Q4 021.08 Q0035","How are the high pressure pumps driven?","By the engine","Option 2","Option 3","Option 4","By the engine","Synthesized"
"Airframe – 021.09 (1)","021.09 (1) Q0001","What are the causes of static electricity build-up during the flight? Select the most complete answer.","All answers are correct","Option 2","Option 3","Option 4","All answers are correct","Synthesized"
"Airframe – 021.09 (1)","021.09 (1) Q0002","What are the typical locations of static dischargers? Select the most complete answer.","This was the correct answer
Control surface trailing edges and wing tips","Option 2","Option 3","Option 4","This was the correct answer
Control surface trailing edges and wing tips","Synthesized"
"Airframe – 021.09 (1)","021.09 (1) Q0003","Which is a correct definition of static discharger?","The static discharger is a device in form of the thin wick, which purpose is to disperse electrical charges into atmosphere","Option 2","Option 3","Option 4","The static discharger is a device in form of the thin wick, which purpose is to disperse electrical charges into atmosphere","Synthesized"
"Airframe – 021.09 (1)","021.09 (1) Q0004","Which statement is true about the process of bonding?","Bonding eliminates the risk of electrical potential build-up","Option 2","Option 3","Option 4","Bonding eliminates the risk of electrical potential build-up","Synthesized"
"Airframe – 021.09 (1)","021.09 (1) Q0005","Which is the correct order of increasing conductivity?","Insulator, Semiconductor, Conductor","Option 2","Option 3","Option 4","Insulator, Semiconductor, Conductor","Synthesized"
"Airframe – 021.09 (1)","021.09 (1) Q0006","What type of material Silicon is?","Semiconductor","Option 2","Option 3","Option 4","Semiconductor","Synthesized"
"Airframe – 021.09 (1)","021.09 (1) Q0007","Which is the unit of current?","Ampere [A]","Option 2","Option 3","Option 4","Ampere [A]","Synthesized"
"Airframe – 021.09 (1)","021.09 (1) Q0008","Which is a correct definition of voltage?","Electric potential difference, the unit is volt","Option 2","Option 3","Option 4","Electric potential difference, the unit is volt","Synthesized"
"Airframe – 021.09 (1)","021.09 (1) Q0009","What are the factors affecting resistance?","Material type, length and cross section area, temperature","Option 2","Option 3","Option 4","Material type, length and cross section area, temperature","Synthesized"
"Airframe – 021.09 (1)","021.09 (1) Q0010","What will be the total circuit resistance of resistors connected in series?","The sum of the individual resistances","Option 2","Option 3","Option 4","The sum of the individual resistances","Synthesized"
"Airframe – 021.09 (1)","021.09 (1) Q0011","What will be the total circuit resistance of resistors connected in parallel?","The product of the individual resistances divided by the sum of the individual resistances","Option 2","Option 3","Option 4","The product of the individual resistances divided by the sum of the individual resistances","Synthesized"
"Airframe – 021.09 (1)","021.09 (1) Q0012","What is the correct definition of DC?","It is a uniform flow of electric charge in a constant direction","Option 2","Option 3","Option 4","It is a uniform flow of electric charge in a constant direction","Synthesized"
"Airframe – 021.09 (1)","021.09 (1) Q0013","What is the correct definition of AC?","It is a uniform flow of electric charge in a periodically reversing direction","Option 2","Option 3","Option 4","It is a uniform flow of electric charge in a periodically reversing direction","Synthesized"
"Airframe – 021.09 (1)","021.09 (1) Q0014","With regard to Ohm's law, which statement is correct?","The current is directly proportional to the voltage","Option 2","Option 3","Option 4","The current is directly proportional to the voltage","Synthesized"
"Airframe – 021.09 (1)","021.09 (1) Q0015","What is the international symbol of power and its unit?","P, unit watt [W]","Option 2","Option 3","Option 4","P, unit watt [W]","Synthesized"
"Airframe – 021.09 (1)","021.09 (1) Q0016","If the resistor length increases, how will its resistance change?","The resistance will increase","Option 2","Option 3","Option 4","The resistance will increase","Synthesized"
"Airframe – 021.09 (1)","021.09 (1) Q0017","What will be current if a component is using 100 watts at 20 volts?","0,208333333333333","Option 2","Option 3","Option 4","0,208333333333333","Synthesized"
"Airframe – 021.09 (1)","021.09 (1) Q0018","What is the unit of frequency?","Hertz [Hz]","Option 2","Option 3","Option 4","Hertz [Hz]","Synthesized"
"Airframe – 021.09 (1)","021.09 (1) Q0019","How can the strength of the magnetic field generated by a current flowing through a solenoid be increased?","By increasing number of turns, inserting a metal core","Option 2","Option 3","Option 4","By increasing number of turns, inserting a metal core","Synthesized"
"Airframe – 021.09 (1)","021.09 (1) Q0020","What is the correct definition of a relay?","The relay is a remotely controlled electromagnetic switch with a fixed core","Option 2","Option 3","Option 4","The relay is a remotely controlled electromagnetic switch with a fixed core","Synthesized"
"Airframe – 021.09 (1)","021.09 (1) Q0021","With regard to Joule-Lenz law, which statement about the heat dissipated on a conductor is correct?","The heat dissipated on a conductor is a product of resistance and the square of the current","Option 2","Option 3","Option 4","The heat dissipated on a conductor is a product of resistance and the square of the current","Synthesized"
"Airframe – 021.09 (1)","021.09 (1) Q0022","Which statements about fuses are true?","Fuses activate before fault current is reached, do not withstand fault current, open the circuit only","Option 2","Option 3","Option 4","Fuses activate before fault current is reached, do not withstand fault current, open the circuit only","Synthesized"
"Airframe – 021.09 (1)","021.09 (1) Q0023","In what unit is the fuse rating given?
Amperes","Amperes","Option 2","Option 3","Option 4","Amperes","Synthesized"
"Airframe – 021.09 (1)","021.09 (1) Q0024","Which statements about circuit breakers are true?","Circuit breakers activate after fault current is reached, withstand fault current, open and close the circuit","Option 2","Option 3","Option 4","Circuit breakers activate after fault current is reached, withstand fault current, open and close the circuit","Synthesized"
"Airframe – 021.09 (1)","021.09 (1) Q0025","Which is a correct statement about fuses and circuit breakers?","Fuses are not resettable, circuit breakers are resettable","Option 2","Option 3","Option 4","Fuses are not resettable, circuit breakers are resettable","Synthesized"
"Airframe – 021.09 (1)","021.09 (1) Q0026","When protection from small overcurrents appearing for a longer period of time is needed, which device should be used?","A thermal circuit breaker","Option 2","Option 3","Option 4","A thermal circuit breaker","Synthesized"
"Airframe – 021.09 (1)","021.09 (1) Q0027","When protection from large overcurrent appearing in a short period of time is needed, which device should be used?","A magnetic circuit breaker","Option 2","Option 3","Option 4","A magnetic circuit breaker","Synthesized"
"Airframe – 021.09 (1)","021.09 (1) Q0028","What is the effect of multiple resets of a circuit breaker?","Circuit breaker wear and performance degradation","Option 2","Option 3","Option 4","Circuit breaker wear and performance degradation","Synthesized"
"Airframe – 021.09 (1)","021.09 (1) Q0029","With regard to the semiconductors, which answer is true about their resistance?","The resistance of a semiconductor decreases with temperature","Option 2","Option 3","Option 4","The resistance of a semiconductor decreases with temperature","Synthesized"
"Airframe – 021.09 (1)","021.09 (1) Q0030","Which of these devices are based on semiconductors?","Transistors","Option 2","Option 3","Option 4","Transistors","Synthesized"
"Airframe – 021.09 (1)","021.09 (1) Q0031","Which logic function should be used if the output should be true only if all the inputs are true?","AND","Option 2","Option 3","Option 4","AND","Synthesized"
"Airframe – 021.09 (1)","021.09 (1) Q0032","Which statements are true about a logic gate?","A logic gate can have multiple inputs, an have only one output, performs Boolean functions, assumes values in the binary system","Option 2","Option 3","Option 4","A logic gate can have multiple inputs, an have only one output, performs Boolean functions, assumes values in the binary system","Synthesized"
"Airframe – 021.09 (1)","021.09 (1) Q0033","Which logic function should be used if the output should be true if any of the input is true?","Or","Option 2","Option 3","Option 4","Or","Synthesized"
"Airframe – 021.09 (1)","021.09 (1) Q0034","Which logic function should be used if the output should be false only if all the inputs are true?","NAND","Option 2","Option 3","Option 4","NAND","Synthesized"
"Airframe – 021.09 (2)","021.09 (2) Q0001","Assuming we have two battery cells connected in series, each with 3 V cell voltage and capacity of 5 Ah, what will be the total voltage and capacity?","Total voltage 6V, total capacity 5 Ah","Option 2","Option 3","Option 4","Total voltage 6V, total capacity 5 Ah","Synthesized"
"Airframe – 021.09 (2)","021.09 (2) Q0002","Assuming we have three battery cells connected in parallel, each with 3 V cell voltage and capacity of 5 Ah, what will be the total voltage and capacity?","total voltage 3V, total capacity 15 Ah","Option 2","Option 3","Option 4","total voltage 3V, total capacity 15 Ah","Synthesized"
"Airframe – 021.09 (2)","021.09 (2) Q0003","What is the cell voltage of the fully-loaded lead-acid battery?","2 V","Option 2","Option 3","Option 4","2 V","Synthesized"
"Airframe – 021.09 (2)","021.09 (2) Q0004","What is the cell voltage of the fully-loaded nickel-cadmium battery?","1.2 V","Option 2","Option 3","Option 4","1.2 V","Synthesized"
"Airframe – 021.09 (2)","021.09 (2) Q0005","Which types of batteries are susceptible to thermal runaway? Select the most complete answer.","Nickel-cadmium, lithium-ion, lithium-polymer","Option 2","Option 3","Option 4","Nickel-cadmium, lithium-ion, lithium-polymer","Synthesized"
"Airframe – 021.09 (2)","021.09 (2) Q0006","What is the cell voltage of a battery cell?","The cell voltage of the battery cell is an electromotive force generated by one battery cell","Option 2","Option 3","Option 4","The cell voltage of the battery cell is an electromotive force generated by one battery cell","Synthesized"
"Airframe – 021.09 (2)","021.09 (2) Q0007","What is the capacity of a battery cell?","The capacity of the battery cell is a current that the battery can provide within a given time","Option 2","Option 3","Option 4","The capacity of the battery cell is a current that the battery can provide within a given time","Synthesized"
"Airframe – 021.09 (2)","021.09 (2) Q0008","What is the unit of battery capacity?","Ampere hour [Ah]","Option 2","Option 3","Option 4","Ampere hour [Ah]","Synthesized"
"Airframe – 021.09 (2)","021.09 (2) Q0009","What current can battery with a capacity of 10 Ah produce?","10 amperes for 1 hour","Option 2","Option 3","Option 4","10 amperes for 1 hour","Synthesized"
"Airframe – 021.09 (2)","021.09 (2) Q0010","What is the purpose of the batteries on aircraft?","Batteries provide electric power in emergencies","Option 2","Option 3","Option 4","Batteries provide electric power in emergencies","Synthesized"
"Airframe – 021.09 (3)","021.09 (3) Q0001","What is the output of a simple, single-loop DC generator?","Pulsed DC","Option 2","Option 3","Option 4","Pulsed DC","Synthesized"
"Airframe – 021.09 (3)","021.09 (3) Q0002","What parts belong to a simple DC generator?","Stationary magnet, rotating armature, commutator, carbon brushes","Option 2","Option 3","Option 4","Stationary magnet, rotating armature, commutator, carbon brushes","Synthesized"
"Airframe – 021.09 (3)","021.09 (3) Q0003","What parts belong to a DC alternator?","Rotating magnet, stationary armature, rectifier","Option 2","Option 3","Option 4","Rotating magnet, stationary armature, rectifier","Synthesized"
"Airframe – 021.09 (3)","021.09 (3) Q0004","What device converts AC into DC in a DC alternator?","Rectifier","Option 2","Option 3","Option 4","Rectifier","Synthesized"
"Airframe – 021.09 (3)","021.09 (3) Q0005","What voltage do DC systems usually require in a small aircraft?","14V","Option 2","Option 3","Option 4","14V","Synthesized"
"Airframe – 021.09 (3)","021.09 (3) Q0006","What voltage do DC systems usually require in a large aircraft?","28 V","Option 2","Option 3","Option 4","28 V","Synthesized"
"Airframe – 021.09 (3)","021.09 (3) Q0007","What are the factors affecting the output voltage of a generator or alternator? Select the most complete answer.","Rate of change of magnetic field, number of turns in the armature","Option 2","Option 3","Option 4","Rate of change of magnetic field, number of turns in the armature","Synthesized"
"Airframe – 021.09 (3)","021.09 (3) Q0008","How can the output voltage be controlled in an engine-driven alternator?","By changing the magnetic field strength","Option 2","Option 3","Option 4","By changing the magnetic field strength","Synthesized"
"Airframe – 021.09 (3)","021.09 (3) Q0009","Which answer describes a busbar?","A busbar is a distribution point, which supplies the aircraft electrical systems","Option 2","Option 3","Option 4","A busbar is a distribution point, which supplies the aircraft electrical systems","Synthesized"
"Airframe – 021.09 (3)","021.09 (3) Q0010","Which statement is true about the output frequency of AC alternator?","The output frequency of AC alternator is proportional to the rotational speed of the magnetic field or armature","Option 2","Option 3","Option 4","The output frequency of AC alternator is proportional to the rotational speed of the magnetic field or armature","Synthesized"
"Airframe – 021.09 (3)","021.09 (3) Q0011","How is a device that produces variable frequency AC called?","A frequeny wild generator/alternator","Option 2","Option 3","Option 4","A frequeny wild generator/alternator","Synthesized"
"Airframe – 021.09 (3)","021.09 (3) Q0012","With regard to frequency wild generator, what should it be equipped with to produce constant frequency AC?","Rectifier and inverter","Option 2","Option 3","Option 4","Rectifier and inverter","Synthesized"
"Airframe – 021.09 (3)","021.09 (3) Q0013","What are the emergency power source for the alternators or large aircraft?","APU, RAT","Option 2","Option 3","Option 4","APU, RAT","Synthesized"
"Airframe – 021.09 (3)","021.09 (3) Q0014","What parameters in a Constant Speed Drive system are monitored?","Oil temperature and pressure","Generator output voltage","Option 2","Option 3","Oil temperature and pressure","Synthesized"
"Airframe – 021.09 (3)","021.09 (3) Q0015","What is the purpose of the CSD (Constant Speed Drive)?","To ensure constant frequency output from the generator","Option 2","Option 3","Option 4","To ensure constant frequency output from the generator","Synthesized"
"Airframe – 021.09 (3)","021.09 (3) Q0016","What are the main reasons for CSD (Constant Speed Drive) disconnection during flight?","Too high oil temperature or too low oil pressure","Option 2","Option 3","Option 4","Too high oil temperature or too low oil pressure","Synthesized"
"Airframe – 021.09 (3)","021.09 (3) Q0017","After disconnecting CSD (Constant Speed Drive) unit during the flight, when can it be reconnected?","On the ground only with engines shut down","Option 2","Option 3","Option 4","On the ground only with engines shut down","Synthesized"
"Airframe – 021.09 (3)","021.09 (3) Q0018","What is the separation angle between windings in a three-phase alternator?","120°","Option 2","Option 3","Option 4","120°","Synthesized"
"Airframe – 021.09 (3)","021.09 (3) Q0019","What device enables changing AC voltage?","A transformer","Option 2","Option 3","Option 4","A transformer","Synthesized"
"Airframe – 021.09 (3)","021.09 (3) Q0020","If the output voltage of the transformer is supposed to be higher than the input voltage, what should be the number of secondary windings?","Greater than the primary windings","Option 2","Option 3","Option 4","Greater than the primary windings","Synthesized"
"Airframe – 021.09 (3)","021.09 (3) Q0021","What is the input and output of a rectifier ?","Input AC, output DC","Option 2","Option 3","Option 4","Input AC, output DC","Synthesized"
"Airframe – 021.09 (3)","021.09 (3) Q0022","What is the input and output of an inverter?","Input DC, output AC","Option 2","Option 3","Option 4","Input DC, output AC","Synthesized"
"Airframe – 021.09 (3)","021.09 (3) Q0023","Which system or device is needed for DC systems to be powered by AC generators?","Transformer rectifier units (TRU)","Option 2","Option 3","Option 4","Transformer rectifier units (TRU)","Synthesized"
"Airframe – 021.09 (3)","021.09 (3) Q0024","What parameters must be equal to connect generators in parallel?","Voltage and frequency","Option 2","Option 3","Option 4","Voltage and frequency","Synthesized"
"Airframe – 021.09 (4)","021.09 (4) Q0001","What is a busbar (bus)?","A busbar is a distribution point where high current from the generators is passed to other systems","Option 2","Option 3","Option 4","A busbar is a distribution point where high current from the generators is passed to other systems","Synthesized"
"Airframe – 021.09 (4)","021.09 (4) Q0002","In what type of a busbar system the power produced by each generator is passed to one busbar?","In a parallel busbar system","In a serial busbar system","Option 2","Option 3","In a parallel busbar system","Synthesized"
"Airframe – 021.09 (4)","021.09 (4) Q0003","In what type of a busbar system each generator supplies its busbar?","In a split busbar system","Option 2","Option 3","Option 4","In a split busbar system","Synthesized"
"Airframe – 021.09 (4)","021.09 (4) Q0004","On large aircraft what is the main source of the electrical power?","AC generators","Option 2","Option 3","Option 4","AC generators","Synthesized"
"Airframe – 021.09 (4)","021.09 (4) Q0005","How is DC obtained in normal operation in an aircraft where AC generators are the primary source of the electrical power?","By passing AC through TRU (Transformer Rectifier Unit)","Option 2","Option 3","Option 4","By passing AC through TRU (Transformer Rectifier Unit)","Synthesized"
"Airframe – 021.09 (4)","021.09 (4) Q0006","When is the maintenance bus energised?","On the ground only, when the external power is supplied","Option 2","Option 3","Option 4","On the ground only, when the external power is supplied","Synthesized"
"Airframe – 021.09 (4)","021.09 (4) Q0007","Which of the following systems are supplied by the external power when the aircraft is on the ground? Select the most complete answer.","All answers are correct","Option 2","Option 3","Option 4","All answers are correct","Synthesized"
"Airframe – 021.09 (4)","021.09 (4) Q0008","Which is the correct order of the power sources during normal flight for a typical commercial aircraft, form the highest to the lowest priority?","Main generators, APU generator, emergency generator, batteries","Option 2","Option 3","Option 4","Main generators, APU generator, emergency generator, batteries","Synthesized"
"Airframe – 021.09 (4)","021.09 (4) Q0009","Which is the correct order of the power sources on the ground for a typical commercial aircraft if the external power switch set to OFF, form the highest to the lowest priority?","Main generators, APU generator, external power","External power, APU generator, batteries","Option 2","Option 3","Main generators, APU generator, external power","Synthesized"
"Airframe – 021.09 (4)","021.09 (4) Q0010","Which of the following parameters must be the same to connect two generators in parallel to one busbar? I - Output voltage, II - Output current, III - Output frequency, IV - Output power","I and III","Option 2","Option 3","Option 4","I and III","Synthesized"
"Airframe – 021.09 (4)","021.09 (4) Q0011","What is the purpose of the load shedding?","To prevent overloading of the remaining power source in case of one generator failure","Option 2","Option 3","Option 4","To prevent overloading of the remaining power source in case of one generator failure","Synthesized"
"Airframe – 021.09 (4)","021.09 (4) Q0012","How is the DC part of the large aircraft electrical system supplied during normal operation?","Indirectly by the main generators","Option 2","Option 3","Option 4","Indirectly by the main generators","Synthesized"
"Airframe – 021.09 (4)","021.09 (4) Q0013","Which systems are powered by DC? Select the most complete answer.","Lights","Option 2","Option 3","Option 4","Lights","Synthesized"
"Airframe – 021.09 (4)","021.09 (4) Q0014","What is the typical output frequency of the AC generator on a large transport aircraft?","400Hz","Option 2","Option 3","Option 4","400Hz","Synthesized"
"Airframe – 021.09 (4)","021.09 (4) Q0015","Which of the following systems are AC-powered? I - ADC, II - GPS, III - Lights, IV - INS, V - engine starter, VI - landing gear motors, VII - ADF, VIII - weather radar","I, II, IV, VII, VIII","Option 2","Option 3","Option 4","I, II, IV, VII, VIII","Synthesized"
"Airframe – 021.09 (4)","021.09 (4) Q0016","What is the purpose of the CGU (Generator Control Unit)? Select the most complete answer.","All answers are correct","Option 2","Option 3","Option 4","All answers are correct","Synthesized"
"Airframe – 021.09 (5)","021.09 (5) Q0001","The electrical motor converts _____.","electrical energy into mechanical energy","Option 2","Option 3","Option 4","electrical energy into mechanical energy","Synthesized"
"Airframe – 021.09 (5)","021.09 (5) Q0002","Which of the following are parts of the DC motor? I – Permanent magnet, II – Coil of wire, III – Split ring commutator, IV – Rectifier","I, II and III","Option 2","Option 3","Option 4","I, II and III","Synthesized"
"Airframe – 021.09 (5)","021.09 (5) Q0003","Which statement about a DC motor is true?","In a DC motor the permanent magnet is a stator and the coil and the armature are rotor.","Option 2","Option 3","Option 4","In a DC motor the permanent magnet is a stator and the coil and the armature are rotor.","Synthesized"
"Airframe – 021.09 (5)","021.09 (5) Q0004","Which statement describes the correct application of Fleming's left-hand rule for electric motors?","Align the second finger with the current direction, the first finger with magnetic field direction and the thumb will point the force direction","Option 2","Option 3","Option 4","Align the second finger with the current direction, the first finger with magnetic field direction and the thumb will point the force direction","Synthesized"
"Airframe – 021.09 (5)","021.09 (5) Q0005","Which device is used to reverse the current direction in a DC motor?","The split ring commutator","Option 2","Option 3","Option 4","The split ring commutator","Synthesized"
"Airframe – 021.09 (5)","021.09 (5) Q0006","In a series wound DC motor the armature and the field coil are connected ____.","in series","Option 2","Option 3","Option 4","in series","Synthesized"
"Airframe – 021.09 (5)","021.09 (5) Q0007","The series wound DC motor is characterised by ____.","high torque during start and non-constant speed","Option 2","Option 3","Option 4","high torque during start and non-constant speed","Synthesized"
"Airframe – 021.09 (5)","021.09 (5) Q0008","The typical applications of a series wound DC motor are ____.","electric actuators, starter motors and landing gear extension systems","Option 2","Option 3","Option 4","electric actuators, starter motors and landing gear extension systems","Synthesized"
"Airframe – 021.09 (5)","021.09 (5) Q0009","In the shunt wound DC motor the speed ____.","is almost constant","Option 2","Option 3","Option 4","is almost constant","Synthesized"
"Airframe – 021.09 (5)","021.09 (5) Q0010","The typical applications of a shunt wound DC motor are ____.","fans, centrifugal pumps and motor generator units","Option 2","Option 3","Option 4","fans, centrifugal pumps and motor generator units","Synthesized"
"Airframe – 021.09 (5)","021.09 (5) Q0011","The compound wound DC motor is characterised by ____.","high torque during start and constant speed","Option 2","Option 3","Option 4","high torque during start and constant speed","Synthesized"
"Airframe – 021.09 (5)","021.09 (5) Q0012","The compound wound DC motor is used in ____.","hydraulic pumps","Option 2","Option 3","Option 4","hydraulic pumps","Synthesized"
"Airframe – 021.09 (5)","021.09 (5) Q0013","What is the purpose of the starter generator?","Engine starting and DC power supply","Option 2","Option 3","Option 4","Engine starting and DC power supply","Synthesized"
"Airframe – 021.09 (5)","021.09 (5) Q0014","The speed of a synchronous AC motor depends on ____.","The frequency of the power supply","Option 2","Option 3","Option 4","The frequency of the power supply","Synthesized"
"Airframe – 021.09 (5)","021.09 (5) Q0015","What is the speed in rpm of the AC motor with 6 poles if the frequency is equal to 400 Hz?","8000 rpm","Option 2","Option 3","Option 4","8000 rpm","Synthesized"
"Airframe – 021.09 (5)","021.09 (5) Q0016","In the induction AC motor ____.","the current is induced in the rotor","Option 2","Option 3","Option 4","the current is induced in the rotor","Synthesized"
"Airframe – 021.09 (5)","021.09 (5) Q0017","With reference to an induction AC motor, what is a slip speed?","The slip speed is the difference between the speed of the magnetic field's rotation and the rotor speed","Option 2","Option 3","Option 4","The slip speed is the difference between the speed of the magnetic field's rotation and the rotor speed","Synthesized"
"Airframe – 021.09 (5)","021.09 (5) Q0018","The induction motor is characterised by _____.","simple design and low production cost","Option 2","Option 3","Option 4","simple design and low production cost","Synthesized"
"Airframe – Q5 021.10(1)","Q5 021.10(1) Q0001","What is the TDC (Top Dead Centre)?","Highest position at which the piston can be during the cycle","Option 2","Option 3","Option 4","Highest position at which the piston can be during the cycle","Synthesized"
"Airframe – Q5 021.10(1)","Q5 021.10(1) Q0002","What is the BDC (Bottom Dead Centre)?","Lowest position at which the piston can be during the cycle","Option 2","Option 3","Option 4","Lowest position at which the piston can be during the cycle","Synthesized"
"Airframe – Q5 021.10(1)","Q5 021.10(1) Q0003","What is the stroke?","The distance between the TDC and BDC","Option 2","Option 3","Option 4","The distance between the TDC and BDC","Synthesized"
"Airframe – Q5 021.10(1)","Q5 021.10(1) Q0004","What is the bore?","The diameter of the cylinder","Option 2","Option 3","Option 4","The diameter of the cylinder","Synthesized"
"Airframe – Q5 021.10(1)","Q5 021.10(1) Q0005","What is the angular movement of the crankshaft during the full cycle of a four-stroke engine?","720°","Option 2","Option 3","Option 4","720°","Synthesized"
"Airframe – Q5 021.10(1)","Q5 021.10(1) Q0006","How is the torque defined? (T – torque, F – force, L – distance) Select the most complete answer.","T = F x L","Option 2","Option 3","Option 4","T = F x L","Synthesized"
"Airframe – Q5 021.10(1)","Q5 021.10(1) Q0007","What is the crank throw? Select the most complete answer.","All answers are correct","Option 2","Option 3","Option 4","All answers are correct","Synthesized"
"Airframe – Q5 021.10(1)","Q5 021.10(1) Q0008","How is the engine torque defined?","The force produced by the pressure inside the cylinder multiplied the crank throw","Option 2","Option 3","Option 4","The force produced by the pressure inside the cylinder multiplied the crank throw","Synthesized"
"Airframe – Q5 021.10(1)","Q5 021.10(1) Q0009","How is the Specific Fuel Consumption defined?","The ratio of the mass of the burnt fuel in time to the produced power","Option 2","Option 3","Option 4","The ratio of the mass of the burnt fuel in time to the produced power","Synthesized"
"Airframe – Q5 021.10(1)","Q5 021.10(1) Q0010","What are the factors affecting the work of the piston? Select the most complete answer.","All answers are correct","Option 2","Option 3","Option 4","All answers are correct","Synthesized"
"Airframe – Q5 021.10(1)","Q5 021.10(1) Q0011","How is the swept volume defined?","None of the answers is correct
(Total volume of the cylinder, The volume of the combustion chamber above the piston in the TDC, The volume of the combustion chamber above the piston in the BDC)","Option 2","Option 3","Option 4","None of the answers is correct
(Total volume of the cylinder, The volume of the combustion chamber above the piston in the TDC, The volume of the combustion chamber above the piston in the BDC)","Synthesized"
"Airframe – Q5 021.10(1)","Q5 021.10(1) Q0012","How is the swept volume defined? Select the most complete answer.","All answers are correct","Option 2","Option 3","Option 4","All answers are correct","Synthesized"
"Airframe – Q5 021.10(1)","Q5 021.10(1) Q0013","How is the clearance volume defined? Select the most complete answer.","The volume of the combustion chamber above the piston at TDC","Option 2","Option 3","Option 4","The volume of the combustion chamber above the piston at TDC","Synthesized"
"Airframe – Q5 021.10(1)","Q5 021.10(1) Q0014","How is the total volume defined? Select the most complete answer.","The volume of the combustion chamber above the piston at the BDC","!ห้ามตอบ All answers are correct","Option 2","Option 3","The volume of the combustion chamber above the piston at the BDC","Synthesized"
"Airframe – Q5 021.10(1)","Q5 021.10(1) Q0015","How is the compression ratio defined?","The ratio of total volume to the clearance volume","Option 2","Option 3","Option 4","The ratio of total volume to the clearance volume","Synthesized"
"Airframe – Q5 021.10(1)","Q5 021.10(1) Q0016","How is the piston engine power defined? (P – power, M – torque, n – crankshaft speed)","P = M X 2πn","Option 2","Option 3","Option 4","P = M X 2πn","Synthesized"
"Airframe – Q5 021.10(1)","Q5 021.10(1) Q0017","How is the brake horsepower (BHP) defined?","The indicated horsepower (IHP) subtract the friction horsepower (FHP)","Option 2","Option 3","Option 4","The indicated horsepower (IHP) subtract the friction horsepower (FHP)","Synthesized"
"Airframe – Q5 021.10(1)","Q5 021.10(1) Q0018","How is the Specific Power Output (SPO) defined? Select the most complete answer.","Ratio of the engine output power and its weight","!ห้ามตอบ All answers are correct","Option 2","Option 3","Ratio of the engine output power and its weight","Synthesized"
"Airframe – Q5 021.10(1)","Q5 021.10(1) Q0019","How is the mechanical efficiency defined?","The ratio of the brake horsepower (BHP) to the indicated horsepower (IHP)","Option 2","Option 3","Option 4","The ratio of the brake horsepower (BHP) to the indicated horsepower (IHP)","Synthesized"
"Airframe – Q5 021.10(1)","Q5 021.10(1) Q0020","Which sentence describes the volumetric efficiency? Select the most complete answer.","All answers are correct
(The volumetric efficiency is the parameter which describes how well does the engine intake air, The volumetric efficiency is the ratio of weights of mixture induced to the cylinder and the mixture which could fit into the cylinder at standard atmospheric conditions, The volumetric efficiency is less than 1 because of inertia and factors affecting the density of air-fuel mixture)","Option 2","Option 3","Option 4","All answers are correct
(The volumetric efficiency is the parameter which describes how well does the engine intake air, The volumetric efficiency is the ratio of weights of mixture induced to the cylinder and the mixture which could fit into the cylinder at standard atmospheric conditions, The volumetric efficiency is less than 1 because of inertia and factors affecting the density of air-fuel mixture)","Synthesized"
"Airframe – Q5 021.10(1)","Q5 021.10(1) Q0021","What is the simplest and most effective way to increase the power of the engine?","Increase the number of cylinders","Option 2","Option 3","Option 4","Increase the number of cylinders","Synthesized"
"Airframe – Q5 021.10(1)","Q5 021.10(1) Q0022","Which answer describes the inline engine? Select the most complete answer.","All answers are correct","Option 2","Option 3","Option 4","All answers are correct","Synthesized"
"Airframe – Q5 021.10(1)","Q5 021.10(1) Q0023","Which answer describes the V engine?","Relatively small frontal area","Option 2","Option 3","Option 4","Relatively small frontal area","Synthesized"
"Airframe – Q5 021.10(1)","Q5 021.10(1) Q0024","Which answer describes the flat engine?","Cylinders on opposite sides of central crankcase","Option 2","Option 3","Option 4","Cylinders on opposite sides of central crankcase","Synthesized"
"Airframe – Q5 021.10(1)","Q5 021.10(1) Q0025","Which answer describes the flat engine? Select the most complete answer.","All answers are correct","Option 2","Option 3","Option 4","All answers are correct","Synthesized"
"Airframe – Q5 021.10(1)","Q5 021.10(1) Q0026","Which answer describes the radial engine? Select the most complete answer.","Odd number of cylinders to provide smooth operation","!ห้ามตอบ All answers are correct","Option 2","Option 3","Odd number of cylinders to provide smooth operation","Synthesized"
"Airframe – Q5 021.10(1)","Q5 021.10(1) Q0027","Which answer describes the disadvantages of the radial engine? Select the most complete answer.","All answers are correct","Option 2","Option 3","Option 4","All answers are correct","Synthesized"
"Airframe – Q5 021.10(1)","Q5 021.10(1) Q0028","Which answer describes the four-stroke engine comparing to two-stroke engine?","None of the answers is correct
(Four-stroke engine produces much more vibrations than two-stroke engine, Four-stroke engine is less reliable than two-stroke engine, Four-stroke engine requires more frequent overhauls than two-stroke engine)","Option 2","Option 3","Option 4","None of the answers is correct
(Four-stroke engine produces much more vibrations than two-stroke engine, Four-stroke engine is less reliable than two-stroke engine, Four-stroke engine requires more frequent overhauls than two-stroke engine)","Synthesized"
"Airframe – Q5 021.10(1)","Q5 021.10(1) Q0029","Which answer describes the two-stroke engine comparing to four-stroke engine? Select the most complete answer.","All answers are correct","Option 2","Option 3","Option 4","All answers are correct","Synthesized"
"Airframe – Q5 021.10(1)","Q5 021.10(1) Q0030","What does the Otto cycle describe?","The schematic operation of spark-ignition internal combustion four-stroke engine","Option 2","Option 3","Option 4","The schematic operation of spark-ignition internal combustion four-stroke engine","Synthesized"
"Airframe – Q5 021.10(1)","Q5 021.10(1) Q0031","What happens during the intake stroke in the Otto cycle? Select the most complete answer.","Intake valve opens","!ห้ามตอบ All answers are correct","Option 2","Option 3","Intake valve opens","Synthesized"
"Airframe – Q5 021.10(1)","Q5 021.10(1) Q0032","What happens during the compression stroke in the Otto cycle? Select the most complete answer.","Both valves close","!ห้ามตอบ All answers are correct","Option 2","Option 3","Both valves close","Synthesized"
"Airframe – Q5 021.10(1)","Q5 021.10(1) Q0033","What happens during the combustion in the Otto cycle? Select the most complete answer.","All answers are correct","Option 2","Option 3","Option 4","All answers are correct","Synthesized"
"Airframe – Q5 021.10(1)","Q5 021.10(1) Q0034","What happens after the combustion during the power stroke in the Otto cycle? Select the most complete answer.","The piston is forced to move down","Option 2","Option 3","Option 4","The piston is forced to move down","Synthesized"
"Airframe – Q5 021.10(1)","Q5 021.10(1) Q0035","What happens during the heat dissipation in the Otto cycle?","The heat is transferred immediately to the radiator at a constant volume","Option 2","Option 3","Option 4","The heat is transferred immediately to the radiator at a constant volume","Synthesized"
"Airframe – Q5 021.10(1)","Q5 021.10(1) Q0036","What happens during the exhaust stroke in the Otto cycle? Select the most complete answer.","All answers are correct
(The exhaust valve opens, The piston moves upwards, The exhaust gas is pushed out of the cylinder)","Option 2","Option 3","Option 4","All answers are correct
(The exhaust valve opens, The piston moves upwards, The exhaust gas is pushed out of the cylinder)","Synthesized"
"Airframe – Q5 021.10(1)","Q5 021.10(1) Q0037","How to improve the induction of the mixture to the cylinder and the exhaust of the burnt gases? Select the most complete answer.","All answers are correct (By the valve lead, By early opening of the intake valve, By early opening of the exhaust valve)","Option 2","Option 3","Option 4","All answers are correct (By the valve lead, By early opening of the intake valve, By early opening of the exhaust valve)","Synthesized"
"Airframe – Q5 021.10(1)","Q5 021.10(1) Q0038","How to improve the engine performance? Select the most complete answer.","All answers are correct (By the valve lead, By the valve lag, By early opening and late closing of valves)","Option 2","Option 3","Option 4","All answers are correct (By the valve lead, By the valve lag, By early opening and late closing of valves)","Synthesized"
"Airframe – Q5 021.10(1)","Q5 021.10(1) Q0039","What is the valve lag? Select the most complete answer.","All answers are correct
(The inlet valve remains open after BDC, The exhaust valve remains open after TDC, The valves remain open for longer time)","Option 2","Option 3","Option 4","All answers are correct
(The inlet valve remains open after BDC, The exhaust valve remains open after TDC, The valves remain open for longer time)","Synthesized"
"Airframe – Q5 021.10(1)","Q5 021.10(1) Q0040","What is the result of valve overlap? Select the most complete answer.","All answers are correct
(The greater weight of charge is induced to the cylinder, The volumetric efficiency is increased, Exhaust gases flowing out of the cylinder reduce the pressure below the pressure below the pressure in the induction manifold to the charge is induced into the cylinder)","Option 2","Option 3","Option 4","All answers are correct
(The greater weight of charge is induced to the cylinder, The volumetric efficiency is increased, Exhaust gases flowing out of the cylinder reduce the pressure below the pressure below the pressure in the induction manifold to the charge is induced into the cylinder)","Synthesized"
"Airframe – Q5 021.10(1)","Q5 021.10(1) Q0041","What is the difference about the combustion in Diesel and Otto cycles? Select the most complete answer.","All answers are correct 
(In Otto cycle the combustion takes place at a constant volume, In Diesel cycle the fuel auto ignites while in Otto cycle the spark-plug is essential, In Diesel cycle the fuel is burned at a constant pressure)","Option 2","Option 3","Option 4","All answers are correct 
(In Otto cycle the combustion takes place at a constant volume, In Diesel cycle the fuel auto ignites while in Otto cycle the spark-plug is essential, In Diesel cycle the fuel is burned at a constant pressure)","Synthesized"
"Airframe – Q5 021.10(1)","Q5 021.10(1) Q0042","When is the fuel injected in the compression ignition engine?","At the end of the compression","Option 2","Option 3","Option 4","At the end of the compression","Synthesized"
"Airframe – Q5 021.10(1)","Q5 021.10(1) Q0043","In which engines the compression ratio is higher?","In diesel engines","Option 2","Option 3","Option 4","In diesel engines","Synthesized"
"Airframe – Q5 021.10(1)","Q5 021.10(1) Q0044","How is the air supply controlled in diesel engines?","The air supply cannot be controlled in diesel engines","Option 2","Option 3","Option 4","The air supply cannot be controlled in diesel engines","Synthesized"
"Airframe – Q5 021.10(1)","Q5 021.10(1) Q0045","How is the air-fuel mixture supply controlled in petrol engines?","By the throttle and mixture levers","Option 2","Option 3","Option 4","By the throttle and mixture levers","Synthesized"
"Airframe – Q6 021.10(2)","Q6 021.10(2) Q0001","Which answer describes the crankcase?","Made of light alloys, consists of two separate parts, connects the engine with the airframe","Option 2","Option 3","Option 4","Made of light alloys, consists of two separate parts, connects the engine with the airframe","Synthesized"
"Airframe – Q6 021.10(2)","Q6 021.10(2) Q0002","Where is the oil stored in the dry-sump system?","In the separate oil tank outside the engine","Option 2","Option 3","Option 4","In the separate oil tank outside the engine","Synthesized"
"Airframe – Q6 021.10(2)","Q6 021.10(2) Q0003","What is the task of the crankshaft?","None of the answers is correct","Option 2","Option 3","Option 4","None of the answers is correct","Synthesized"
"Airframe – Q6 021.10(2)","Q6 021.10(2) Q0004","What is the crank journal?","Crank journal is an element of the crankshaft where main bearing is mounted to support the crankshaft in the crankcase and enable the rotation","Option 2","Option 3","Option 4","Crank journal is an element of the crankshaft where main bearing is mounted to support the crankshaft in the crankcase and enable the rotation","Synthesized"
"Airframe – Q6 021.10(2)","Q6 021.10(2) Q0005","What is a crank throw?","Crank pin's offset from the crankshaft axis","Option 2","Option 3","Option 4","Crank pin's offset from the crankshaft axis","Synthesized"
"Airframe – Q6 021.10(2)","Q6 021.10(2) Q0006","What is the firing interval of the 6 cylinder engine?","120°","Option 2","Option 3","Option 4","120°","Synthesized"
"Airframe – Q6 021.10(2)","Q6 021.10(2) Q0007","What is the firing interval of the 4 cylinder engine?","180°","Option 2","Option 3","Option 4","180°","Synthesized"
"Airframe – Q6 021.10(2)","Q6 021.10(2) Q0008","What is the firing interval of the 8 cylinder engine?","90°","Option 2","Option 3","Option 4","90°","Synthesized"
"Airframe – Q6 021.10(2)","Q6 021.10(2) Q0009","Which answer describes the connecting-rod? Select the most complete answer.","All answers are correct 
(The connecting-rod is made of high tensile steel, The connecting-rod is the element which transfers the forces from the piston into the moment acting on the crankshaft, The connecting-rod has a H-shaped cross-section)","Option 2","Option 3","Option 4","All answers are correct 
(The connecting-rod is made of high tensile steel, The connecting-rod is the element which transfers the forces from the piston into the moment acting on the crankshaft, The connecting-rod has a H-shaped cross-section)","Synthesized"
"Airframe – Q6 021.10(2)","Q6 021.10(2) Q0010","How is the connecting rod connected with the piston and crankshaft?","The connecting rod small end connects to the piston pin and its big end connects with the crank pin","Option 2","Option 3","Option 4","The connecting rod small end connects to the piston pin and its big end connects with the crank pin","Synthesized"
"Airframe – Q6 021.10(2)","Q6 021.10(2) Q0011","What is the task of a gudgeon pin?","To connect the connecting rod with the piston","Option 2","Option 3","Option 4","To connect the connecting rod with the piston","Synthesized"
"Airframe – Q6 021.10(2)","Q6 021.10(2) Q0012","How to recognize that the piston rings are worn out? Select the most complete answer","By the blue smoke coming from the exhaust pipe","Option 2","Option 3","Option 4","By the blue smoke coming from the exhaust pipe","Synthesized"
"Airframe – Q6 021.10(2)","Q6 021.10(2) Q0013","What is the task of the cylinder head? Select the most complete answer.","All answers are correct 
(To seal the combustion chamber, To enable mounting of house valves, spark plugs and fuel injectiors, To support the rocker arm)","Option 2","Option 3","Option 4","All answers are correct 
(To seal the combustion chamber, To enable mounting of house valves, spark plugs and fuel injectiors, To support the rocker arm)","Synthesized"
"Airframe – Q6 021.10(2)","Q6 021.10(2) Q0014","What are the components of the valvetrain?","Camshaft, pushrods, rocker arms and valves","Option 2","Option 3","Option 4","Camshaft, pushrods, rocker arms and valves","Synthesized"
"Airframe – Q6 021.10(2)","Q6 021.10(2) Q0015","Is it possible to improve the valve cooling?","Yes, by the sodium-filling inside the valve","Option 2","Option 3","Option 4","Yes, by the sodium-filling inside the valve","Synthesized"
"Airframe – Q6 021.10(2)","Q6 021.10(2) Q0016","How many springs are usually used for each valve?","2","Option 2","Option 3","Option 4","2","Synthesized"
"Airframe – Q6 021.10(2)","Q6 021.10(2) Q0017","What is the task of the valve guide?","To keep the valve in a straight path and concentric to its seat","Option 2","Option 3","Option 4","To keep the valve in a straight path and concentric to its seat","Synthesized"
"Airframe – Q6 021.10(2)","Q6 021.10(2) Q0018","What is the task of the camshaft?","To control the timing of the valve opening","Option 2","Option 3","Option 4","To control the timing of the valve opening","Synthesized"
"Airframe – Q6 021.10(2)","Q6 021.10(2) Q0019","With which of the following are the camshaft and crankshaft connected in the aircraft engines? I – belts, II – chains, III – gears.","II and III","Option 2","Option 3","Option 4","II and III","Synthesized"
"Airframe – Q6 021.10(2)","Q6 021.10(2) Q0020","Which sentences describe the lobes? Select the most complete answer. I – There is one lobe for each valve. II – Lobes control opening and closing of the valves. III – The angular position of lobes on the camshaft is fixed.","I, II, III","Option 2","Option 3","Option 4","I, II, III","Synthesized"
"Airframe – Q6 021.10(2)","Q6 021.10(2) Q0021","What is constant and independent from the engine speed? Select the most complete answer.","All answers are correct
(Valve lead, Valve lag, Valve overlap)","Option 2","Option 3","Option 4","All answers are correct
(Valve lead, Valve lag, Valve overlap)","Synthesized"
"Airframe – Q6 021.10(2)","Q6 021.10(2) Q0022","Why the valve clearance is essential? Select the most complete answer.","All answers are correct
(To make sure that the valve closes fully, To let the valve expand freely, Because the valves expand faster than the other valvetrain components)","Option 2","Option 3","Option 4","All answers are correct
(To make sure that the valve closes fully, To let the valve expand freely, Because the valves expand faster than the other valvetrain components)","Synthesized"
"Airframe – Q7 021.10(3)","Q7 021.10(3) Q0001","How much oxygen is in the air?","0,21","Option 2","Option 3","Option 4","0,21","Synthesized"
"Airframe – Q7 021.10(3)","Q7 021.10(3) Q0002","When the mixture is ignited in the spark-ignited engine?","Before the piston reaches the TDC","Option 2","Option 3","Option 4","Before the piston reaches the TDC","Synthesized"
"Airframe – Q7 021.10(3)","Q7 021.10(3) Q0003","How is the detonation in the spark-ignition engine defined?","Detonation is an event when the mixture self-ignites after the mixture is ignited from the spark plug","Option 2","Option 3","Option 4","Detonation is an event when the mixture self-ignites after the mixture is ignited from the spark plug","Synthesized"
"Airframe – Q7 021.10(3)","Q7 021.10(3) Q0004","What are the results of detonation? Select the most complete answer.","All answers are correct","Option 2","Option 3","Option 4","All answers are correct","Synthesized"
"Airframe – Q7 021.10(3)","Q7 021.10(3) Q0005","What is the result of ignition when the piston is before TDC? Select the most complete answer.","All answers are correct","Option 2","Option 3","Option 4","All answers are correct","Synthesized"
"Airframe – Q7 021.10(3)","Q7 021.10(3) Q0006","How to reduce the temperature in the combustion chamber?","By locating the spark plug close to the exhaust valve","Option 2","Option 3","Option 4","By locating the spark plug close to the exhaust valve","Synthesized"
"Airframe – Q7 021.10(3)","Q7 021.10(3) Q0007","What happens if fuel with a lower octane rating is used?","Probability of knocking increases","Option 2","Option 3","Option 4","Probability of knocking increases","Synthesized"
"Airframe – Q7 021.10(3)","Q7 021.10(3) Q0008","How to decrease the probability of detonation? Select the most complete answer","All answers are correct","Option 2","Option 3","Option 4","All answers are correct","Synthesized"
"Airframe – Q7 021.10(3)","Q7 021.10(3) Q0009","How to increase the probability of detonation? Select the most complete answer.","All answers are correct","Option 2","Option 3","Option 4","All answers are correct","Synthesized"
"Airframe – Q7 021.10(3)","Q7 021.10(3) Q0010","How to recognise knocking?","By a metallic knocking sound coming from the engine","Option 2","Option 3","Option 4","By a metallic knocking sound coming from the engine","Synthesized"
"Airframe – Q7 021.10(3)","Q7 021.10(3) Q0011","What is a phenomenon of pre-ignition?","Pre-ignition is an event when the ignition of the charge occurs before the spark plug fires","Option 2","Option 3","Option 4","Pre-ignition is an event when the ignition of the charge occurs before the spark plug fires","Synthesized"
"Airframe – Q7 021.10(3)","Q7 021.10(3) Q0012","How is the dieseling defined? Select the most complete answer.","The petrol engine running after the ignition is shut off","Option 2","Option 3","Option 4","The petrol engine running after the ignition is shut off","Synthesized"
"Airframe – Q7 021.10(3)","Q7 021.10(3) Q0013","How to reduce the probability of pre-ignition occurrence? Select the most complete answer.","All answers are correct","Option 2","Option 3","Option 4","All answers are correct","Synthesized"
"Airframe – Q7 021.10(3)","Q7 021.10(3) Q0014","What are the approximate flammability limits for petrol at 25 °C and atmospheric pressure?","5-11%","Option 2","Option 3","Option 4","5-11%","Synthesized"
"Airframe – Q7 021.10(3)","Q7 021.10(3) Q0015","What are the approximate flammability limits given as air/fuel ratio for petrol at 25 °C and atmospheric pressure?","8:1 rich limit and 20:1 lean limit","Option 2","Option 3","Option 4","8:1 rich limit and 20:1 lean limit","Synthesized"
"Airframe – Q7 021.10(3)","Q7 021.10(3) Q0016","How is the stoichiometric ratio defined? Select the most complete answer.","Ratio at which all the oxygen and fuel is burnt","Option 2","Option 3","Option 4","Ratio at which all the oxygen and fuel is burnt","Synthesized"
"Airframe – Q7 021.10(3)","Q7 021.10(3) Q0017","How is the Specific Fuel Consumption defined?","The ratio of the mass of the burnt fuel in time to the produced power","Option 2","Option 3","Option 4","The ratio of the mass of the burnt fuel in time to the produced power","Synthesized"
"Airframe – Q7 021.10(3)","Q7 021.10(3) Q0018","What is the most effective way to control the mixture?","To monitor the change in exhaust gas temperature","Option 2","Option 3","Option 4","To monitor the change in exhaust gas temperature","Synthesized"
"Airframe – Q7 021.10(3)","Q7 021.10(3) Q0019","What happens when the mixture is weakened from the full rich position? (EGT - exhaust gas temperature)","The EGT will rise until the ideal ratio is reached","Option 2","Option 3","Option 4","The EGT will rise until the ideal ratio is reached","Synthesized"
"Airframe – Q7 021.10(3)","Q7 021.10(3) Q0020","What happens when the mixture lever is moved to the rich side from the ideal ratio? (EGT - exhaust gas temperature)","The EGT will drop","Option 2","Option 3","Option 4","The EGT will drop","Synthesized"
"Airframe – Q7 021.10(3)","Q7 021.10(3) Q0021","What happens when the mixture is leaned up to the ideal ratio? (EGT - exhaust gas temperature, CHT - cylinder head temperature)","The EGT will decrease and the CHT will increase","Option 2","Option 3","Option 4","The EGT will decrease and the CHT will increase","Synthesized"
"Airframe – Q7 021.10(3)","Q7 021.10(3) Q0022","All answers are What is the task of the engine-driven fuel pump? Select the most complete answer.","To prevent a damaged pump from blocking the fuel flow","Option 2","Option 3","Option 4","To prevent a damaged pump from blocking the fuel flow","Synthesized"
"Airframe – Q7 021.10(3)","Q7 021.10(3) Q0023","What are the tasks of the electric fuel pump? Select the most complete answer.","All answers are correct","Option 2","Option 3","Option 4","All answers are correct","Synthesized"
"Airframe – Q7 021.10(3)","Q7 021.10(3) Q0024","What are the tasks of the carburettor? Select the most complete answer.","To control the air/fuel ratio","Option 2","Option 3","Option 4","To control the air/fuel ratio","Synthesized"
"Airframe – Q7 021.10(3)","Q7 021.10(3) Q0025","Which of the following answers describe the injection system?","Provides good fuel distribution","Option 2","Option 3","Option 4","Provides good fuel distribution","Synthesized"
"Airframe – Q7 021.10(3)","Q7 021.10(3) Q0026","Which induction system provides the best fuel distribution?","The injection system","Option 2","Option 3","Option 4","The injection system","Synthesized"
"Airframe – Q7 021.10(3)","Q7 021.10(3) Q0027","How to obtain proper fuel discharge from the jet in simple float carburettor?","By making the pressures in the float chamber and at the air intake equal","Option 2","Option 3","Option 4","By making the pressures in the float chamber and at the air intake equal","Synthesized"
"Airframe – Q7 021.10(3)","Q7 021.10(3) Q0028","What is the task of the compensation duct in simple float carburettor?","To transmit the intake pressure to the float chamber","Option 2","Option 3","Option 4","To transmit the intake pressure to the float chamber","Synthesized"
"Airframe – Q7 021.10(3)","Q7 021.10(3) Q0029","What is the task of the second fuel source in the simple float carburettor?","To provide the proper mixture for slow running conditions","Option 2","Option 3","Option 4","To provide the proper mixture for slow running conditions","Synthesized"
"Airframe – Q7 021.10(3)","Q7 021.10(3) Q0030","What is the problem with simple float carburettor in slow running conditions?","The volume of air is not sufficient to cause fuel drowning through the main jet","Option 2","Option 3","Option 4","The volume of air is not sufficient to cause fuel drowning through the main jet","Synthesized"
"Airframe – Q7 021.10(3)","Q7 021.10(3) Q0031","What is the task of the cut-off valve?","To prevent the engine from running due to pre-ignition and fuel condensation in cylinders","Option 2","Option 3","Option 4","To prevent the engine from running due to pre-ignition and fuel condensation in cylinders","Synthesized"
"Airframe – Q7 021.10(3)","Q7 021.10(3) Q0032","How to obtain a richer mixture at high power setting? Select the most complete answer.","All answers are correct","Option 2","Option 3","Option 4","All answers are correct","Synthesized"
"Airframe – Q7 021.10(3)","Q7 021.10(3) Q0033","Which component prevents the temporal weak mixture when the throttle valve is opened quickly?","None of the answers is correct","Option 2","Option 3","Option 4","None of the answers is correct","Synthesized"
"Airframe – Q7 021.10(3)","Q7 021.10(3) Q0034","What is the task of the primer pump? Select the most complete answer.","To spray the fuel to the inlet manifold to start the engine","Option 2","Option 3","Option 4","To spray the fuel to the inlet manifold to start the engine","Synthesized"
"Airframe – Q7 021.10(3)","Q7 021.10(3) Q0035","What are the indications of the carburettor icing? Select the most complete answer.","All answers are correct","Option 2","Option 3","Option 4","All answers are correct","Synthesized"
"Airframe – Q7 021.10(3)","Q7 021.10(3) Q0036","What are the causes of the ice forming in the carburettor? Select the most complete answer.","All answers are correct","Option 2","Option 3","Option 4","All answers are correct","Synthesized"
"Airframe – Q7 021.10(3)","Q7 021.10(3) Q0037","What might happen after turning the carburettor heat on? Select the most complete answer.","All answers are correct","Option 2","Option 3","Option 4","All answers are correct","Synthesized"
"Airframe – Q7 021.10(3)","Q7 021.10(3) Q0038","Is it possible to use the carburettor heating during take-off?","No, it is not possible","Option 2","Option 3","Option 4","No, it is not possible","Synthesized"
"Airframe – Q7 021.10(3)","Q7 021.10(3) Q0039","What are the results of using the carburettor heating? Select the most complete answer.","All answers are correct","Option 2","Option 3","Option 4","All answers are correct","Synthesized"
"Airframe – Q7 021.10(3)","Q7 021.10(3) Q0040","How is the icing prevented in fuel-injected engines?","By the alternate air system","Option 2","Option 3","Option 4","By the alternate air system","Synthesized"
"Airframe – Q7 021.10(3)","Q7 021.10(3) Q0041","How is the fuel injected in the indirect fuel injection system? Select the most complete answer.","All answers are correct","Option 2","Option 3","Option 4","All answers are correct","Synthesized"
"Airframe – Q7 021.10(3)","Q7 021.10(3) Q0042","What is the task of the air throttle valve in the fuel/air control unit?","To control the airflow to the engine","Option 2","Option 3","Option 4","To control the airflow to the engine","Synthesized"
"Airframe – Q7 021.10(3)","Q7 021.10(3) Q0043","What is the task of the throttle metering valve in the fuel/air control unit?","To control the fuel flow to the fuel manifold valve","Option 2","Option 3","Option 4","To control the fuel flow to the fuel manifold valve","Synthesized"
"Airframe – Q7 021.10(3)","Q7 021.10(3) Q0044","What is the task of the mixture control valve in the fuel/air control unit?","To reduce the fuel pressure at the metering valve","Option 2","Option 3","Option 4","To reduce the fuel pressure at the metering valve","Synthesized"
"Airframe – Q7 021.10(3)","Q7 021.10(3) Q0045","What is the task of the fuel manifold valve?","To distribute metered fuel to the engine","Option 2","Option 3","Option 4","To distribute metered fuel to the engine","Synthesized"
"Airframe – Q7 021.10(3)","Q7 021.10(3) Q0046","What are the advantages of indirect fuel injection? Select the most complete answer.","All answers are correct","Option 2","Option 3","Option 4","All answers are correct","Synthesized"
"Airframe – Q7 021.10(3)","Q7 021.10(3) Q0047","What are the advantages of the carburettor system?","None of the answers is correct","Option 2","Option 3","Option 4","None of the answers is correct","Synthesized"
"Airframe – Q7 021.10(3)","Q7 021.10(3) Q0048","How is the fuel injection controlled in modern engines?","By FADEC","Option 2","Option 3","Option 4","By FADEC","Synthesized"
"Airframe – Q8 021.10(4)","Q8 021.10(4) Q0001","What may be the result of the engine overheating?","All answers are correct","Engine components structural failure","Problems with lubrication","Detonation","All answers are correct","Evionica"
"Airframe – Q8 021.10(4)","Q8 021.10(4) Q0002","What is the problem with too low engine temperature?","High efficiency requires high temperature","Increased fuel volatility","Pre-ignition","Detonation","High efficiency requires high temperature","Evionica"
"Airframe – Q8 021.10(4)","Q8 021.10(4) Q0003","What are the advantages of air cooling compared to liquid cooling?","Simplicity","Better control of the engine temperature","Higher effectiveness","Lower drag","Simplicity","Evionica"
"Airframe – Q8 021.10(4)","Q8 021.10(4) Q0004","What are the advantages of liquid cooling compared to air cooling?","Better control of the engine temperature","All answers are correct","Lightness","Few moving parts","Better control of the engine temperature","Evionica"
"Airframe – Q8 021.10(4)","Q8 021.10(4) Q0005","Why cylinders and cylinder heads of air-cooled engines have fins?","To increase the area to dissipate the heat into the air","To reduce the drag of the engine","To reduce weight","None of the answers is correct","To increase the area to dissipate the heat into the air","Evionica"
"Airframe – Q8 021.10(4)","Q8 021.10(4) Q0006","What are the factors affecting the cooling efficiency?","All answers are correct","Air temperature","Airflow speed","Effectiveness of baffles","All answers are correct","Evionica"
"Airframe – Q8 021.10(4)","Q8 021.10(4) Q0007","Why is the combustion chamber face covered with copper? Select the most complete answer.","To improve the heat transfer","To reduce the friction","To reduce the engine weight","All answers are correct","To improve the heat transfer","Evionica"
"Airframe – Q8 021.10(4)","Q8 021.10(4) Q0008","What does the viscosity determine?","The internal friction resulting from the sliding of fluid layers, relative to each other during flow","The effectiveness of heat transfer","The change of density with temperature","None of the answers is correct","The internal friction resulting from the sliding of fluid layers, relative to each other during flow","Evionica"
"Airframe – Q8 021.10(4)","Q8 021.10(4) Q0009","Which factors have to be taken into consideration while choosing the engine oil?","All answers are correct","Engine power","Mean ambient temperature","Oil additives","All answers are correct","Evionica"
"Airframe – Q8 021.10(4)","Q8 021.10(4) Q0010","What is the primary task of the lubrication system?","Reduction of friction and wear","Engine cleaning","Being a hydraulic medium","Being an indicating medium","Reduction of friction and wear","Evionica"
"Airframe – Q8 021.10(4)","Q8 021.10(4) Q0011","Which answer describes the oil tasks as an indicating medium?","All answers are correct","The oil may contain metal debris from the engine indicating its damage","Oil parameters are displayed in the cockpit","The oil is used in torque meters","All answers are correct","Evionica"
"Airframe – Q8 021.10(4)","Q8 021.10(4) Q0012","What is the name of the oil system in which the oil is stored at the bottom of the engine?","Wet sump system","Dry sump system","Bottom oil system","None of the answers is correct","Wet sump system","Evionica"
"Airframe – Q8 021.10(4)","Q8 021.10(4) Q0013","What is the main disadvantage of the wet sump system in the aircraft? Select the most complete answer.","Problem with lubrication during manoeuvres","All answers are correct","The wet sump system is more advanced than the dry sump system","The wet sump system takes more space than the dry sump system","Problem with lubrication during manoeuvres","Evionica"
"Airframe – Q8 021.10(4)","Q8 021.10(4) Q0014","What are the disadvantages of the wet sump system? Select the most complete answer.","Problem with lubrication during manoeuvres","The wet sump system is heavier than the dry sump system","The wet sump system is more advanced than the dry sump system","All answers are correct","Problem with lubrication during manoeuvres","Evionica"
"Airframe – Q8 021.10(4)","Q8 021.10(4) Q0015","What are the disadvantages of the dry sump system?","None of the answers is correct","In dry sump system it is difficult to control oil temperature","The oil contaminates and oxidises more easily","Limited oil supply","None of the answers is correct","Evionica"
"Airframe – Q8 021.10(4)","Q8 021.10(4) Q0016","What is the function of the scavenge pump? Select the most complete answer.","To remove the oil from the sump and return it to the tank","To drain the oil from the oil tank","To supply the oil to the moving parts of the engine","All answers are correct","To remove the oil from the sump and return it to the tank","Evionica"
"Airframe – Q8 021.10(4)","Q8 021.10(4) Q0017","How is the capacity of the pressure pump set?","To supply the minimum oil pressure at low rotational speed and high oil temperature","To supply the minimum oil pressure at low rotational speed and low oil temperature","To supply the minimum oil pressure at high rotational speed and high oil temperature","To supply the minimum oil pressure at high rotational speed and low oil temperature","To supply the minimum oil pressure at low rotational speed and high oil temperature","Evionica"
"Airframe – Q8 021.10(4)","Q8 021.10(4) Q0018","Why scavenge pumps are larger than the pressure pumps?","To remove all the oil from the sump","To supply the oil at low engine rotational speed","To supply the oil at high engine rotational speed","None of the answers is correct","To remove all the oil from the sump","Evionica"
"Airframe – Q8 021.10(4)","Q8 021.10(4) Q0019","Which answer describes the oil tank? Select the most complete answer.","All answers are correct","Made of sheet metal","Strengthened internally","Baffled","All answers are correct","Evionica"
"Airframe – Q8 021.10(4)","Q8 021.10(4) Q0020","Where should be the oil tank located?","Higher level than the engine","At the same level as the engine","Lower level than the engine","It is not important at which level the oil tank is located","Higher level than the engine","Evionica"
"Airframe – Q8 021.10(4)","Q8 021.10(4) Q0021","Why there is airspace in the oil tank? Select the most complete answer.","All answers are correct","Because of frothing","Because of increased oil return during start","Because of the displacement of oil from variable pitch propeller","All answers are correct","Evionica"
"Airframe – Q8 021.10(4)","Q8 021.10(4) Q0022","What is a hot pot?","A separate compartment within the oil tank which restricts the quantity of oil in circulation during start when the oil is cold and viscous","A metal plate which separates the air from oil to reduce frothing","A venting system inside the oil tank","Another name for the oil tank","A separate compartment within the oil tank which restricts the quantity of oil in circulation during start when the oil is cold and viscous","Evionica"
"Airframe – Q8 021.10(4)","Q8 021.10(4) Q0023","Where is the pressure filter located?","After the pressure pump","Before the pressure pump","After the scavenge pump","Before the scavenge pump","After the pressure pump","Evionica"
"Airframe – Q8 021.10(4)","Q8 021.10(4) Q0024","Where is the suction filter located?","Before the pressure pump","After the pressure pump","Before the scavenge pump","After the scavenge pump","Before the pressure pump","Evionica"
"Airframe – Q8 021.10(4)","Q8 021.10(4) Q0025","Where is the scavenge filter located?","Before the scavenge pump","After the scavenge pump","After the pressure pump","Before the pressure pump","Before the scavenge pump","Evionica"
"Airframe – Q8 021.10(4)","Q8 021.10(4) Q0026","Which factor affects the effectiveness of oil cooling? Select the most complete answer.","All answers are correct","Heat generated by the engine","Temperature of the cooling air","Airflow rate in the cooler","All answers are correct","Evionica"
"Airframe – Q8 021.10(4)","Q8 021.10(4) Q0027","Which types of valves are in the oil system?","All answers are correct","Check valve","Anti-surge and thermostatic bypass valve","Pressure relief valve","All answers are correct","Evionica"
"Airframe – Q8 021.10(4)","Q8 021.10(4) Q0028","Which valve prevents the damage of the oil cooler when the oil is cold? Select the most complete answer.","Anti-surge and thermostatic bypass valve","Check valve","Pressure relief valve","All answers are correct","Anti-surge and thermostatic bypass valve","Evionica"
"Airframe – Q8 021.10(4)","Q8 021.10(4) Q0029","What is the function of the check valve?","To hold the engine in the oil tank until the engine is started","None of the answers is correct","To prevent the damage of the oil cooler when the oil is cold","To maintain the proper temperature of the oil by changing the oil flow passing through the oil cooler","To hold the engine in the oil tank until the engine is started","Evionica"
"Airframe – Q8 021.10(4)","Q8 021.10(4) Q0030","Which oil parameters are monitored in the cockpit? Select the most complete answer.","All answers are correct","Temperature","Pressure","Quantity","All answers are correct","Evionica"
"Airframe – Q8 021.10(4)","Q8 021.10(4) Q0031","Where is the oil pressure controlled?","At the outlet of the pressure pump","Before the pressure pump","Before the suction filter","At the outlet of the oil cooler","At the outlet of the pressure pump","Evionica"
"Airframe – Q8 021.10(4)","Q8 021.10(4) Q0032","What is the typical pressure in the oil system?","50-100 psi","5-10 psi","15-50 psi","150-200 psi","50-100 psi","Evionica"
"Airframe – Q8 021.10(4)","Q8 021.10(4) Q0033","Where is the oil temperature monitored?","At the inlet to the pressure pump","At the outlet of the pressure pump","At the inlet to the scavenge pump","At the outlet of the scavenge pump","At the inlet to the pressure pump","Evionica"
"Airframe – Q8 021.10(4)","Q8 021.10(4) Q0034","What are the reasons for increased oil consumption?","All answers are correct","Oil with wrong viscosity grade","Poor oil quality","Piston or cylinder wear","All answers are correct","Evionica"
"Airframe – Q8 021.10(4)","Q8 021.10(4) Q0035","How many spark plugs are in each cylinder of petrol aero piston engine?","2","1","3","0","2","Evionica"
"Airframe – Q8 021.10(4)","Q8 021.10(4) Q0036","What is a magneto?","A strong magnet rotating inside the primary coil","A strong magnet around which the primary coil rotates","A strong magnet rotating inside the secondary coil","A strong magnet around which the secondary coil rotates","A strong magnet rotating inside the primary coil","Evionica"
"Airframe – Q8 021.10(4)","Q8 021.10(4) Q0037","How is the dead magneto check performed?","By switching one magneto off at around 1000 rpm","By switching both magnetos off at around 1000 rpm","By switching each magneto to compare the rpm drop at about 75% of maximum engine rpm","None of the answers is correct","By switching one magneto off at around 1000 rpm","Evionica"
"Airframe – Q8 021.10(4)","Q8 021.10(4) Q0038","How is the live magneto check performed?","By switching both magnetos off at around 1000 rpm","By switching one magneto off at around 1000 rpm","By switching each magneto to compare the rpm drop at about 75% of maximum engine rpm","None of the answers is correct","By switching both magnetos off at around 1000 rpm","Evionica"
"Airframe – Q8 021.10(4)","Q8 021.10(4) Q0039","How is the magneto drop check performed?","By switching each magneto to compare the rpm drop at about 75% of maximum engine rpm","By switching both magnetos off at around 1000 rpm","By switching one magneto off at around 1000 rpm","None of the answers is correct","By switching each magneto to compare the rpm drop at about 75% of maximum engine rpm","Evionica"
"Airframe – Q8 021.10(4)","Q8 021.10(4) Q0040","What is flashover?","Flashover is an event when moisture misdirects high voltage current to another spark plug than the one which should be firing","Flashover is an event when the mixture is ignited too late","Flashover is an event when the booster coil delivers a high voltage to the distributor rotor trailing-arm providing a retarded spark","Flashover is an event when the mixture is ignited too early","Flashover is an event when moisture misdirects high voltage current to another spark plug than the one which should be firing","Evionica"
"Airframe – Q8 021.10(4)","Q8 021.10(4) Q0041","How to prevent the flashover?","By waxing coils, condensers, distributors and distributor motors","By proper ignition timing","By increasing the engine rpm","None of the answers is correct","By waxing coils, condensers, distributors and distributor motors","Evionica"
"Airframe – Q8 021.10(4)","Q8 021.10(4) Q0042","What is the task of the glow plug? Select the most complete answer.","To preheat the diesel engine’s combustion chamber","To ignite the mixture in the diesel engine","All answers are correct","To ignite the mixture in the petrol engine","To preheat the diesel engine’s combustion chamber","Evionica"
"Airframe – Q9 021.10(5)","Q9 021.10(5) Q0001","What is the task of the propeller?","To generate thrust","None of the answers is correct","To generate lift","To cool down the pilot","To generate thrust","Evionica"
"Airframe – Q9 021.10(5)","Q9 021.10(5) Q0002","How is the chord line defined? Select the most complete answer.","A straight line connecting the centres of curvature of the leading and trailing edges","All answers are correct","The distance between the leading edge and trailing edge","A line connecting the leading and trailing edges of an aerofoil","A straight line connecting the centres of curvature of the leading and trailing edges","Evionica"
"Airframe – Q9 021.10(5)","Q9 021.10(5) Q0003","How is the chord defined? Select the most complete answer.","The distance between the leading edge and trailing edge","A line connecting the leading and trailing edges of an aerofoil","A straight line connecting the centres of curvature of the leading and trailing edges","All answers are correct","The distance between the leading edge and trailing edge","Evionica"
"Airframe – Q9 021.10(5)","Q9 021.10(5) Q0004","How is the mean camber line defined? Select the most complete answer.","A line connecting the leading and trailing edges of an aerofoil","The distance between the leading edge and trailing edge","A straight line connecting the centres of curvature of the leading and trailing edges","All answers are correct","A line connecting the leading and trailing edges of an aerofoil","Evionica"
"Airframe – Q9 021.10(5)","Q9 021.10(5) Q0005","When the aerofoil has a positive camber?","When the camber line lies above the chord line","When the camber line lies below the chord line","When the chord line and camber line are coincidental","None of the answers is correct","When the camber line lies above the chord line","Evionica"
"Airframe – Q9 021.10(5)","Q9 021.10(5) Q0006","When the aerofoil has a negative camber?","When the camber line lies below the chord line","When the camber line lies above the chord line","When the chord line and camber line are coincidental","None of the answers is correct","When the camber line lies below the chord line","Evionica"
"Airframe – Q9 021.10(5)","Q9 021.10(5) Q0007","When the aerofoil is symmetrical?","When the chord line and camber line are coincidental","When the camber line lies below the chord line","When the camber line lies above the chord line","None of the answers is correct","When the chord line and camber line are coincidental","Evionica"
"Airframe – Q9 021.10(5)","Q9 021.10(5) Q0008","How is the maximum camber defined?","A maximum distance between the camber line and the chord line","A distance between the camber line and the chord line","A distance between the leading edge and trailing edge","A maximum distance between the leading edge and trailing edge","A maximum distance between the camber line and the chord line","Evionica"
"Airframe – Q9 021.10(5)","Q9 021.10(5) Q0009","How is the blade angle defined?","The angle between the blade chord and the plane of rotation","The angle between the actual path of the propeller and the plane of rotation","The angle between the blade chord and the relative airflow","None of the answers is correct","The angle between the blade chord and the plane of rotation","Evionica"
"Airframe – Q9 021.10(5)","Q9 021.10(5) Q0010","How is the angle of attack defined?","The angle between the blade chord and the relative airflow","The angle between the blade chord and the plane of rotation","The angle between the actual path of the propeller and the plane of rotation","None of the answers is correct","The angle between the blade chord and the relative airflow","Evionica"
"Airframe – Q9 021.10(5)","Q9 021.10(5) Q0011","How is the geometric pitch defined ? Select the most complete newer","All answers are correct","The distance that propeller would forward in one revelation if it were moving through the air the blade angle","The theoretical distance that the propeller would move forward in one revolution if it were moving through the air at zero blade angle of attack","The sum of effective pitch and propeller slip","All answers are correct","Evionica"
"Airframe – Q9 021.10(5)","Q9 021.10(5) Q0012","How is the propeller slip defined?","The difference between the geometric and the effective pitch","The sum of the effective and geometric pitch","The ratio of the geometric pitch to the effective pitch","None of the answers is correct","The difference between the geometric and the effective pitch","Evionica"
"Airframe – Q9 021.10(5)","Q9 021.10(5) Q0013","How is the helix angle defined?","The angle between the actual path of the propeller and the plane of rotation","None of the answers is correct","The angle between the blade chord and the plane of rotation","The angle between the blade chord and the relative airflow","The angle between the actual path of the propeller and the plane of rotation","Evionica"
"Airframe – Q9 021.10(5)","Q9 021.10(5) Q0014","When the pitch can be adjusted in the adjustable-pitch propeller","On the ground with engine off","During the pre-flight engine check","During the flight","None of the answers is correct","On the ground with engine off","Evionica"
"Airframe – Q9 021.10(5)","Q9 021.10(5) Q0015","What is the operating principle of the two pitch propeller system?","The pilot can select a fine or coarse pitch on the ground and during the flight","None of the answers is correct","A fine or coarse pitch has to be set before the flight","The pilot can select a fine or coarse pitch only while operating on the ground","The pilot can select a fine or coarse pitch on the ground and during the flight","Evionica"
"Airframe – Q9 021.10(5)","Q9 021.10(5) Q0016","Which sentence describes the feathered position? Select the most complete answer.","All answers are correct","In feathered position the drag is significantly reduced","The chord is approximately parallel to the on-coming air","The blade pitch is increased over the coarse pitch","All answers are correct","Evionica"
"Airframe – Q9 021.10(5)","Q9 021.10(5) Q0017","What is the name of the propeller position when the engine is stopped and propeller is parallel to the airflow?","Feathered position","Windmilling position","Zero drag position","Coarse pitch position","Feathered position","Evionica"
"Airframe – Q9 021.10(5)","Q9 021.10(5) Q0018","What are the benefits of using constant speed propellers? Select the most complete answer.","All answers are correct","High efficiency can be obtained over a wider range of TAS","Improved performance for take-off","Improved performance for climb","All answers are correct","Evionica"
"Airframe – Q9 021.10(5)","Q9 021.10(5) Q0019","What is the most common method for the pitch change actuation?","Hydraulic, by the engine's lubrication system","Hydraulic, by the fuel system","Electric, by the separate system","Pneumatic, by the separate system","Hydraulic, by the engine's lubrication system","Evionica"
"Airframe – Q9 021.10(5)","Q9 021.10(5) Q0020","How is the pitch change obtained in the single-acting propeller system?","By varying the oil pressure inside the cylinder","By the mechanical lever","By the gears","By the electric actuator","By varying the oil pressure inside the cylinder","Evionica"
"Airframe – Q9 021.10(5)","Q9 021.10(5) Q0021","How does the propeller return to the previous position after actuation in the single-acting propeller?","By the use of springs or a centrifugally actuated counterweights","By varying the oil pressure inside the cylinder","By the mechanical lever","By the electric actuator","By the use of springs or a centrifugally actuated counterweights","Evionica"
"Airframe – Q9 021.10(5)","Q9 021.10(5) Q0022","How does the propeller return to the previous position after actuation in the double-acting propeller?","By increasing the oil pressure to the other side of the piston","By taking the oil out of the piston","By the mechanical lever","By the use of springs or a centrifugally actuated counterweights","By increasing the oil pressure to the other side of the piston","Evionica"
"Airframe – Q9 021.10(5)","Q9 021.10(5) Q0023","Which answer describes the Constant Speed Unit (CSU)?","All answers are correct","CSU is driven by the engine","CSU detects any changes to the engine rpm and compensates them by the propeller pitch changes","CSU is usually installed at the front of the engine, just behind the propeller","All answers are correct","Evionica"
"Airframe – Q9 021.10(5)","Q9 021.10(5) Q0024","Is it possible to adjust the force on the speeder spring in the Constant Speed Unit (CSU)?","Yes, by the rpm lever","Yes, by the throttle lever","No, it is not possible","Yes, by the mixture lever","Yes, by the rpm lever","Evionica"
"Airframe – Q9 021.10(5)","Q9 021.10(5) Q0025","When the engine runs at the desired speed which oil passages to the constant-speed propeller are blocked?","Both oil passages are blocked","Fine pitch oil passage is blocked","Coarse pitch oil passage is blocked","Both passages are open","Both oil passages are blocked","Evionica"
"Airframe – Q9 021.10(5)","Q9 021.10(5) Q0026","When the engine torque is greater than the torque generated by the constant-speed propeller to which oil passages the oil is supplied?","The oil is supplied to the coarse pitch oil passage and drained from the fine pitch passage","The oil is supplied to the fine pitch oil passage and drained from the coarse pitch passage","The oil is supplied to the coarse pitch oil passage and the fine pitch passage","Both oil passages are closed","The oil is supplied to the coarse pitch oil passage and drained from the fine pitch passage","Evionica"
"Airframe – Q9 021.10(5)","Q9 021.10(5) Q0027","When the engine torque is greater than the torque generated by the constant-speed propeller how would rpm change?","Rpm will increase","Rpm will remain constant","Rpm will decrease","At first, rpm will decrease and then increase","Rpm will increase","Evionica"
"Airframe – Q9 021.10(5)","Q9 021.10(5) Q0028","When the constant-speed propeller torque is greater than the engine torque how would rpm change ?","Rpm will decrease","Rpm will increase","Rpm will remain constant","At first, rpm will decrease and then increase","Rpm will decrease","Evionica"
"Airframe – Q9 021.10(5)","Q9 021.10(5) Q0029","When a propeller should feather itself in an aircraft equipped with an autofeathering system?","In case of low torque when high power is selected","In case of low torque when low power is selected","In case of high torque when low power is selected","In case of high torque when high power is selected","In case of low torque when high power is selected","Evionica"
"Airframe – Q9 021.10(5)","Q9 021.10(5) Q0030","What happens with oil when the propeller is autofeathered?","The oil goes to the coarse pitch side and drains away from the fine pitch passage","The oil goes to the coarse pitch side and the fine pitch passage","The oil goes to the fine pitch side and drains away from the coarse pitch passage","The oil drains from the fine pitch side and the coarse pitch passage","The oil goes to the coarse pitch side and drains away from the fine pitch passage","Evionica"
"Airframe – Q9 021.10(5)","Q9 021.10(5) Q0031","Which of the following answers is true about the feathering stop? Select the most complete answer.","In feathering stop, the propeller generates no lift","All answers are correct","In feathering stop, the propeller generates high lift","In feathering stop, the propeller generates high drag","In feathering stop, the propeller generates no lift","Evionica"
"Airframe – Q9 021.10(5)","Q9 021.10(5) Q0032","what would happen if the constant speed unit(CSU) will continue to operate normally after the engine failure?","The CSU will drive the propeller towards the fine pitch, trying to maintain the constant rpm and as a result, the propeller would be in the windmilling position","The CSU will drive the propeller towards the fine pitch, trying to maintain the constant rpm and as a result, the propeller would be in the feathered position","The CSU will drive the propeller towards the coarse pitch, trying to maintain the constant rpm and as a result, the propeller would be in the windmilling position","None of the answers is correct","The CSU will drive the propeller towards the fine pitch, trying to maintain the constant rpm and as a result, the propeller would be in the windmilling position","Evionica"
"Airframe – Q9 021.10(5)","Q9 021.10(5) Q0033","What are the results of the windmilling propeller? Select the most completer answer.","All answers are correct","High drag","Increased probability of engine damage or fire","High yawing moment towards the failed engine","All answers are correct","Evionica"
"Airframe – Q9 021.10(5)","Q9 021.10(5) Q0034","How to minimize the drag of the failed engine?","None of the answers is correct","By turning the propeller to the ground fine pitch","By turning the propeller to the windmilling position","By turning the propeller to the reverse pitch","None of the answers is correct","Evionica"
"Airframe – Q9 021.10(5)","Q9 021.10(5) Q0035","How to unfeather the single-acting propeller? Select the most complete answer.","All answers are correct","By pressing the button in the cockpit","By releasing the pressurized oil from an accumulator","By forcing the piston towards the fine pitch","All answers are correct","Evionica"
"Airframe – Q9 021.10(5)","Q9 021.10(5) Q0036","What is the task of the centrifugal latches?","To prevent the propeller from turning to the feathered position after stopping the engine","To prevent the propeller from turning to the reverse pitch after stopping the engine","To prevent the propeller from turning to the windmilling position after stopping the engine","To prevent the propeller from turning to the fine pitch after stopping the engine","To prevent the propeller from turning to the feathered position after stopping the engine","Evionica"
"Airframe – Q9 021.10(5)","Q9 021.10(5) Q0037","How do the centrifugal latches disengage?","Automatically, when the oil pressure builds up after starting the engine and rpm is increased up to the warm-up setting","After pressing the button in the cockpit","By moving the propeller lever up and down 2 times","None of the answers is correct","Automatically, when the oil pressure builds up after starting the engine and rpm is increased up to the warm-up setting","Evionica"
"Airframe – Q9 021.10(5)","Q9 021.10(5) Q0038","How is the feathering achieved in the double-acting system?","By an electrically driven feathering pump","None of the answers is correct","By a mechanical lever","By a spring","By an electrically driven feathering pump","Evionica"
"Airframe – Q9 021.10(5)","Q9 021.10(5) Q0039","Which of the following answers are true about the reverse pitch propeller? Select the most complete answer.","All answers are correct","The blade pitch is at a negative value","The forces act against the direction of motion of the aircraft","Use of reverse pitch reduces the landing distance","All answers are correct","Evionica"
"Airframe – Q9 021.10(5)","Q9 021.10(5) Q0040","How to reduce the noise and vibration on the multi-engine aircraft? Select the most complete answer.","All answers are correct","By equalizing rpm of the engines","By synchronizing the engines","By choosing the master engine and comparing its rpm with other slave engines","All answers are correct","Evionica"
"Airframe – Q9 021.10(5)","Q9 021.10(5) Q0041","What is a synchroscope? Select the most complete answer.","Synchroscope is an indicator of the slave engine rpm differences","Synchroscope is a device which generates current to torque motors","Synchroscope is a device to correct the synchronization of engines rpm","All answers are correct","Synchroscope is an indicator of the slave engine rpm differences","Evionica"
"Airframe – Q9 021.10(5)","Q9 021.10(5) Q0042","What is synchrophasing?","Making the adjacent propeller tips separated by optimum angle to prevent noisy interference.","Equalizing rpm of the engines","Choosing the master engine and comparing its rpm with other, slave engines","Synchronizing two engines","Making the adjacent propeller tips separated by optimum angle to prevent noisy interference.","Evionica"
"Airframe – Q9 021.10(5)","Q9 021.10(5) Q0043","Why reduction gears are used between the engine and the propeller shaft? Select the most complete answer.","All answers are correct","To avoid the blade flutter","To reduce the rpm of the propeller","To avoid the risk of sonic compressibility at the tip","All answers are correct","Evionica"
"Airframe – Q9 021.10(5)","Q9 021.10(5) Q0044","Which of following units may be used on the torque meter ? Select the most complete answer","All answers are correct","Lbft","%","Psi","All answers are correct","Evionica"
"Airframe – Q10 021.10(6)","Q10 021.10(6) Q0001","What happens with engine efficiency when the exhaust backpressure increases?","Engine efficiency decreases","Engine efficiency increases","Exhaust backpressure does not affect engine efficiency","Effect of the exhaust backpressure on the engine efficiency depends on the engine rpm","Engine efficiency decreases","Evionica"
"Airframe – Q10 021.10(6)","Q10 021.10(6) Q0002","What happens with engine efficiency when the exhaust backpressure decreases?","Engine efficiency increases","Engine efficiency decreases","Effect of the exhaust backpressure on the engine efficiency depends on the engine rpm","Exhaust backpressure does not affect engine efficiency","Engine efficiency increases","Evionica"
"Airframe – Q10 021.10(6)","Q10 021.10(6) Q0003","What is the effect of humidity on engine performance?","Higher humidity decreases the amount of oxygen getting into the combustion chamber, so the engine needs to burn more fuel to maintain constant power output","Higher humidity increases the amount of oxygen getting into the combustion chamber, so the engine needs to burn more fuel to maintain constant power output","Lower humidity decreases the amount of oxygen getting into the combustion chamber, so the engine needs to burn more fuel to maintain constant power output","Higher humidity increases the amount of oxygen getting into the combustion chamber, so the engine needs to burn less fuel to maintain constant power output","Higher humidity decreases the amount of oxygen getting into the combustion chamber, so the engine needs to burn more fuel to maintain constant power output","Evionica"
"Airframe – Q10 021.10(6)","Q10 021.10(6) Q0004","How is the normally aspirated engine defined?","Normally aspirated engine is an engine in which air intake does not have forced air induction","Normally aspirated engine is an engine equipped with a supercharger","Normally aspirated engine is an engine equipped with a turbocharger","None of the answers is correct","Normally aspirated engine is an engine in which air intake does not have forced air induction","Evionica"
"Airframe – Q10 021.10(6)","Q10 021.10(6) Q0005","What is the problem with altitude boosted superchargers at low altitude? Select the most complete answer.","Altitude boosted supercharger needs an additional control system to prevent excessive pressure in the engine","Altitude boosted supercharger provides less output power than the normally aspirated engine at low altitude","Altitude boosted supercharger do not operate at low altitude","All answers are correct","Altitude boosted supercharger needs an additional control system to prevent excessive pressure in the engine","Evionica"
"Airframe – Q10 021.10(6)","Q10 021.10(6) Q0006","What is the task of the ground boosted supercharger?","To increase sea-level power","To increase power at high altitude","To increase power with altitude","None of the answers is correct","To increase sea-level power","Evionica"
"Airframe – Q10 021.10(6)","Q10 021.10(6) Q0007","What is a turbocharger?","Externally driven supercharger","Internally driven supercharger","General name for power augmentation","None of the answers is correct","Externally driven supercharger","Evionica"
"Airframe – Q10 021.10(6)","Q10 021.10(6) Q0008","what are the components of the turbocharger","Compressor, turbine, wastegate, wastegate actuator","Compressor, engine shaft, spring drive unit and automatic boost controller","Compressor, turbine, spring drive unit and propeller constant speed unit","Compressor, engine shaft, turbine and absolute boost controller","Compressor, turbine, wastegate, wastegate actuator","Evionica"
"Airframe – Q10 021.10(6)","Q10 021.10(6) Q0009","Why centrifugal compressors are used in the superchargers? Select the most complete answer.","All answers are correct","Because of their ability to handle large quantities of air","Because of their ability to run at high speeds","Because they are light, robust and reliable","All answers are correct","Evionica"
"Airframe – Q10 021.10(6)","Q10 021.10(6) Q0010","What affects the increase of pressure in the compressor? Select the most complete answer.","All answers are correct","The impeller’s diameter","Speed of rotation","The shape of vanes","All answers are correct","Evionica"
"Airframe – Q10 021.10(6)","Q10 021.10(6) Q0011","What happens in the diffuser?","The air velocity decreases and pressure increases","The air velocity increase and pressure increase","The air velocity decreases and pressure decreases","The air velocity increases and pressure decreases","The air velocity decreases and pressure increases","Evionica"
"Airframe – Q10 021.10(6)","Q10 021.10(6) Q0012","Which of the answers is limited by the rotational speed and the size of an impeller? Select the most complete answer","All answers are correct","Pressure ratio","Engine power output","Maximum operating altitude","All answers are correct","Evionica"
"Airframe – Q10 021.10(6)","Q10 021.10(6) Q0013","What happens when more exhaust gasses are passing through the turbine? Select the most complete answer.","All answers are correct","The turbine rotates faster","The compressor rotates faster","The pressure ratio of the compressor is increased","All answers are correct","Evionica"
"Airframe – Q10 021.10(6)","Q10 021.10(6) Q0014","Why the compressor’s impeller in turbocharger has to rotate faster with the altitude increase? Select the most complete answer.","All answers are correct","To compensate the density reduction","To keep constant manifold pressure","To deliver a constant mass of air to the engine","All answers are correct","Evionica"
"Airframe – Q10 021.10(6)","Q10 021.10(6) Q0015","What is the task of the wastegate in the turbocharger? Select the most complete answer.","All answers are correct","To control the amount of exhaust gasses passing through the turbine","To vary the rotational speed of the compressor/turbine shaft","To control the compressor output","All answers are correct","Evionica"
"Airframe – Q10 021.10(6)","Q10 021.10(6) Q0016","Where do the exhaust gases go in the turbocharger when the wastegate is fully open?","Almost all exhaust gases go directly to the atmosphere","All gases are directed to the turbine","Exhaust gases are directed to cabin heating system","Most of the gases go through the turbine but some go directly to the atmosphere","Almost all exhaust gases go directly to the atmosphere","Evionica"
"Airframe – Q10 021.10(6)","Q10 021.10(6) Q0017","Where do the exhaust gases go in the turbocharger when the wastegate is fully closed?","All gases are directed to the turbine","Almost all exhaust gases go directly to the atmosphere","Most of the gases directly to the atmosphere but some are directed to the turbine","Exhaust gasses are directed to the cabin heating system","All gases are directed to the turbine","Evionica"
"Airframe – Q10 021.10(6)","Q10 021.10(6) Q0018","What is the task of the spring in the wastegate actuator?","To open the wastegate","To keep the wastegate in the neutral position","To close the wastegate","To provide the redundancy in the wastegate actuation system","To open the wastegate","Evionica"
"Airframe – Q10 021.10(6)","Q10 021.10(6) Q0019","What is the task of the oil in the wastegate actuator?","To close the wastegate","To open the wastegate","To keep the wastegate in the neutral position","To provide the redundancy in the wastegate actuation system","To close the wastegate","Evionica"
"Airframe – Q10 021.10(6)","Q10 021.10(6) Q0020","What is the task of the absolute pressure controller (APC) in the turbocharger?","To prevent the compressor outlet pressure from exceeding a specific maximum","To prevent the absolute pressure after the turbine from exceeding a specific maximum","To prevent the turbine outlet pressure from exceeding a specific maximum","To prevent the compressor inlet pressure from exceeding a specific maximum","To prevent the compressor outlet pressure from exceeding a specific maximum","Evionica"
"Airframe – Q10 021.10(6)","Q10 021.10(6) Q0021","What happens when the engine with the turbocharger runs at low power settings?","Full oil pressure is applied to the wastegate actuator, the wastegate is closed and all exhaust gases are directed to the turbine","Full oil pressure is applied to the wastegate actuator, the wastegate is open and all exhaust gases are directed to the turbine","Minimum oil pressure is applied to the wastegate actuator, the wastegate is closed and all exhaust gases are directed to the turbine","Minimum oil pressure is applied to the wastegate actuator, the wastegate is open and all exhaust gases are directed to the turbine","Full oil pressure is applied to the wastegate actuator, the wastegate is closed and all exhaust gases are directed to the turbine","Evionica"
"Airframe – Q10 021.10(6)","Q10 021.10(6) Q0022","How to keep the constant outlet pressure of the turbocharger up to critical altitude? Select the most complete answer.","All answers are correct","By increasing the turbine speed as the aircraft climbs","By the progressive closing of the wastegate","By increasing the quantity of exhaust gas passing through the turbine","All answers are correct","Evionica"
"Airframe – Q10 021.10(6)","Q10 021.10(6) Q0023","What happens with the wastegate after the engine start?","Wastegate fully closes","Wastegate fully opens","Wastegate semi opens","Wastegate remains in the previous position","Wastegate fully closes","Evionica"
"Airframe – Q10 021.10(6)","Q10 021.10(6) Q0024","Why the wastegate is never fully opened in the ISA sea level pressure?","To enable reduction of the turbine speed, to keep the compressor outlet pressure within the limit when the ambient pressure is greater than ISA","To enable reduction of the turbine speed, to keep the compressor outlet pressure within the limit when the ambient pressure is lower than ISA","To enable the increase of the turbine speed, to keep the compressor outlet pressure within the limit when the ambient pressure is lower than ISA","To enable the increase of the turbine speed, to keep the compressor outlet pressure within the limit when the ambient pressure is greater than ISA","To enable reduction of the turbine speed, to keep the compressor outlet pressure within the limit when the ambient pressure is greater than ISA","Evionica"
"Airframe – Q10 021.10(6)","Q10 021.10(6) Q0025","Which of the following answers is true about the critical altitude? Select the most complete answer.","All answers are correct","No more increase in turbine speed is possible","The wastegate is fully closed","From this altitude, the engine performance will only decrease","All answers are correct","Evionica"
"Airframe – Q10 021.10(6)","Q10 021.10(6) Q0026","How is the critical altitude defined?","Critical altitude is an altitude over which no more increase in turbine speed is possible, so the engine performance will decrease","Critical altitude is an altitude over which the engine cannot operate","Critical altitude is an altitude, on which the engine failure is the most likely to occur","Critical altitude is an altitude on which the engine output power is the lowest","Critical altitude is an altitude over which no more increase in turbine speed is possible, so the engine performance will decrease","Evionica"
"Airframe – Q10 021.10(6)","Q10 021.10(6) Q0027","What is the task of a density controller in the turbocharger?","To limit the maximum manifold pressure below the critical altitude when the throttle is fully opened","To reduce the outlet pressure of the compressor when the lower manifold pressure is required","To limit the maximum manifold pressure above the critical altitude when the throttle is fully opened","To increase the outlet pressure of the compressor when the higher manifold pressure is required","To limit the maximum manifold pressure below the critical altitude when the throttle is fully opened","Evionica"
"Airframe – Q10 021.10(6)","Q10 021.10(6) Q0028","What is the task of the differential pressure controller?","To reduce the outlet pressure of the compressor when the lower manifold pressure is required","To increase the outlet pressure of the compressor when the higher manifold pressure is required","To limit the maximum manifold pressure below the critical altitude when the throttle is fully opened","To limit the maximum manifold pressure above the critical altitude when the throttle is fully opened","To reduce the outlet pressure of the compressor when the lower manifold pressure is required","Evionica"
"Airframe – Q10 021.10(6)","Q10 021.10(6) Q0029","What drives the internally driven superchargers?","The gearing from the engine crankshaft","The gearing from the engine camshaft","Electric motor","Turbine powered by the exhaust gasses","The gearing from the engine crankshaft","Evionica"
"Airframe – Q10 021.10(6)","Q10 021.10(6) Q0030","Where are the superchargers fitted?","After the throttle valve","After the exhaust valve","Before the throttle valve","Before the fuel inlet","After the throttle valve","Evionica"
"Airframe – Q10 021.10(6)","Q10 021.10(6) Q0031","Why a spring drive unit is fitted on the supercharger shaft?","To limit the torque transmitted to the compressor during high rates of acceleration or deceleration","To limit the throttle opening below full throttle height","To limit the maximum manifold pressure below the critical altitude when the throttle is fully opened","None of the answers is correct","To limit the torque transmitted to the compressor during high rates of acceleration or deceleration","Evionica"
"Airframe – Q10 021.10(6)","Q10 021.10(6) Q0032","How is the full throttle height defined?","The full throttle height is the altitude at which the throttle is fully opened, and over this altitude the engine power will decrease","The full throttle height is the altitude over which no more increase in turbine speed is possible, so the engine performance will decrease","The full throttle height is the altitude, on which flying with the full throttle is prohibited","The full throttle height is the altitude on which the engine output power is the lowest","The full throttle height is the altitude at which the throttle is fully opened, and over this altitude the engine power will decrease","Evionica"
"Airframe – Q10 021.10(6)","Q10 021.10(6) Q0033","How is the rated altitude defined?","The rated altitude is the full throttle height at rated rpm and rated manifold pressure","The rated altitude is the critical altitude at rated rpm and rated manifold pressure","The rated altitude is the critical altitude at rated rpm and below rated manifold pressure","The rated altitude is the the full throttle height below rated rpm and at rated manifold pressure","The rated altitude is the full throttle height at rated rpm and rated manifold pressure","Evionica"
"Airframe – Q10 021.10(6)","Q10 021.10(6) Q0034","How is the maximum continuous power defined?","As a maximum power at which continuous operation is permitted","As a power available at the critical altitude","As a take-off power","None of the answers is correct","As a maximum power at which continuous operation is permitted","Evionica"
"Airframe – Q10 021.10(6)","Q10 021.10(6) Q0035","What is the effect of climb at rated rpm and less than rated boost on the full throttle height?","Full throttle height increases","Full throttle height decreases","Full throttle height remains constant","Rpm and boost settings have no influence on the full throttle height","Full throttle height increases","Evionica"
"Airframe – Q10 021.10(6)","Q10 021.10(6) Q0036","What is the effect of climb at rated boost and less than rated rpm on the full throttle height?","Full throttle height decreases","Full throttle height remains constant","Full throttle height increases","Rpm and boost settings have no influence on the full throttle height","Full throttle height decreases","Evionica"
"Airframe – Q10 021.10(6)","Q10 021.10(6) Q0037","Why turbocharger cannot respond immediately to the throttle opening? Select the most complete answer.","All answers are correct","Because of the phenomenon called a turbo-lag","Because of the time needed for the absolute pressure controller to receive the signal of low compressor output and for the wastegate to close","Because of the time needed to speed up the turbine","All answers are correct","Evionica"
"Airframe – Q10 021.10(6)","Q10 021.10(6) Q0038","What is the correct order while decreasing power?","None of the answers is correct","Reduce the rpm before reducing the manifold pressure","Increase the rpm, reduce the manifold pressure and then reduce the rpm","Increase the manifold pressure, reduce the rpm and then reduce the manifold pressure","None of the answers is correct","Evionica"
"Airframe – Q10 021.10(6)","Q10 021.10(6) Q0039","What is the correct order while increasing power?","Increase the rpm before increasing the manifold pressure","Increase the manifold pressure before increasing the rpm","Reduce the manifold pressure, increase the rpm and then increase the manifold pressure","Reduce the rpm, increase the manifold pressure and then increase the rpm","Increase the rpm before increasing the manifold pressure","Evionica"
"Airframe – Q10 021.10(6)","Q10 021.10(6) Q0040","How to obtain proper mixture in the climb when the engine starts running rough at full rich mixture?","Lean the mixture until the engine gets smoother, return the lever to the full rich position and lean the mixture to leave the lever in the position at which the smooth operation occurred","Lean the mixture almost to roughness and slowly enrich the mixture while checking the airspeed, when the maximum speed occurs the mixture is at the best power ratio","Lean the mixture to the leanest mixture on which the engine runs smoothly","Lean the mixture until the engine begins to get rougher and slowly enrich just to get out of roughness","Lean the mixture until the engine gets smoother, return the lever to the full rich position and lean the mixture to leave the lever in the position at which the smooth operation occurred","Evionica"
"Airframe – Q10 021.10(6)","Q10 021.10(6) Q0041","How to obtain maximum cruise performance ?","Lean the mixture almost to roughness and slowly enrich the mixture while checking the airspeed,when the maximum speed occurs the mixture is at the best power ratio","Lean the mixture until the engine begins to get rougher and slowly enrich just to get out of roughness","Lean the mixture until the engine gets smoother, return the lever to the full rich position and lean the mixture to leave the lever in the position at which the smooth operation occurred","Lean the mixture to the leanest mixture on which the engine runs smoothly","Lean the mixture almost to roughness and slowly enrich the mixture while checking the airspeed,when the maximum speed occurs the mixture is at the best power ratio","Evionica"
"Airframe – Q10 021.10(6)","Q10 021.10(6) Q0042","How to obtain maximum economy cruise?","Lean the mixture until the engine begins to get rougher and slowly enrich just to get out of roughness","Lean the mixture until the engine gets smoother, return the lever to the full rich position and lean the mixture to leave the lever in the position at which the smooth operation occurred","Lean the mixture to the leanest mixture on which the engine runs smoothly","Lean the mixture almost to roughness and slowly enrich the mixture while checking the airspeed, when the maximum speed occurs the mixture is at the best power ratio","Lean the mixture until the engine begins to get rougher and slowly enrich just to get out of roughness","Evionica"
"Airframe – Q10 021.10(6)","Q10 021.10(6) Q0043","How to set the proper mixture for descent below 50% power?","Lean the mixture to the leanest mixture on which the engine runs smoothly","Lean the mixture until the engine gets smoother, return the lever to the full rich position and lean the mixture to leave the lever in the position at which the smooth operation occurred","Lean the mixture until the engine begins to get rougher and slowly enrich just to get out of roughness","Lean the mixture almost to roughness and slowly enrich the mixture while checking the airspeed, when the maximum speed occurs the mixture is at the best power ratio","Lean the mixture to the leanest mixture on which the engine runs smoothly","Evionica"
"Airframe – Q10 021.10(6)","Q10 021.10(6) Q0044","What is the effect of extreme cold weather on engine performance? Select the most complete answer.","All answers are correct","Problems with lubrication","Extreme cold weather has a positive influence on engine performance","Fuel do not vaporise easily in extreme cold weather","All answers are correct","Evionica"
"Airframe – 021.011 (1)","021.011 (1) Q0001","How is the momentum defined? p – momentum, m – mass, V – velocity, F – force","p = m*V","Option 2","Option 3","Option 4","p = m*V","Synthesized"
"Airframe – 021.011 (1)","021.011 (1) Q0002","What does Newton’s third law state?","If object A acts upon object B with a force, object B acts on the object A with equal, but opposite force","Option 2","Option 3","Option 4","If object A acts upon object B with a force, object B acts on the object A with equal, but opposite force","Synthesized"
"Airframe – 021.011 (1)","021.011 (1) Q0003","What is the engine thrust if the force from the momentum change is equal to 29 kN and the net pressure is equal to 7 kN?","36 kN","Option 2","Option 3","Option 4","36 kN","Synthesized"
"Airframe – 021.011 (1)","021.011 (1) Q0004","What is the engine thrust if the force from the momentum change is equal to 35 kN and the net pressure is equal to 9 kN?","45 kN","Option 2","Option 3","Option 4","45 kN","Synthesized"
"Airframe – 021.011 (1)","021.011 (1) Q0005","What is the engine thrust given the flight altitude equal to 24,000 ft, aircraft speed equal to 200 m/s, air mass flow rate equal to 64 kg/s, fuel mass flow rate equal to 1 kg/s, exhaust gasses speed equal to 645 m/s, exhaust gasses pressure equal to 55 kPa and engine exhaust diameter equal to 0.7m?","35.2 kN","Option 2","Option 3","Option 4","35.2 kN","Synthesized"
"Airframe – 021.011 (1)","021.011 (1) Q0006","What is the engine thrust given the atmospheric pressure equal to 36.1 kPa, aircraft speed equal to 180 m/s, air mass flow rate equal to 50 kg/s, fuel mass flow rate equal to 0.8 kg/s, exhaust gasses speed equal to 570 m/s, exhaust gasses pressure equal to 53 kPa and engine exhaust diameter equal to 0.65m?","25.5 kN","Option 2","Option 3","Option 4","25.5 kN","Synthesized"
"Airframe – 021.011 (1)","021.011 (1) Q0007","What happens during the compression in the engine?","The air volume gets smaller and its pressure and temperature increase","The air volume gets smaller and its pressure and temperature decrease","Option 2","Option 3","The air volume gets smaller and its pressure and temperature increase","Synthesized"
"Airframe – 021.011 (1)","021.011 (1) Q0008","What happens during after combustion in the turbine?","The exhaust gases expand, their pressure and temperature decrease","The exhaust gases expand, their pressure and temperature increase","The exhaust gases expand, their pressure decreases but temperature increases","Option 2","The exhaust gases expand, their pressure and temperature decrease","Synthesized"
"Airframe – 021.011 (1)","021.011 (1) Q0009","What powers the HP compressor?","The HP turbine","Option 2","Option 3","Option 4","The HP turbine","Synthesized"
"Airframe – 021.011 (1)","021.011 (1) Q0010","What powers the LP compressor?","The LP turbine","Option 2","Option 3","Option 4","The LP turbine","Synthesized"
"Airframe – 021.011 (1)","021.011 (1) Q0011","How do the turbofan engines increase the thrust compared to basic turbojet engines? Select the most complete answer.","Turbofan engines increase the amount of air passing through the engine","Option 2","Option 3","Option 4","Turbofan engines increase the amount of air passing through the engine","Synthesized"
"Airframe – 021.011 (1)","021.011 (1) Q0012","What is the bypass air?","The air passing through the fan but it does not pass through the engine core","Option 2","Option 3","Option 4","The air passing through the fan but it does not pass through the engine core","Synthesized"
"Airframe – 021.011 (1)","021.011 (1) Q0013","What is the bypass ratio?","The ratio between the amount of air in the bypass stream and the amount of air in the engine core","Option 2","Option 3","Option 4","The ratio between the amount of air in the bypass stream and the amount of air in the engine core","Synthesized"
"Airframe – 021.011 (1)","021.011 (1) Q0014","What is the bypass ratio if the total amount of air passing through the engine is 900 kg/s and the amount of air passing through the core is equal to 150 kg/s?","BPR = 5:1","Option 2","Option 3","Option 4","BPR = 5:1","Synthesized"
"Airframe – 021.011 (1)","021.011 (1) Q0015","What is the bypass ratio if the total amount of air passing through the engine is 800 kg/s and the bypass flow is equal to 700 kg/s?","BPR = 7:1","Option 2","Option 3","Option 4","BPR = 7:1","Synthesized"
"Airframe – 021.011 (1)","021.011 (1) Q0016","What is the bypass ratio if the total amount of air passing through the engine is 900 kg/s and the bypass flow is equal to 750 kg/s?","BPR = 5:1","Option 2","Option 3","Option 4","BPR = 5:1","Synthesized"
"Airframe – 021.011 (1)","021.011 (1) Q0017","What is the bypass ratio if the amount of air passing through the core is 100 kg/s and the bypass flow is equal to 800 kg/s?","BPR = 8:1","Option 2","Option 3","Option 4","BPR = 8:1","Synthesized"
"Airframe – 021.011 (1)","021.011 (1) Q0018","Why gearbox is essential in the turboprop engines?","To reduce the rotational speed of the shaft to the propeller","Option 2","Option 3","Option 4","To reduce the rotational speed of the shaft to the propeller","Synthesized"
"Airframe – 021.011 (1)","021.011 (1) Q0019","How is the shaft power defined?","Shaft power is equal to rotational speed times the torque","Option 2","Option 3","Option 4","Shaft power is equal to rotational speed times the torque","Synthesized"
"Airframe – 021.011 (1)","021.011 (1) Q0020","How is the equivalent power defined?","Equivalent power is the sum of shaft power and the thrust power","Option 2","Option 3","Option 4","Equivalent power is the sum of shaft power and the thrust power","Synthesized"
"Airframe – 021.011 (1)","021.011 (1) Q0021","How is the specific fuel consumption (SFC) defined?","Specific fuel consumption describes the amount of fuel used to produce a unit of thrust for a unit of time","Option 2","Option 3","Option 4","Specific fuel consumption describes the amount of fuel used to produce a unit of thrust for a unit of time","Synthesized"
"Airframe – 021.011 (1)","021.011 (1) Q0022","How is the specific fuel consumption (SFC) defined for turboprops and turboshafts? mf – fuel mass, P – power, t – time","SFC=mf/(P*t)","Option 2","Option 3","Option 4","SFC=mf/(P*t)","Synthesized"
"Airframe – 021.011 (1)","021.011 (1) Q0023","How is the engine efficiency defined?","Engine efficiency is the ratio of the real power and the theoretical power under ideal circumstances","Engine efficiency is the ratio of the theoretical power under ideal circumstances and the real power","Engine efficiency is the ratio of real work and the theoretical power under ideal circumstances","Option 2","Engine efficiency is the ratio of the real power and the theoretical power under ideal circumstances","Synthesized"
"Airframe – 021.011 (1)","021.011 (1) Q0024","How is the engine thermal efficiency defined?","Thermal efficiency is the ratio of the mechanical energy produced by the engine and the heat from burned fuel","Option 2","Option 3","Option 4","Thermal efficiency is the ratio of the mechanical energy produced by the engine and the heat from burned fuel","Synthesized"
"Airframe – 021.011 (1)","021.011 (1) Q0025","What are the factors affecting thermal efficiency? Select the most complete answer.","All answers are correct","Option 2","Option 3","Option 4","All answers are correct","Synthesized"
"Airframe – 021.011 (1)","021.011 (1) Q0026","How do the pressure and temperature affect the thermal efficiency?","The higher the temperature and pressure the higher is the thermal efficiency","Option 2","Option 3","Option 4","The higher the temperature and pressure the higher is the thermal efficiency","Synthesized"
"Airframe – 021.011 (1)","021.011 (1) Q0027","How is the propulsive efficiency defined?","The propulsive efficiency is the ratio of the propulsive power and the ratio of the mechanical power produced by the engine","Option 2","Option 3","Option 4","The propulsive efficiency is the ratio of the propulsive power and the ratio of the mechanical power produced by the engine","Synthesized"
"Airframe – 021.011 (1)","021.011 (1) Q0028","How to calculate the work of the engine?","Work is equal to the thrust times the distance travelled","Option 2","Option 3","Option 4","Work is equal to the thrust times the distance travelled","Synthesized"
"Airframe – 021.011 (1)","021.011 (1) Q0029","How is the power defined?","Power is equal to work divided by the time","Option 2","Option 3","Option 4","Power is equal to work divided by the time","Synthesized"
"Airframe – 021.011 (1)","021.011 (1) Q0030","How is the propulsive power defined?","Propulsive power is equal to thrust times the speed","Option 2","Option 3","Option 4","Propulsive power is equal to thrust times the speed","Synthesized"
"Airframe – 021.011 (1)","021.011 (1) Q0031","What is the simplified formula for the propeller efficiency (ηp)? Vex – exhaust velocity, Vin – intake velocity","ηp = 2/(1+Vex/Vin)","Option 2","Option 3","Option 4","ηp = 2/(1+Vex/Vin)","Synthesized"
"Airframe – 021.011 (1)","021.011 (1) Q0032","How is the overall efficiency defined?","Overall efficiency is a product of thermal and propulsive efficiency","Option 2","Option 3","Option 4","Overall efficiency is a product of thermal and propulsive efficiency","Synthesized"
"Airframe – 021.011 (2)","021.011 (2) Q0001","What is the task of the air intake? Select the most complete answer.","All Answer are correct","Option 2","Option 3","Option 4","All Answer are correct","Synthesized"
"Airframe – 021.011 (2)","021.011 (2) Q0002","How do the pressure and speed change at the air intake?","Pressure increases but the speed decreases","Option 2","Option 3","Option 4","Pressure increases but the speed decreases","Synthesized"
"Airframe – 021.011 (2)","021.011 (2) Q0003","How do the pressure and temperature change at the intake?","Pressure and temperature increase","Option 2","Option 3","Option 4","Pressure and temperature increase","Synthesized"
"Airframe – 021.011 (2)","021.011 (2) Q0004","How do the speed and temperature change at the intake?","The speed decreases but the temperature increases","Option 2","Option 3","Option 4","The speed decreases but the temperature increases","Synthesized"
"Airframe – 021.011 (2)","021.011 (2) Q0005","What are the dangers related to the intake? Select the most complete answer.","All answers are correct","Option 2","Option 3","Option 4","All answers are correct","Synthesized"
"Airframe – 021.011 (2)","021.011 (2) Q0006","What is the purpose of the compressor in a turbine engine?","To raise the pressure and temperature of the air","Option 2","Option 3","Option 4","To raise the pressure and temperature of the air","Synthesized"
"Airframe – 021.011 (2)","021.011 (2) Q0007","What is the axial velocity?","Axial velocity is the velocity parallel to the axis","Option 2","Option 3","Option 4","Axial velocity is the velocity parallel to the axis","Synthesized"
"Airframe – 021.011 (2)","021.011 (2) Q0008","Which of the following statements describes the radial velocity?","Radial velocity is directed radially outwards or inwards toward the axis of rotation","Option 2","Option 3","Option 4","Radial velocity is directed radially outwards or inwards toward the axis of rotation","Synthesized"
"Airframe – 021.011 (2)","021.011 (2) Q0009","Which of the following statements describes the tangential velocity?","Tangential velocity is directed along the circumference of a circle centred on the axis","Option 2","Option 3","Option 4","Tangential velocity is directed along the circumference of a circle centred on the axis","Synthesized"
"Airframe – 021.011 (2)","021.011 (2) Q0010","What is an absolute velocity?","The absolute velocity is a vector sum of radial, axial and tangential velocities","Option 2","Option 3","Option 4","The absolute velocity is a vector sum of radial, axial and tangential velocities","Synthesized"
"Airframe – 021.011 (2)","021.011 (2) Q0011","How to calculate the absolute velocity?","The absolute velocity is a square root of the sum of squared directional velocities","Option 2","Option 3","Option 4","The absolute velocity is a square root of the sum of squared directional velocities","Synthesized"
"Airframe – 021.011 (2)","021.011 (2) Q0012","How is the angular velocity defined?","As the ratio of the rotation and time","As the ratio of the square of the velocity and the radius of turn","Option 2","Option 3","As the ratio of the rotation and time","Synthesized"
"Airframe – 021.011 (2)","021.011 (2) Q0013","How is the angular velocity (ω) defined?","ω = rotation/time","Option 2","Option 3","Option 4","ω = rotation/time","Synthesized"
"Airframe – 021.011 (2)","021.011 (2) Q0014","How to calculate the tangential velocity (Vt)? ω – angular velocity, r – radius","Vt = ω*r","Option 2","Option 3","Option 4","Vt = ω*r","Synthesized"
"Airframe – 021.011 (2)","021.011 (2) Q0015","How does the air flow through the axial compressor?","The air flows parallel to the axis of the compressor","Option 2","Option 3","Option 4","The air flows parallel to the axis of the compressor","Synthesized"
"Airframe – 021.011 (2)","021.011 (2) Q0016","How does the air flow through the centrifugal compressor?","The air flows into the compressor axially but exits radially","Option 2","Option 3","Option 4","The air flows into the compressor axially but exits radially","Synthesized"
"Airframe – 021.011 (2)","021.011 (2) Q0017","What is the impeller? Select the most complete answer.","All answers are correct","Option 2","Option 3","Option 4","All answers are correct","Synthesized"
"Airframe – 021.011 (2)","021.011 (2) Q0018","What is the diffuser? Select the most complete answer.","All answers are correct","Option 2","Option 3","Option 4","All answers are correct","Synthesized"
"Airframe – 021.011 (2)","021.011 (2) Q0019","What is the diffuser?","The diffuser is a part which slows down the air that leaves the impeller","Option 2","Option 3","Option 4","The diffuser is a part which slows down the air that leaves the impeller","Synthesized"
"Airframe – 021.011 (2)","021.011 (2) Q0020","How do the velocity and pressure change in the impeller?","The velocity and pressure increase","Option 2","Option 3","Option 4","The velocity and pressure increase","Synthesized"
"Airframe – 021.011 (2)","021.011 (2) Q0021","How do the static and dynamic pressure change in the impeller?","The static and dynamic pressure increase","Option 2","Option 3","Option 4","The static and dynamic pressure increase","Synthesized"
"Airframe – 021.011 (2)","021.011 (2) Q0022","How do the velocity and static pressure change in the diffuser?","The velocity decreases but the static pressure increases","Option 2","Option 3","Option 4","The velocity decreases but the static pressure increases","Synthesized"
"Airframe – 021.011 (2)","021.011 (2) Q0023","How do the velocity and dynamic pressure change in the diffuser?","The velocity and dynamic pressure decrease","Option 2","Option 3","Option 4","The velocity and dynamic pressure decrease","Synthesized"
"Airframe – 021.011 (2)","021.011 (2) Q0024","How do the static and dynamic pressure change in the diffuser?","The dynamic pressure decreases but the static pressure increases","Option 2","Option 3","Option 4","The dynamic pressure decreases but the static pressure increases","Synthesized"
"Airframe – 021.011 (2)","021.011 (2) Q0025","How many parts are in the single stage of an axial compressor?","Two – stator and rotor","Option 2","Option 3","Option 4","Two – stator and rotor","Synthesized"
"Airframe – 021.011 (2)","021.011 (2) Q0026","How do the velocity and dynamic pressure change on the compressor rotor?","The velocity and dynamic pressure increase","Option 2","Option 3","Option 4","The velocity and dynamic pressure increase","Synthesized"
"Airframe – 021.011 (2)","021.011 (2) Q0027","How do the velocity and static pressure change on the compressor rotor?","The velocity and static pressure increase","Option 2","Option 3","Option 4","The velocity and static pressure increase","Synthesized"
"Airframe – 021.011 (2)","021.011 (2) Q0028","How do the dynamic pressure and static pressure change on the compressor rotor?","The dynamic pressure and static pressure increase","Option 2","Option 3","Option 4","The dynamic pressure and static pressure increase","Synthesized"
"Airframe – 021.011 (2)","021.011 (2) Q0029","How do the velocity and dynamic pressure change on the compressor stator?","The velocity and dynamic pressure decrease","Option 2","Option 3","Option 4","The velocity and dynamic pressure decrease","Synthesized"
"Airframe – 021.011 (2)","021.011 (2) Q0030","How do the velocity and static pressure change on the compressor stator?","The velocity decreases but the static pressure increases","Option 2","Option 3","Option 4","The velocity decreases but the static pressure increases","Synthesized"
"Airframe – 021.011 (2)","021.011 (2) Q0031","How do the static and dynamic pressure change on the compressor stator?","The dynamic pressure decreases but the static pressures increases","The dynamic pressure and static pressure increase","Option 2","Option 3","The dynamic pressure decreases but the static pressures increases","Synthesized"
"Airframe – 021.011 (2)","021.011 (2) Q0032","How can a smaller cross-section of the axial compressor be achieved? Select the most complete answer.","All answers are correct","Option 2","Option 3","Option 4","All answers are correct","Synthesized"
"Airframe – 021.011 (2)","021.011 (2) Q0033","Why are the inlet guide vanes used in front of the first rotor? Select the most complete answer.","All answers are correct","Option 2","Option 3","Option 4","All answers are correct","Synthesized"
"Airframe – 021.011 (2)","021.011 (2) Q0034","Why is there a clearance between the tips of rotor blades and the compressor housing? Select the most complete answer.","Because if there was no clearance, the blades would touch the compressor housing the blade or the housing will be destroyed due to the friction","Option 2","Option 3","Option 4","Because if there was no clearance, the blades would touch the compressor housing the blade or the housing will be destroyed due to the friction","Synthesized"
"Airframe – 021.011 (2)","021.011 (2) Q0035","How can the clearance between the compressor rotor blades and the housing be decreased? Select the most complete answer.","By making the blades expand due to the centrifugal force","Option 2","Option 3","Option 4","By making the blades expand due to the centrifugal force","Synthesized"
"Airframe – 021.011 (2)","021.011 (2) Q0036","How to decrease the clearance between the compressor rotor blades and the housing?","By making the blades expand due to the centrifugal force","Option 2","Option 3","Option 4","By making the blades expand due to the centrifugal force","Synthesized"
"Airframe – 021.011 (2)","021.011 (2) Q0037","How to prevent the tip losses? Select the most complete answer.","All answers are correct","Option 2","Option 3","Option 4","All answers are correct","Synthesized"
"Airframe – 021.011 (2)","021.011 (2) Q0038","What happens when the engine vibration frequency matches the resonant frequency of the rotor blades?","The blades may bend, twist or flap around","Option 2","Option 3","Option 4","The blades may bend, twist or flap around","Synthesized"
"Airframe – 021.011 (2)","021.011 (2) Q0039","How to minimise the blade bending? Select the most complete answer.","All answers are correct","Option 2","Option 3","Option 4","All answers are correct","Synthesized"
"Airframe – 021.011 (2)","021.011 (2) Q0040","What happens when the rotor blades stall? Select the most complete answer.","All answers are correct","Option 2","Option 3","Option 4","All answers are correct","Synthesized"
"Airframe – 021.011 (2)","021.011 (2) Q0041","What happens when the whole compressor stalls? Select the most complete answer.","All answers are correct","Option 2","Option 3","Option 4","All answers are correct","Synthesized"
"Airframe – 021.011 (2)","021.011 (2) Q0042","What is the cause of too big angle of attack on the rotor blades?","Too low axial velocity or too high rotational speed","Option 2","Option 3","Option 4","Too low axial velocity or too high rotational speed","Synthesized"
"Airframe – 021.011 (2)","021.011 (2) Q0043","What might be the causes of compressor stall? Select the most complete answer.","All answers are correct","Option 2","Option 3","Option 4","All answers are correct","Synthesized"
"Airframe – 021.011 (2)","021.011 (2) Q0044","How to reduce the risk of the engine surge? Select the most complete answer.","All answers are correct","Option 2","Option 3","Option 4","All answers are correct","Synthesized"
"Airframe – 021.011 (2)","021.011 (2) Q0045","What is the task of the variable inlet guide vanes? Select the most complete answer.","To direct the incoming air towards the first compressor stage at a selected angle","Option 2","Option 3","Option 4","To direct the incoming air towards the first compressor stage at a selected angle","Synthesized"
"Airframe – 021.011 (2)","021.011 (2) Q0046","What is the task of the variable stator vanes?","To direct the incoming air between the compressor rotors","Option 2","Option 3","Option 4","To direct the incoming air between the compressor rotors","Synthesized"
"Airframe – 021.011 (2)","021.011 (2) Q0047","What are the advantages of using the bleed valve? Select the most complete answer.","All answers are correct","Option 2","Option 3","Option 4","All answers are correct","Synthesized"
"Airframe – 021.011 (2)","021.011 (2) Q0048","What are the factors included in the compressor map? I – pressure ratio, II – airflow, III – engine speed, IV – angle of attack, V – thrust","I, II and III","Option 2","Option 3","Option 4","I, II and III","Synthesized"
"Airframe – 021.011 (2)","021.011 (2) Q0049","When the engine is accelerating?","When it is operating above the steady-state line","Option 2","Option 3","Option 4","When it is operating above the steady-state line","Synthesized"
"Airframe – 021.011 (2)","021.011 (2) Q0050","How do the velocity and static pressure change in the diffuser?","The velocity decreases but the static pressure increases","Option 2","Option 3","Option 4","The velocity decreases but the static pressure increases","Synthesized"
"Airframe – 021.011 (2)","021.011 (2) Q0051","How do the static and dynamic pressure change in the diffuser?","The dynamic pressure decreases but the static pressure increases","Option 2","Option 3","Option 4","The dynamic pressure decreases but the static pressure increases","Synthesized"
"Airframe – 021.011 (2)","021.011 (2) Q0052","Which things must be present in the combustion chamber for the combustion to occur? I – fuel, II – oxidiser, III -heat, IV – cooling air","I, II and III","Option 2","Option 3","Option 4","I, II and III","Synthesized"
"Airframe – 021.011 (2)","021.011 (2) Q0053","What is the burning rate of the fuel?","The burning rate of the fuel is the speed at which flame would travel through a stationary mixture of air and fuel","Option 2","Option 3","Option 4","The burning rate of the fuel is the speed at which flame would travel through a stationary mixture of air and fuel","Synthesized"
"Airframe – 021.011 (2)","021.011 (2) Q0054","How to obtain a steady flame in the combustion chamber of the turbine engine?","By making the speed of air supplying the combustion process with fresh oxygen equal to the flame rate","Option 2","Option 3","Option 4","By making the speed of air supplying the combustion process with fresh oxygen equal to the flame rate","Synthesized"
"Airframe – 021.011 (2)","021.011 (2) Q0055","What happens with primary airflow in a snout and swirl vanes?","Slowdown, raise","The air speeds up, decreases its pressure and starts to swirl around","Option 2","Option 3","Slowdown, raise","Synthesized"
"Airframe – 021.011 (2)","021.011 (2) Q0056","What is the name of the zone in which the combustion occurs?","A primary zone","Option 2","Option 3","Option 4","A primary zone","Synthesized"
"Airframe – 021.011 (2)","021.011 (2) Q0057","What is the task of the secondary airflow entering the combustion chamber? Select the most complete answer.","All answers are correct","Option 2","Option 3","Option 4","All answers are correct","Synthesized"
"Airframe – 021.011 (2)","021.011 (2) Q0058","What is the task of the drain valves in the combustion chamber? Select the most complete answer.","To remove fuel after a failed ignition","Option 2","Option 3","Option 4","To remove fuel after a failed ignition","Synthesized"
"Airframe – 021.011 (2)","021.011 (2) Q0059","What types of combustion chambers are used in the turbine engines? I – can, II – can-annular, III – annular, IV – piston, V – bottle","I, II and III","Option 2","Option 3","Option 4","I, II and III","Synthesized"
"Airframe – 021.011 (2)","021.011 (2) Q0060","How do the pressure change in the combustion chamber?","Pressure rises in the snout and falls slightly in the flame tube","Option 2","Option 3","Option 4","Pressure rises in the snout and falls slightly in the flame tube","Synthesized"
"Airframe – 021.011 (2)","021.011 (2) Q0061","How does the temperature change in the combustion chamber?","The temperature rises when the fuel is burnt and falls when combustion products mix with secondary airflow","Option 2","Option 3","Option 4","The temperature rises when the fuel is burnt and falls when combustion products mix with secondary airflow","Synthesized"
"Airframe – 021.011 (2)","021.011 (2) Q0062","What is a free power turbine?","A turbine which moves the power outside the engine","Option 2","Option 3","Option 4","A turbine which moves the power outside the engine","Synthesized"
"Airframe – 021.011 (2)","021.011 (2) Q0063","What is the difference between the impulse and reaction turbine?","In an impulse turbine, the stator vanes convert the gas pressure into kinetic energy and rotor vanes extract that kinetic energy without changing the gas pressure further, while in a reaction turbine, the stator changes only the direction of the air without changing its pressure or velocity and the gas both decompresses and speeds up on the rotor","In a reaction turbine, the rotor converts the gas pressure into kinetic energy and stator vanes extract that kinetic energy without changing the gas pressure further. In an impulse turbine, the stator changes only the direction of the air without changing its pressure or velocity and the gas both decompresses and speeds up on the rotor","Option 2","Option 3","In an impulse turbine, the stator vanes convert the gas pressure into kinetic energy and rotor vanes extract that kinetic energy without changing the gas pressure further, while in a reaction turbine, the stator changes only the direction of the air without changing its pressure or velocity and the gas both decompresses and speeds up on the rotor","Synthesized"
"Airframe – 021.011 (2)","021.011 (2) Q0064","What describes the real turbine? Select the most complete answer.","The real turbine is a partially impulse and partially reaction turbine","Option 2","Option 3","Option 4","The real turbine is a partially impulse and partially reaction turbine","Synthesized"
"Airframe – 021.011 (2)","021.011 (2) Q0065","What is the limiting factor in turbine engine design?","The temperature that the turbine blade can withstand","Option 2","Option 3","Option 4","The temperature that the turbine blade can withstand","Synthesized"
"Airframe – 021.011 (2)","021.011 (2) Q0066","What is true about the exhaust cone? Select the most complete answer.","All answers are correct","Option 2","Option 3","Option 4","All answers are correct","Synthesized"
"Airframe – 021.011 (2)","021.011 (2) Q0067","What form does the exhaust cone have?","A divergent canal","Option 2","Option 3","Option 4","A divergent canal","Synthesized"
"Airframe – 021.011 (2)","021.011 (2) Q0068","What happens with the velocity and pressure in the exhaust cone?","The velocity decreases but the pressure increases","Option 2","Option 3","Option 4","The velocity decreases but the pressure increases","Synthesized"
"Airframe – 021.011 (2)","021.011 (2) Q0069","To which speed is the gas accelerated in the convergent nozzle?","To the local speed of sound of the exhaust gases","Option 2","Option 3","Option 4","To the local speed of sound of the exhaust gases","Synthesized"
"Airframe – 021.011 (2)","021.011 (2) Q0070","What happens with the velocity and pressure in the convergent nozzle?","The velocity increases but the pressure decreases","Option 2","Option 3","Option 4","The velocity increases but the pressure decreases","Synthesized"
"Airframe – 021.011 (2)","021.011 (2) Q0071","What happens in the convergent-divergent nozzle?","The gas is accelerated above the local speed of sound","The gas is accelerated exactly to the local speed of sound","Option 2","Option 3","The gas is accelerated above the local speed of sound","Synthesized"
"Airframe – 021.011 (2)","021.011 (2) Q0072","What happens with the static pressure in the convergent-divergent nozzle?","The static pressure decreases in convergent and divergent nozzles","Option 2","Option 3","Option 4","The static pressure decreases in convergent and divergent nozzles","Synthesized"
"Airframe – 021.011 (2)","021.011 (2) Q0073","What are the methods of engine noise reduction? Select the most complete answer.","All answers are correct","Option 2","Option 3","Option 4","All answers are correct","Synthesized"
"Airframe – 021.011 (3)","021.011 (3) Q0001","What are the components of the turbine engine fuel system? Select the most complete answer.","All answers are correct","Option 2","Option 3","Option 4","All answers are correct","Synthesized"
"Airframe – 021.011 (3)","021.011 (3) Q0002","What is the task of the fuel filters?","To filter out impurities and contaminants out of fuel","Option 2","Option 3","Option 4","To filter out impurities and contaminants out of fuel","Synthesized"
"Airframe – 021.011 (3)","021.011 (3) Q0003","Where are the fuel filters located? Select the most complete answer.","On the low-pressure side of the fuel system","Option 2","Option 3","Option 4","On the low-pressure side of the fuel system","Synthesized"
"Airframe – 021.011 (3)","021.011 (3) Q0004","Which type of pumps are usually used in low-pressure side of turbine engine fuel system?","Gear pumps","Option 2","Option 3","Option 4","Gear pumps","Synthesized"
"Airframe – 021.011 (3)","021.011 (3) Q0005","Which of the following statements describes the swash plate pump? Select the most complete answer.","All answers are correct","Option 2","Option 3","Option 4","All answers are correct","Synthesized"
"Airframe – 021.011 (3)","021.011 (3) Q0006","What is the task of the low-pressure pumps?","To deliver fuel from the tanks to the fuel system","Option 2","Option 3","Option 4","To deliver fuel from the tanks to the fuel system","Synthesized"
"Airframe – 021.011 (3)","021.011 (3) Q0007","What is the task of the high-pressure pumps?","To raise the fuel pressure so it can be injected into the combustion chamber","Option 2","Option 3","Option 4","To raise the fuel pressure so it can be injected into the combustion chamber","Synthesized"
"Airframe – 021.011 (3)","021.011 (3) Q0008","What is the task of the high-pressure fuel cock?","To shut off fuel flow to the engine","Option 2","Option 3","Option 4","To shut off fuel flow to the engine","Synthesized"
"Airframe – 021.011 (3)","021.011 (3) Q0009","Where is the high-pressure fuel cock located?","Between the high-pressure pump and the fuel nozzles in the combustion chamber","Option 2","Option 3","Option 4","Between the high-pressure pump and the fuel nozzles in the combustion chamber","Synthesized"
"Airframe – 021.011 (3)","021.011 (3) Q0010","What is the task of the fuel manifold?","To distribute the fuel to the combustion chambers","Option 2","Option 3","Option 4","To distribute the fuel to the combustion chambers","Synthesized"
"Airframe – 021.011 (3)","021.011 (3) Q0011","What is the task of the fuel nozzles?","To inject fuel into the combustion chamber","Option 2","Option 3","Option 4","To inject fuel into the combustion chamber","Synthesized"
"Airframe – 021.011 (3)","021.011 (3) Q0012","What are the forms in which the fuel should be injected into the combustion chamber? Select the most complete answer.","All answers are correct","A fuel vapour","Option 2","Option 3","All answers are correct","Synthesized"
"Airframe – 021.011 (3)","021.011 (3) Q0013","What would happen if the fuel was injected in form of big droplets or a continuous stream? Select the most complete answer.","All answers are correct","The fuel would burn more slowly","The fuel would release less energy in a given time","The engine efficiency would decrease","All answers are correct","Evionica"
"Airframe – 021.011 (3)","021.011 (3) Q0014","How does the fuel control unit (FCU) control the engine parameters and limit the engine power?","By controlling the high-pressure pump throughput","Option 2","Option 3","Option 4","By controlling the high-pressure pump throughput","Synthesized"
"Airframe – 021.011 (3)","021.011 (3) Q0015","What are the tasks of the engine control system? Select the most complete answer.","All answers are correct","Option 2","Option 3","Option 4","All answers are correct","Synthesized"
"Airframe – 021.011 (3)","021.011 (3) Q0016","What does the engine control system control? Select the most complete answer.","All answers are correct","Option 2","Option 3","Option 4","All answers are correct","Synthesized"
"Airframe – 021.011 (3)","021.011 (3) Q0017","How does the hydromechanical engine control control all engine systems?","With mechanical and hydraulic devices","Option 2","Option 3","Option 4","With mechanical and hydraulic devices","Synthesized"
"Airframe – 021.011 (3)","021.011 (3) Q0018","What are the advantages of using a hydromechanical control with a limited supervisor? Select the most complete answer.","All answers are correct","Option 2","Option 3","Option 4","All answers are correct","Synthesized"
"Airframe – 021.011 (3)","021.011 (3) Q0019","What does the FADEC stand for?","Full Authority Digital Engine Control","Option 2","Option 3","Option 4","Full Authority Digital Engine Control","Synthesized"
"Airframe – 021.011 (3)","021.011 (3) Q0020","What are the FADEC elements? Select the most complete answer.","All answers are correct","Option 2","Option 3","Option 4","All answers are correct","Synthesized"
"Airframe – 021.011 (3)","021.011 (3) Q0021","What does the FADEC control? Select the most complete answer.","All answers are correct","Option 2","Option 3","Option 4","All answers are correct","Synthesized"
"Airframe – 021.011 (3)","021.011 (3) Q0022","How is the FADEC powered?","By a separate generator connected to the engine gearbox","Option 2","Option 3","Option 4","By a separate generator connected to the engine gearbox","Synthesized"
"Airframe – 021.011 (3)","021.011 (3) Q0023","What happens when the on-board electrics fail?","FADEC still can control the engine","Option 2","Option 3","Option 4","FADEC still can control the engine","Synthesized"
"Airframe – 021.011 (3)","021.011 (3) Q0024","What are the tasks of the lubrication system? Select the most complete answer.","All answers are correct","Option 2","Option 3","Option 4","All answers are correct","Synthesized"
"Airframe – 021.011 (3)","021.011 (3) Q0025","What is the task of the engine tank?","To hold the oil when it is not used by the engine","Option 2","Option 3","Option 4","To hold the oil when it is not used by the engine","Synthesized"
"Airframe – 021.011 (3)","021.011 (3) Q0026","What is the task of the pressure pump in the lubrication system?","To move the oil from the tank into the system and raise the oil pressure","Option 2","Option 3","Option 4","To move the oil from the tank into the system and raise the oil pressure","Synthesized"
"Airframe – 021.011 (3)","021.011 (3) Q0027","What is the task of the scavenge pump in the lubrication system?","To move the oil that exits the engine, force it through a filter and back into the oil tank","Option 2","Option 3","Option 4","To move the oil that exits the engine, force it through a filter and back into the oil tank","Synthesized"
"Airframe – 021.011 (3)","021.011 (3) Q0028","What type of pumps are used in the lubrication system?","Gear pumps","Option 2","Option 3","Option 4","Gear pumps","Synthesized"
"Airframe – 021.011 (3)","021.011 (3) Q0029","Where is the oil suction filter located?","oil tank and the pressure","Between the scavenge pump and the oil tank","Option 2","Option 3","oil tank and the pressure","Synthesized"
"Airframe – 021.011 (3)","021.011 (3) Q0030","Where is the oil scavenge filter located?","Between the scavenge pump and the oil tank","Option 2","Option 3","Option 4","Between the scavenge pump and the oil tank","Synthesized"
"Airframe – 021.011 (3)","021.011 (3) Q0031","Where is the oil pressure filter located?","At the pressure pump outlet","Between the oil tank and the pressure pump","Option 2","Option 3","At the pressure pump outlet","Synthesized"
"Airframe – 021.011 (3)","021.011 (3) Q0032","Where are the last chance oil filters located?","In the engine","Option 2","Option 3","Option 4","In the engine","Synthesized"
"Airframe – 021.011 (3)","021.011 (3) Q0033","ow is the oil supply provided when the oil filter clogs up with dirt?","By the bypass valves","Option 2","Option 3","Option 4","By the bypass valves","Synthesized"
"Airframe – 021.011 (3)","021.011 (3) Q0034","What is the task of the oil sump?","To gather the oil that exits the engine","To gather the contaminated oil","Option 2","Option 3","To gather the oil that exits the engine","Synthesized"
"Airframe – 021.011 (3)","021.011 (3) Q0035","Where are the chip detectors fitted in the lubrication system?","At scavenge oil lines","Option 2","Option 3","Option 4","At scavenge oil lines","Synthesized"
"Airframe – 021.011 (3)","021.011 (3) Q0036","What is the task of the centrifugal breather in the lubrication system?","To remove air from the oil","Option 2","Option 3","Option 4","To remove air from the oil","Synthesized"
"Airframe – 021.011 (3)","021.011 (3) Q0037","What would happen if the fuel would mix with oil in the oil cooler and the oil would get into the fuel system? Select the most complete answer.","All answers are correct","Option 2","Option 3","Option 4","All answers are correct","Synthesized"
"Airframe – 021.011 (3)","021.011 (3) Q0038","What would happen if the fuel would mix with oil in the oil cooler and the fuel would get into the lubrication system?","A fire could occur if the fuel enter hot parts of the engine","Option 2","Option 3","Option 4","A fire could occur if the fuel enter hot parts of the engine","Synthesized"
"Airframe – 021.011 (3)","021.011 (3) Q0039","021.11 Part 3 Q0040 : What are the tasks of the spool support? Select the most complete answer.","All answers are correct","Option 2","Option 3","Option 4","All answers are correct","Synthesized"
"Airframe – 021.011 (3)","021.011 (3) Q0040","Which of the following statements describes the ball bearings?","Ball bearings allow rotation and block the lateral and axial movement","Option 2","Option 3","Option 4","Ball bearings allow rotation and block the lateral and axial movement","Synthesized"
"Airframe – 021.011 (3)","021.011 (3) Q0041","Which of the following statements describes the cylindrical bearings?","Cylindrical bearings allow rotation and block only the lateral movement","Option 2","Option 3","Option 4","Cylindrical bearings allow rotation and block only the lateral movement","Synthesized"
"Airframe – 021.011 (3)","021.011 (3) Q0042","How many bearings are required to support a spool?","At least one ball bearing and at least two cylindrical bearings","Option 2","Option 3","Option 4","At least one ball bearing and at least two cylindrical bearings","Synthesized"
"Airframe – 021.011 (3)","021.011 (3) Q0043","How to prevent the oil leaking between the rotating and non-rotating parts? Select the most complete answer.","All answers are correct","Option 2","Option 3","Option 4","All answers are correct","Synthesized"
"Airframe – 021.011 (3)","021.011 (3) Q0044","What is the task of the auxiliary gearbox?","To power all systems that ensure safe engine operation","Option 2","Option 3","Option 4","To power all systems that ensure safe engine operation","Synthesized"
"Airframe – 021.011 (3)","021.011 (3) Q0045","Where is the auxiliary gearbox located?","In the engine casing","Option 2","Option 3","Option 4","In the engine casing","Synthesized"
"Airframe – 021.011 (3)","021.011 (3) Q0046","What powers the auxiliary gearbox?","The high-pressure spool","Option 2","Option 3","Option 4","The high-pressure spool","Synthesized"
"Airframe – 021.011 (3)","021.011 (3) Q0047","What is the task of the ignition system? Select the most complete answer.","All answers are correct","Option 2","Option 3","Option 4","All answers are correct","Synthesized"
"Airframe – 021.011 (3)","021.011 (3) Q0048","What is the task of the starter system?","To spin the engine during start-up","Option 2","Option 3","Option 4","To spin the engine during start-up","Synthesized"
"Airframe – 021.011 (3)","021.011 (3) Q0049","What is the task of the starter system?","To turn the engine to blow out excess fuel after a failed ignition","To ignite the fuel during start-up","Option 2","Option 3","To turn the engine to blow out excess fuel after a failed ignition","Synthesized"
"Airframe – 021.011 (3)","021.011 (3) Q0050","Which device can be used to spin up the engine? Select the most complete answer.","All answers are correct","Option 2","Option 3","Option 4","All answers are correct","Synthesized"
"Airframe – 021.011 (3)","021.011 (3) Q0051","What could be the source of pressurised air for the air starter motor? Select the most complete answer.","All answers are correct","Option 2","Option 3","Option 4","All answers are correct","Synthesized"
"Airframe – 021.011 (3)","021.011 (3) Q0052","When the engine is at self-sustaining rpm?","When power produced exceeds the power needed","When the power needed is equal to the power produced","Option 2","Option 3","When power produced exceeds the power needed","Synthesized"
"Airframe – 021.011 (3)","021.011 (3) Q0053","Which is greater idle rpm or self-sustaining rpm?","Idle rpm is greater","Option 2","Option 3","Option 4","Idle rpm is greater","Synthesized"
"Airframe – 021.011 (3)","021.011 (3) Q0054","What is the relationship between the power produced by the turbine and the power needed by the compressor at idle rpm?","equal","Option 2","Option 3","Option 4","equal","Synthesized"
"Airframe – 021.011 (3)","021.011 (3) Q0055","Until when is the starter motor operating?","Until the engine accelerates up to the self-sustaining rpm","Option 2","Option 3","Option 4","Until the engine accelerates up to the self-sustaining rpm","Synthesized"
"Airframe – 021.011 (3)","021.011 (3) Q0056","What happens when the fuel does not ignite within the time specified in the manual?","The starting is aborted","Option 2","Option 3","Option 4","The starting is aborted","Synthesized"
"Airframe – 021.011 (3)","021.011 (3) Q0057","How does motoring remove the excess fuel from the engine?","By powering the starter motor, causing the fuel to evaporate and be expelled","All answers are correct","Option 2","Option 3","By powering the starter motor, causing the fuel to evaporate and be expelled","Synthesized"
"Airframe – 021.011 (3)","021.011 (3) Q0058","What is a hot start?","A start when the temperature rises quickly after the engine reaches self-sustaining speed","Option 2","Option 3","Option 4","A start when the temperature rises quickly after the engine reaches self-sustaining speed","Synthesized"
"Airframe – 021.011 (3)","021.011 (3) Q0059","What might be the cause of a hot start? Select the most complete answer.","All answers are correct","Option 2","Option 3","Option 4","All answers are correct","Synthesized"
"Airframe – 021.011 (3)","021.011 (3) Q0060","What is a wet start?","A failed start when the fuel does not ignite","A start where some fuel is left in the combustion chamber after a failed start","Option 2","Option 3","A failed start when the fuel does not ignite","Synthesized"
"Airframe – 021.011 (3)","021.011 (3) Q0061","What is a hung start?","A start when the compressor is damaged or obstructed and insufficient airflow is provided to the combustion chamber","Option 2","Option 3","Option 4","A start when the compressor is damaged or obstructed and insufficient airflow is provided to the combustion chamber","Synthesized"
"Airframe – 021.011 (3)","021.011 (3) Q0062","What is the task of the reverse thrust? Select the most complete answer.","To reduce the stopping distance of the aircraft on landing","All answers are correct","Option 2","Option 3","To reduce the stopping distance of the aircraft on landing","Synthesized"
"Airframe – 021.011 (3)","021.011 (3) Q0063","What is reversed in the thrust reverser? Select the most complete answer.","All answers are correct","Option 2","Option 3","Option 4","All answers are correct","Synthesized"
"Airframe – 021.011 (3)","021.011 (3) Q0064","What is the risk of using the reverse thrust at low speed? Select the most complete answer.","All answers are correct","Option 2","Option 3","Option 4","All answers are correct","Synthesized"
"Airframe – 021.011 (3)","021.011 (3) Q0065","Which of the following statements describes the propeller beta range? Select the most complete answer.","All answers are correct","Option 2","Option 3","Option 4","All answers are correct","Synthesized"
"Airframe – 021.011 (3)","021.011 (3) Q0066","Why are the Auxiliary Power Units fitted into the aircraft?","To make them independent od the support equipment of the airfield","To provide the electric power during the flight","Option 2","Option 3","To make them independent od the support equipment of the airfield","Synthesized"
"Airframe – 021.011 (3)","021.011 (3) Q0067","Which systems are powered by the Auxiliary Power Unit? Select the most complete answer.","All answers are correct","Option 2","Option 3","Option 4","All answers are correct","Synthesized"
"Airframe – 021.011 (3)","021.011 (3) Q0068","Where is the Auxiliary Power Unit usually located?","In the tail cone of the aircraft","Option 2","Option 3","Option 4","In the tail cone of the aircraft","Synthesized"
"Airframe – 021.011 (3)","021.011 (3) Q0069","What may cause the automatic APU shutdown? Select the most complete answer.","All answers are correct","Option 2","Option 3","Option 4","All answers are correct","Synthesized"
"Airframe – 021.011 (4)","021.011 (4) Q0001","How is the take-off thrust defined? Select the most complete answer.","Take-off thrust is the maximum available thrust","Take-off thrust is the maximum available thrust which does not result in engine damage in long operation","Option 2","Option 3","Take-off thrust is the maximum available thrust","Synthesized"
"Airframe – 021.011 (4)","021.011 (4) Q0002","What is the thrust rating?","A standard value of thrust used in everyday operations","Option 2","Option 3","Option 4","A standard value of thrust used in everyday operations","Synthesized"
"Airframe – 021.011 (4)","021.011 (4) Q0003","Which of the following is the greatest?","Take-off thrust","Option 2","Option 3","Option 4","Take-off thrust","Synthesized"
"Airframe – 021.011 (4)","021.011 (4) Q0004","Which of the following is the greatest?","Go-around thrust","Option 2","Option 3","Option 4","Go-around thrust","Synthesized"
"Airframe – 021.011 (4)","021.011 (4) Q0005","What is the spool-up time?","The time needed to change the engine rotational speed","Option 2","Option 3","Option 4","The time needed to change the engine rotational speed","Synthesized"
"Airframe – 021.011 (4)","021.011 (4) Q0006","What is the relationship between the idle rpm at the standstill and in flight?","The idle rpm is higher in flight","Option 2","Option 3","Option 4","The idle rpm is higher in flight","Synthesized"
"Airframe – 021.011 (4)","021.011 (4) Q0007","Which parameter enables to monitor the turbine stress?","Exhaust gas temperature","Option 2","Option 3","Option 4","Exhaust gas temperature","Synthesized"
"Airframe – 021.011 (4)","021.011 (4) Q0008","What happens when more fuel is injected to the combustion chamber to accelerate the engine? (EGT – exhaust gas temperature)","At first EGT rises and after the engine reaches the new speed EGT falls","At first EGT rises and after the engine reaches the new speed EGT remains constant","Option 2","Option 3","At first EGT rises and after the engine reaches the new speed EGT falls","Synthesized"
"Airframe – 021.011 (4)","021.011 (4) Q0009","What happens when less fuel is injected to the combustion chamber to decelerate the engine? (EGT – exhaust gas temperature)","At first EGT falls and after the engine reaches the new speed EGT rises","At first EGT falls and after the engine reaches the new speed EGT remains constant","Option 2","Option 3","At first EGT falls and after the engine reaches the new speed EGT rises","Synthesized"
"Airframe – 021.011 (4)","021.011 (4) Q0010","What might happen if the exhaust gas temperature (EGT) limits are exceeded? Select the most complete answer.","All answers are correct","Option 2","Option 3","Option 4","All answers are correct","Synthesized"
"Airframe – 021.011 (4)","021.011 (4) Q0011","What should the pilot do if the EGT limit was exceeded for 5 seconds?","Report the EGT exceedance","Option 2","Option 3","Option 4","Report the EGT exceedance","Synthesized"
"Airframe – 021.011 (4)","021.011 (4) Q0012","What is the engine seizure?","An event when the rotors stop spinning in flight","Option 2","Option 3","Option 4","An event when the rotors stop spinning in flight","Synthesized"
"Airframe – 021.011 (4)","021.011 (4) Q0013","What is the engine trending?","Continuous collection and analysis of engine data to detect damage and schedule maintenance","Option 2","Option 3","Option 4","Continuous collection and analysis of engine data to detect damage and schedule maintenance","Synthesized"
"Airframe – 021.011 (4)","021.011 (4) Q0014","Why are the engine vibrations monitored?","To predict the physical deterioration of engine parts","Option 2","Option 3","Option 4","To predict the physical deterioration of engine parts","Synthesized"
"Airframe – 021.011 (4)","021.011 (4) Q0015","What is a wet start?","A failed start when the fuel does not ignite","A start where some fuel is left in the combustion chamber after a failed start","Option 2","Option 3","A failed start when the fuel does not ignite","Synthesized"
"Airframe – 021.011 (4)","021.011 (4) Q0016","What is the blow-out cycle?","The blow-out cycle is the procedure of blowing out the fuel after the failed ignition","Option 2","Option 3","Option 4","The blow-out cycle is the procedure of blowing out the fuel after the failed ignition","Synthesized"
"Airframe – 021.011 (4)","021.011 (4) Q0017","What is a hot start?","A start when the temperature rises quickly after the engine reaches self-sustaining speed","Option 2","Option 3","Option 4","A start when the temperature rises quickly after the engine reaches self-sustaining speed","Synthesized"
"Airframe – 021.011 (4)","021.011 (4) Q0018","What should the pilot do when the hot start occurs?","Shut off fuel and ignition immediately","Option 2","Option 3","Option 4","Shut off fuel and ignition immediately","Synthesized"
"Airframe – 021.011 (4)","021.011 (4) Q0019","What might be the cause of a hot start? Select the most complete answer.","All answers are correct","Option 2","Option 3","Option 4","All answers are correct","Synthesized"
"Airframe – 021.011 (4)","021.011 (4) Q0020","What might be the cause of a hot start? Select the most complete answer.","Throttles above idle at start-up","All answers are correct","Option 2","Option 3","Throttles above idle at start-up","Synthesized"
"Airframe – 021.011 (4)","021.011 (4) Q0021","When might the tailpipe fire occur?","When the engine is not blown out after a wet start","Option 2","Option 3","Option 4","When the engine is not blown out after a wet start","Synthesized"
"Airframe – 021.011 (4)","021.011 (4) Q0022","What is a hung start?","A start when the compressor is damaged or obstructed and insufficient airflow is provided to the combustion chamber","Option 2","Option 3","Option 4","A start when the compressor is damaged or obstructed and insufficient airflow is provided to the combustion chamber","Synthesized"
"Airframe – 021.011 (4)","021.011 (4) Q0023","How to detect if the engine is operating if FADEC display fails?","If no performance decrease or yawing moment occurs engine is operating","Option 2","Option 3","Option 4","If no performance decrease or yawing moment occurs engine is operating","Synthesized"
"Airframe – 021.011 (4)","021.011 (4) Q0024","How to obtain a steady flame in the combustion chamber of the turbine engine?","By making the speed of air supplying the combustion process with fresh oxygen equal to the flame rate","Option 2","Option 3","Option 4","By making the speed of air supplying the combustion process with fresh oxygen equal to the flame rate","Synthesized"
"Airframe – 021.011 (4)","021.011 (4) Q0025","Which things must be present in the combustion chamber for the combustion to occur? I – fuel, II – oxidizer, III – heat, IV – cooling air","I, II and III","Option 2","Option 3","Option 4","I, II and III","Synthesized"
"Airframe – 021.011 (4)","021.011 (4) Q0026","What is the relight envelope?","A plot showing in which range of airspeed and altitude ignition is possible","Option 2","Option 3","Option 4","A plot showing in which range of airspeed and altitude ignition is possible","Synthesized"
"Airframe – 021.011 (4)","021.011 (4) Q0027","How does the thrust vary with altitude?","With the increase in altitude, the thrust decreases","Option 2","Option 3","Option 4","With the increase in altitude, the thrust decreases","Synthesized"
"Airframe – 021.011 (4)","021.011 (4) Q0028","How does the thrust vary with airspeed?","With the increase in airspeed, the thrust decreases","Option 2","Option 3","Option 4","With the increase in airspeed, the thrust decreases","Synthesized"
"Airframe – 021.011 (4)","021.011 (4) Q0029","What is the ram recovery?","The ram recovery is a process in which at some airspeed, some air velocity is converted into pressure in the engine intake","Option 2","Option 3","Option 4","The ram recovery is a process in which at some airspeed, some air velocity is converted into pressure in the engine intake","Synthesized"
"Airframe – 021.011 (4)","021.011 (4) Q0030","How does the specific fuel consumption vary with altitude?","None of the answers is correct","With the increase in altitude the specific fuel consumption decreases","Option 2","Option 3","None of the answers is correct","Synthesized"
"Airframe – 021.011 (4)","021.011 (4) Q0031","How does the specific fuel consumption vary with airspeed?","With the increase in airspeed, the specific fuel consumption also increases","Option 2","Option 3","Option 4","With the increase in airspeed, the specific fuel consumption also increases","Synthesized"
"Airframe – 021.011 (4)","021.011 (4) Q0032","What is the derated thrust take-off?","Take-off with a reduced thrust","Option 2","Option 3","Option 4","Take-off with a reduced thrust","Synthesized"
"Airframe – 021.011 (4)","021.011 (4) Q0033","How to derate thrust?","By changing the rated thrust in the aircraft electronic system","Option 2","Option 3","Option 4","By changing the rated thrust in the aircraft electronic system","Synthesized"
"Airframe – 021.011 (4)","021.011 (4) Q0034","How to reduce thrust with flexible temperature method?","By inserting an """"assumed"""" OAT into the FMGS","Option 2","Option 3","Option 4","By inserting an """"assumed"""" OAT into the FMGS","Synthesized"
"Airframe – 021.011 (4)","021.011 (4) Q0035","What are the advantages of using the reduced thrust at take-off? Select the most complete answer.","All answers are correct","Option 2","Option 3","Option 4","All answers are correct","Synthesized"
"Airframe – 021.011 (4)","021.011 (4) Q0036","Which of the following systems require pressurised air? Select the most complete answer.","All answers are correct","Option 2","Option 3","Option 4","All answers are correct","Synthesized"
"Airframe – 021.011 (4)","021.011 (4) Q0037","Which of the following systems require pressurised air? Select the most complete answer.","All answers are correct","Option 2","Option 3","Option 4","All answers are correct","Synthesized"
"Airframe – 021.011 (4)","021.011 (4) Q0038","Which of the following describes the bleed air inside the engine? Select the most complete answer.","All answers are correct","Option 2","Option 3","Option 4","All answers are correct","Synthesized"
"Airframe – 021.011 (4)","021.011 (4) Q0039","Which of the following decrease when the bleed valve is used? Select the most complete answer.","Power","Option 2","Option 3","Option 4","Power","Synthesized"
"Airframe – 021.011 (4)","021.011 (4) Q0040","Which of the following increase when the bleed valve is used? Select the most complete answer.","Rpm","Option 2","Option 3","Option 4","Rpm","Synthesized"
"Airframe – 021.012 (1)","021.012 (1) Q0001","What is needed for a fire to start and continue? Select the most complete answer.","All answers are correct","Option 2","Option 3","Option 4","All answers are correct","Synthesized"
"Airframe – 021.012 (1)","021.012 (1) Q0002","Regarding aircraft systems, what is a typical place for smoke detector installation?","Cargo compartment and avionics bay","Option 2","Option 3","Option 4","Cargo compartment and avionics bay","Synthesized"
"Airframe – 021.012 (1)","021.012 (1) Q0003","Which phenomenon is utilised in optical smoke detectors?","Light refraction","Option 2","Option 3","Option 4","Light refraction","Synthesized"
"Airframe – 021.012 (1)","021.012 (1) Q0004","Regarding detection systems, what do ion detectors detect?","Smoke","Option 2","Option 3","Option 4","Smoke","Synthesized"
"Airframe – 021.012 (1)","021.012 (1) Q0005","Which of the following statements concerning the ionisation smoke detector is true?","Smoke entering the detector's chamber bonds with the ions, reducing the electron flow (reducing the voltage), which triggers a warning","Option 2","Option 3","Option 4","Smoke entering the detector's chamber bonds with the ions, reducing the electron flow (reducing the voltage), which triggers a warning","Synthesized"
"Airframe – 021.012 (1)","021.012 (1) Q0006","In what aircraft are lavatory smoke detectors required?","In aircraft with a Maximum Operational Passenger Seating Configuration (MOPSC) greater than 20","Option 2","Option 3","Option 4","In aircraft with a Maximum Operational Passenger Seating Configuration (MOPSC) greater than 20","Synthesized"
"Airframe – 021.012 (1)","021.012 (1) Q0007","What lavatory smoke warnings are usually provided? Select the most complete answer.","All answers are correct","Option 2","Option 3","Option 4","All answers are correct","Synthesized"
"Airframe – 021.012 (1)","021.012 (1) Q0008","What cargo compartment smoke warnings are usually provided? Select the most complete answer.","All answers are correct","Option 2","Option 3","Option 4","All answers are correct","Synthesized"
"Airframe – 021.012 (1)","021.012 (1) Q0009","What are designated fire zones?","Areas especially prone to fire","Option 2","Option 3","Option 4","Areas especially prone to fire","Synthesized"
"Airframe – 021.012 (1)","021.012 (1) Q0010","What types of fire detectors are used onboard the aircraft? Select the most complete answer.","All answers are correct","Option 2","Option 3","Option 4","All answers are correct","Synthesized"
"Airframe – 021.012 (1)","021.012 (1) Q0011","What is the reason for incorporating a delay in a differential expansion detector after a fire alarm is triggered?","Avoiding false alarms caused by vibrations","Option 2","Option 3","Option 4","Avoiding false alarms caused by vibrations","Synthesized"
"Airframe – 021.012 (1)","021.012 (1) Q0012","A continuous loop detector system is a _____.","overheat detection system","Option 2","Option 3","Option 4","overheat detection system","Synthesized"
"Airframe – 021.012 (1)","021.012 (1) Q0013","What principle do the resistance-type continuous loop fire detector systems operate on?","An increase in temperature produces a decrease in the resistance and an increase in the reference current","Option 2","Option 3","Option 4","An increase in temperature produces a decrease in the resistance and an increase in the reference current","Synthesized"
"Airframe – 021.012 (1)","021.012 (1) Q0014","What principle do the capacitance-type continuous loop fire detector systems operate on?","An increase in temperature produces an increase in the capacitance and an increase in the feedback current","Option 2","Option 3","Option 4","An increase in temperature produces an increase in the capacitance and an increase in the feedback current","Synthesized"
"Airframe – 021.012 (1)","021.012 (1) Q0015","What initiates a fire alarm on an aircraft provided with resistance- and capacitance-type fire detection loops?","A temperature increase detected at any isolated point on all installed loops at the same time","Option 2","Option 3","Option 4","A temperature increase detected at any isolated point on all installed loops at the same time","Synthesized"
"Airframe – 021.012 (1)","021.012 (1) Q0016","What does a gas-filled detector consist of?","An air-tight tube filled with helium with a core element, which emits hydrogen when heated","Option 2","Option 3","Option 4","An air-tight tube filled with helium with a core element, which emits hydrogen when heated","Synthesized"
"Airframe – 021.012 (1)","021.012 (1) Q0017","What can a gas-filled sensor detect?","Overheat","Option 2","Option 3","Option 4","Overheat","Synthesized"
"Airframe – 021.012 (1)","021.012 (1) Q0018","When does a fire detection system test have to be performed?","Prior to every flight","Option 2","Option 3","Option 4","Prior to every flight","Synthesized"
"Airframe – 021.012 (1)","021.012 (1) Q0019","What is tested during a continuous loop fire detection system test?","The wiring and the warning horn/light","Option 2","Option 3","Option 4","The wiring and the warning horn/light","Synthesized"
"Airframe – 021.012 (2)","021.012 (2) Q0001","How are engine fire extinguishers operated?","By an electrically fired cartridge rupturing a seal in the head of the bottle","Option 2","Option 3","Option 4","By an electrically fired cartridge rupturing a seal in the head of the bottle","Synthesized"
"Airframe – 021.012 (2)","021.012 (2) Q0002","Considering commercial air transport, how many fire extinguisher discharger bottles are required per engine?","2","Option 2","Option 3","Option 4","2","Synthesized"
"Airframe – 021.012 (2)","021.012 (2) Q0003","What is the correct order of items that have to be performed after an engine fire? 1 – extinguishing the fire, 2 – shutting down the engine, 3 – cutting off the engine systems","2, 3, 1","Option 2","Option 3","Option 4","2, 3, 1","Synthesized"
"Airframe – 021.012 (2)","021.012 (2) Q0004","Concerning the engine fire button, what happens when the button light is on and the pilot presses it? Select the most complete answer.","All answers are correct","Option 2","Option 3","Option 4","All answers are correct","Synthesized"
"Airframe – 021.012 (2)","021.012 (2) Q0005","During an engine fire, which system has to be cut off from the affected engine? Select the most complete answer.","Bleed-air system on the affected engine's side","Option 2","Option 3","Option 4","Bleed-air system on the affected engine's side","Synthesized"
"Airframe – 021.012 (2)","021.012 (2) Q0006","What is the name of a physical barrier protecting the airframe from catching fire from a burning engine?","A firewall","Option 2","Option 3","Option 4","A firewall","Synthesized"
"Airframe – 021.012 (2)","021.012 (2) Q0007","What are class A cargo compartments?","Compartments that can be easily accessed during flight and eventual fire would not go unnoticed","Compartments that must be equipped with means to detect fire or smoke, but do not need to have a fire-extinguishing system. A means of controlling ventilation of the compartment must be present, and in case of fire the flight crew must be protected from the fumes by smoke barriers","Option 2","Option 3","Compartments that can be easily accessed during flight and eventual fire would not go unnoticed","Synthesized"
"Airframe – 021.012 (2)","021.012 (2) Q0008","What is the flight deck indication that a fire extinguishing agent has been discharged?","Light only","Option 2","Option 3","Option 4","Light only","Synthesized"
"Airframe – 021.012 (2)","021.012 (2) Q0009","In what aircraft are lavatory smoke detectors required?","In aircraft with a Maximum Operational Passenger Seating Configuration (MOPSC) equal or greater than 20","Option 2","Option 3","Option 4","In aircraft with a Maximum Operational Passenger Seating Configuration (MOPSC) equal or greater than 20","Synthesized"
"Airframe – 021.012 (2)","021.012 (2) Q0010","Which statement is true concerning the toilet fire extinguishers present on most modern aeroplanes?","They are automatic and self-activated by heat","They are operated by a switch in the cockpit and/or a switch at each cabin attendant station","They are manually operated to release the extinguishant","Option 2","They are automatic and self-activated by heat","Synthesized"
"Airframe – 021.012 (2)","021.012 (2) Q0011","Which fire extinguishing agents are most commonly used onboard an aircraft in cruise? Select the most complete answer.","Water","Option 2","Option 3","Option 4","Water","Synthesized"
"Airframe – 021.012 (2)","021.012 (2) Q0012","Which feature makes halon a good fire extinguishing agent?","Halon is a very effective flame inhibitor and prevents reignition","Option 2","Option 3","Option 4","Halon is a very effective flame inhibitor and prevents reignition","Synthesized"
"Airframe – 021.012 (2)","021.012 (2) Q0013","Regarding the air regulations, how many hand fire extinguishers have to be present onboard an aircraft with a MOPSC of 31 or more? Select the most complete answer.","At least 2 extinguishers, 1 of which has to be a Halon 1211 extinguisher","Option 2","Option 3","Option 4","At least 2 extinguishers, 1 of which has to be a Halon 1211 extinguisher","Synthesized"
"Airframe – 021.012 (2)","021.012 (2) Q0014","Which statement is true concerning the onboard hand fire extinguishers?","At least one extinguisher of any type must be available in every class C cargo compartment","Option 2","Option 3","Option 4","At least one extinguisher of any type must be available in every class C cargo compartment","Synthesized"
"Airframe – 021.012 (2)","021.012 (2) Q0015","What are the most common means of rain protection on passenger aircraft? Select the most complete answer.","All answers are correct","Option 2","Option 3","Option 4","All answers are correct","Synthesized"
"Airframe – 021.012 (2)","021.012 (2) Q0016","Which statement concerning rain protection for cockpit windshields is correct?","The rain repellent should never be sprayed onto the windshield unless the rainfall is very heavy","The electric de-icing system for cockpit windows is also suitable for rain protection","Option 2","Option 3","The rain repellent should never be sprayed onto the windshield unless the rainfall is very heavy","Synthesized"
"Airframe – 021.013","021.013 Q0001","Which of the following may be a cause of hypoxia? Select the most complete answer.","All answers are correct","Option 2","Option 3","Option 4","All answers are correct","Synthesized"
"Airframe – 021.013","021.013 Q0002","Which of the following is not a symptom of hypoxia?","Decreased breathing rate","Option 2","Option 3","Option 4","Decreased breathing rate","Synthesized"
"Airframe – 021.013","021.013 Q0003","What does 'TUC' stand for?","TUC means Time of Useful Consciousness, which is the period of time from the moment of decompression (interruption of normal air supply) to the moment when the ability to function usefully is likely to be lost. At that point an affected individual would no longer be capable of taking normal corrective or protective actions","Option 2","Option 3","Option 4","TUC means Time of Useful Consciousness, which is the period of time from the moment of decompression (interruption of normal air supply) to the moment when the ability to function usefully is likely to be lost. At that point an affected individual would no longer be capable of taking normal corrective or protective actions","Synthesized"
"Airframe – 021.013","021.013 Q0004","What is the average length of TUC in case of a progressive decompression at FL400?","15 - 20 seconds","Option 2","Option 3","Option 4","15 - 20 seconds","Synthesized"
"Airframe – 021.013","021.013 Q0005","Which of the following is not a n oxygen system used onboard the aircraft?","No other answer is correct","Option 2","Option 3","Option 4","No other answer is correct","Synthesized"
"Airframe – 021.013","021.013 Q0006","Which statement is true regarding the cockpit supplementary oxygen systems?","The systems are designed to supply the flight crew with oxygen in case of air contamination","Option 2","Option 3","Option 4","The systems are designed to supply the flight crew with oxygen in case of air contamination","Synthesized"
"Airframe – 021.013","021.013 Q0007","Which statement is true regarding the cockpit continuous flow systems?","The system may be used up to 18,000 if equipped with nasal canula","Option 2","Option 3","Option 4","The system may be used up to 18,000 if equipped with nasal canula","Synthesized"
"Airframe – 021.013","021.013 Q0008","What is the maximum altitude for the diluter demand oxygen systems' use?","40,000 ft","Option 2","Option 3","Option 4","40,000 ft","Synthesized"
"Airframe – 021.013","021.013 Q0009","Which of the following is an element of a diluter demand system?","Quick donning mask","Partial rebreather mask","Option 2","Option 3","Quick donning mask","Synthesized"
"Airframe – 021.013","021.013 Q0010","Which statement is true about the oxygen to air ratio of the mixture supplied by the cockpit oxygen system regulator when the mode selector is switched to normal?","The oxygen to air ratio increases when the altitude increases","Option 2","Option 3","Option 4","The oxygen to air ratio increases when the altitude increases","Synthesized"
"Airframe – 021.013","021.013 Q0011","At what altitude does the cockpit oxygen system regulator start providing pure oxygen when in normal mode?","32,000 ft","Option 2","Option 3","Option 4","32,000 ft","Synthesized"
"Airframe – 021.013","021.013 Q0012","What is the role of an emergency selector in a diluter demand oxygen system?","The switch provides a continuous flow of 100% oxygen supply under positive pressure","Option 2","Option 3","Option 4","The switch provides a continuous flow of 100% oxygen supply under positive pressure","Synthesized"
"Airframe – 021.013","021.013 Q0013","What type of oxygen systems is used in the passenger cabin? Select the most complete answer.","Continuous flow type systems","Option 2","Option 3","Option 4","Continuous flow type systems","Synthesized"
"Airframe – 021.013","021.013 Q0014","An aeroplane is intended for operation at FL370. What is the minimum required number of cabin oxygen masks?","110% of the number of seats","Option 2","Option 3","Option 4","110% of the number of seats","Synthesized"
"Airframe – 021.013","021.013 Q0015","What will activate the built-in passenger oxygen system?","Switching the passenger oxygen ON","Option 2","Option 3","Option 4","Switching the passenger oxygen ON","Synthesized"
"Airframe – 021.013","021.013 Q0016","How can the oxygen flow be activated in a passenger oxygen mask after they have dropped down from the passengers service units?","By pulling the oxygen mask downwards","The oxygen starts flowing immediately","Option 2","Option 3","By pulling the oxygen mask downwards","Synthesized"
"Airframe – 021.013","021.013 Q0017","What is breathed in when using a passenger oxygen mask?","Cabin air and oxygen","Cabin air and oxygen or 100% oxygen","Option 2","Option 3","Cabin air and oxygen","Synthesized"
"Airframe – 021.013","021.013 Q0018","Regarding the oxygen sources, the oxygen supply systems can be divided into _____.","gaseous systems and chemical generator systems","Option 2","Option 3","Option 4","gaseous systems and chemical generator systems","Synthesized"
"Airframe – 021.013","021.013 Q0019","Which of the following statements concerning the oxygen system of a passenger aeroplane is true?","The chemical oxygen generator incorporates a heat shield","Option 2","Option 3","Option 4","The chemical oxygen generator incorporates a heat shield","Synthesized"
"Airframe – 021.013","021.013 Q0020","Which of these statements concerning chemical oxygen generators is/are correct? 1. Chemical oxygen generators are used to supply the cockpit oxygen system; 2. The oxygen supply of chemical oxygen generators, once activated, can be switched off.","Both statements are incorrect","Option 2","Option 3","Option 4","Both statements are incorrect","Synthesized"
"Airframe – 021.013","021.013 Q0021","Both statements are correct","A change of colour of a heat-sensitive paint strip on the surface of a burnt-out generator","Option 2","Option 3","Option 4","A change of colour of a heat-sensitive paint strip on the surface of a burnt-out generator","Synthesized"
"Airframe – 021.013","021.013 Q0022","What is the purpose of the first aid oxygen?","To provide undiluted oxygen to passengers for physiological reasons following a cabin depressurisation","Option 2","Option 3","Option 4","To provide undiluted oxygen to passengers for physiological reasons following a cabin depressurisation","Synthesized"
"Airframe – 021.013","021.013 Q0023","What is the minimum mass flow per minute to each user that first aid oxygen equipment should be capable of generating at Standard Temperature and Pressure, Dry (STPD)?","4 litres","Option 2","Option 3","Option 4","4 litres","Synthesized"
"Airframe – 021.013","021.013 Q0024","Regarding the first aid oxygen quantity, the undiluted oxygen carried onboard a pressurised aeroplane with 8 passengers operated at a pressure altitude of 27,000 ft has to be sufficient for at least _____.","1 passenger for the remainder of the flight after cabin depressurisation when the cabin altitude exceeds 8,000 ft","Option 2","Option 3","Option 4","1 passenger for the remainder of the flight after cabin depressurisation when the cabin altitude exceeds 8,000 ft","Synthesized"
"Airframe – 021.013","021.013 Q0025","Which statement is true about the portable Protective Breathing Equipment (PBE)? Select the most complete answer.","All answers are correct","Option 2","Option 3","Option 4","All answers are correct","Synthesized"
"Airframe – 021.013","021.013 Q0026","What is a smoke hood?","A device covering the whole head and providing continuous oxygen flow","Option 2","Option 3","Option 4","A device covering the whole head and providing continuous oxygen flow","Synthesized"
"Airframe – 021.013","021.013 Q0027","Who are smoke hoods available for and how long must they provide oxygen?","Smoke hoods are available for the aircraft crew and they must last for 15 minutes","Smoke hoods are available for the aircraft crew and they must last for 20 minutes","Option 2","Option 3","Smoke hoods are available for the aircraft crew and they must last for 15 minutes","Synthesized"
"Airframe – 021.013","021.013 Q0028","Which substance may never be used in the vicinity or on parts of an oxygen installation?","Grease","Option 2","Option 3","Option 4","Grease","Synthesized"
