"Section","QuestionID","Question","ChoiceA","ChoiceB","ChoiceC","ChoiceD","CorrectAnswer","Source"
"Instrumentation – Q1 022.01","Q1 022.01 Q0001","The SI unit of pressure is _____.","pascal (Pa)","hectopascal (hPa)","bar","kilogram-force per square metre","pascal (Pa)","Evionica"
"Instrumentation – Q1 022.01","Q1 022.01 Q0002","The absolute pressure is measured with reference to _____.","the vacuum","the atmospheric pressure","the inside of the aircraft","the outside of the aircraft","the vacuum","Evionica"
"Instrumentation – Q1 022.01","Q1 022.01 Q0003","Which of the following sensor types are pressure sensors? I – Aneroid capsules, II – Bellows, III – Diaphragms, IV – Bourdon tube. Select the most complete answer.","I, II, III and IV","I and II","I, II, III","I and III","I, II, III and IV","Evionica"
"Instrumentation – Q1 022.01","Q1 022.01 Q0004","What kind of pressure does the aneroid capsule in a simple altimeter react to?","Static pressure","Total pressure","Dynamic pressure","Static and dynamic pressure","Static pressure","Evionica"
"Instrumentation – Q1 022.01","Q1 022.01 Q0005","What does the altimeter indicate?","The altitude of the aircraft","The current heading of the aircraft","The climb rate","The current attitude of the aircraft","The altitude of the aircraft","Evionica"
"Instrumentation – Q1 022.01","Q1 022.01 Q0006","What kind of pressure does the airspeed indicator sensor (diaphragm) react to?","Static and dynamic","Static pressure only","Dynamic pressure only","Hydrostatic pressure","Static and dynamic","Evionica"
"Instrumentation – Q1 022.01","Q1 022.01 Q0007","Which of the following are the types of pressure measurements on the aircraft? I – Liquid pressure measurement, II – Air pressure measurement III – Engine pressure measurement, IV – Hydraulic pressure measurement. Select the most complete answer.","I, II and III","I and III","IV","I and IV","I, II and III","Evionica"
"Instrumentation – Q1 022.01","Q1 022.01 Q0008","Why is the direct measurement of fuel pressure not desirable?","Due to potential fire risk","Due to the distance between the fuel gauge and cockpit indicator","Because the direct measurement is too unrealiable due to friction of the needle","Because the direct measurement is too expensive","Due to potential fire risk","Evionica"
"Instrumentation – Q1 022.01","Q1 022.01 Q0009","What is the basic function of the oil in aircraft systems?","Lubrication and heat control","The oil acts as a separation film between water and fuel in the tank","Oil is a type of fuel","Oil filters debris coming from the combustor","Lubrication and heat control","Evionica"
"Instrumentation – Q1 022.01","Q1 022.01 Q0010","Where can bleed air come from? I – Compressor, II – APU, III – Ground air, IV – Internal tank. Select the most complete answer.","I, II, and III","I and IV","II and III","I only","I, II, and III","Evionica"
"Instrumentation – Q1 022.01","Q1 022.01 Q0011","Bourdon tube is a type of _____.","a pressure sensor","a temperature sensor","a vibration detector","a gas quality sensor","a pressure sensor","Evionica"
"Instrumentation – Q1 022.01","Q1 022.01 Q0012","In the troposphere layer, what kind of relationship does altitude have with temperature?","The higher the altitude, the lower the temperature","The higher the altitude, the higher the temperature","The temperature does not depend on the altitude","The temperature increases and then decreases with attitude","The higher the altitude, the lower the temperature","Evionica"
"Instrumentation – Q1 022.01","Q1 022.01 Q0013","What kind of pressure does MAP gauge measure?","Absolute pressure","Gauge pressure","Differential pressure","Absolute and differential pressure","Absolute pressure","Evionica"
"Instrumentation – Q1 022.01","Q1 022.01 Q0014","MAP gauge is used in _____.","piston-engine aircraft","turbine-engine aircraft","piston and turbine engine aircraft","ramjet aircraft","piston-engine aircraft","Evionica"
"Instrumentation – Q1 022.01","Q1 022.01 Q0015","Engine Pressure Ratio (EPR) is _____.","the ratio of the exhaust pressure to the intake pressure","the ratio of 2nd stage of compressor pressure to 3rd stage of compressor pressure","the ratio of stagnation pressure between front and rear of compressor","the ratio between the mass flow rate of the bypass stream to the mass flow rate entering the core of the engine","the ratio of the exhaust pressure to the intake pressure","Evionica"
"Instrumentation – Q1 022.01","Q1 022.01 Q0016","What is the effect of the pitot tube is blockage with clear drain hole?","Pressure equalises between two sides of the diaphragm","Static port automatically redirects pressure to both sides of the diaphragm","Diaphragm bursts due to high pressure in the blocked side of the diaphragm","Drain hole helps to clear the blockage","Pressure equalises between two sides of the diaphragm","Evionica"
"Instrumentation – Q1 022.01","Q1 022.01 Q0017","What is the effect of a complete loss of pressure sensing capability on the analogue display needle?","The needle reverts to the minimum/maximum position","The needle gets stuck on the scale at the position where it was before the failure","Free movement of the needle","The needle disconnects from the gauge to indicate its failure","The needle reverts to the minimum/maximum position","Evionica"
"Instrumentation – Q1 022.01","Q1 022.01 Q0018","What is the effect of a static port blockage on the Air Speed Indicator (ASI)? I – Above line of failure, ASI under-read, II – Below line of failure, ASI indicates over-read, III – Needle reverts to maximum/minimum, IV – There is no effect. Select the most complete answer.","I and II","I, II, and III","III","I, II, III and IV","I and II","Evionica"
"Instrumentation – Q1 022.01","Q1 022.01 Q0019","63 °F is equal to _____.","17.22 °C","19.2 °C","290.37 °C","15.69 °C","17.22 °C","Evionica"
"Instrumentation – Q1 022.01","Q1 022.01 Q0020","98 °C is equal to _____.","371.15 K","208.42 K","420 K","200 K","371.15 K","Evionica"
"Instrumentation – Q1 022.01","Q1 022.01 Q0021","The principle of operation of the bimetallic helix thermometer is the use of coefficient of _____.","thermal expansion","spring","variation","friction","thermal expansion","Evionica"
"Instrumentation – Q1 022.01","Q1 022.01 Q0022","Why is it impossible to measure the air temperature using the direct reading thermometer on faster aircraft?","Due to compressibility effect","Because the air too fast","Becasue the direct reading thermometer cannot respond quickly enough","Because the liquid used inside the thermometer turns to solid at higher airspeed","Due to compressibility effect","Evionica"
"Instrumentation – Q1 022.01","Q1 022.01 Q0023","What kind of temperature does the TAT probe measure?","Total Air Temperature","Static Air Temperature","Total Air Temperature and Static Air Temperature","Dynamic air temperature","Total Air Temperature","Evionica"
"Instrumentation – Q1 022.01","Q1 022.01 Q0024","Movement of the needle of bimetallic helix thermometer is based upon _____.","the coefficient of thermal expansion of the metals","the adiabatic cooling as airspeed increases","the difference in the electrical resistance","the pressure increase as the speed increases","the coefficient of thermal expansion of the metals","Evionica"
"Instrumentation – Q1 022.01","Q1 022.01 Q0025","Total Air Temperature (TAT) is defined as _____.","the maximum temperature of the air when it is brought to rest adiabatically","undisturbed air temperature in front of the aircraft","ram rise + Static Air Temperature (SAT)","Static Air Temperature(SAT) over recovery factor(k)","the maximum temperature of the air when it is brought to rest adiabatically","Evionica"
"Instrumentation – Q1 022.01","Q1 022.01 Q0026","Static Air Temperature (SAT) is defined as _____.","the temperature of undisturbed air in front of the aircraft","ram rise + Static Air Temperature(SAT)","the maximum temperature of the air when it is brought to rest adiabatically","TAT over recovery factor(k)","the temperature of undisturbed air in front of the aircraft","Evionica"
"Instrumentation – Q1 022.01","Q1 022.01 Q0027","What does the Bleed Management Computer (BMC) do when bleed air is too hot?","BMC closes the bleed valve","BMC runs it again through the precooler exhaust","BMC redirects the air to outside of the aircraft","BMC redirects conditioned air to cool down the bleed air","BMC closes the bleed valve","Evionica"
"Instrumentation – Q1 022.01","Q1 022.01 Q0028","Thermocouple thermometer consists of _____.","2 different metals forming an electrical junction","2 metal of the same type forming an electrical junction","a mercury for heat expansion","a single wire coil to detect change in resistance","2 different metals forming an electrical junction","Evionica"
"Instrumentation – Q1 022.01","Q1 022.01 Q0029","Which of the following are the parts of the Integrated Drive Generator (IDG)? I – AC generator, II – Constant speed drive, III – DC generator, IV – AC/DC converter","I and II","I, II, and III","I, II, III and IV","IV","I and II","Evionica"
"Instrumentation – Q1 022.01","Q1 022.01 Q0030","Integrated Drive Generator (IDG) indicator turns from green to amber on Multi-Function Control and Display Unit (MCDU) when it is overheating. What are the possible indications? Select the most complete answer. I – Excessive generator load, II – Overvoltage, III – Poor drive condition, IV – Hydraulic leakage","I and III","I, II, and III","I and IV","I, II, III and IV","I and III","Evionica"
"Instrumentation – Q1 022.01","Q1 022.01 Q0031","Which of the following are the units of fuel quantity? I – Kilograms, II – Pounds, III – Tonnes, IV – Litres. Select the most complete answer.","I, II, III and IV","I, II, and III","I and II","IV","I, II, III and IV","Evionica"
"Instrumentation – Q1 022.01","Q1 022.01 Q0032","38 gal converted to l equals _____.","143.85","31.64","142.83","145.67","143.85","Evionica"
"Instrumentation – Q1 022.01","Q1 022.01 Q0033","11,608 kg converted to lbs equals _____.","25591.26","52771.07","2675.58","22586","25591.26","Evionica"
"Instrumentation – Q1 022.01","Q1 022.01 Q0034","Which of the following parameters affect the fuel? I – Temperature, II – Aircraft acceleration, III – Type of engine, IV – Attitude of the aircraft","I, II, and IV","III and IV","I and II","I, II, III and IV","I, II, and IV","Evionica"
"Instrumentation – Q1 022.01","Q1 022.01 Q0035","What are the parameters affected by the temperature? Select the most complete answer. I – Fuel density, II – Volume, III – Dielectric constant, IV – Composition of the fuel","I, II, and III","I and II","II, III, and IV","I, II, III and IV","I, II, and III","Evionica"
"Instrumentation – Q1 022.01","Q1 022.01 Q0036","Which statements regarding the float type fuel gauge are true? Select the most complete answer. I – Typically a DC-powered system, II – Provide volume information, III – Inferior to capacitance fuel gauge system IV – It gives accurate information only when the tank is empty","I, II, III and IV","I and IV","I, II, and III","II, III, and IV","I, II, III and IV","Evionica"
"Instrumentation – Q1 022.01","Q1 022.01 Q0037","What is/are the disadvantage(s) of the float type fuel gauges? Select the most complete answer.","All answers are correct","They are affected by the attitude of the aircraft","They are affected by the acceleration of the aircraft","They are affected by the temperature variations","All answers are correct","Evionica"
"Instrumentation – Q1 022.01","Q1 022.01 Q0038","What is/are the advantage(s) of capacitance type fuel gauge?","All answers are correct","They are not affected by the attitude of the aircraft","They are not affected by the acceleration of the aircraft","They are not affected by the temperature variations","All answers are correct","Evionica"
"Instrumentation – Q1 022.01","Q1 022.01 Q0039","What is the correct formula for capacitance in capacitance fuel gauge system, given A - Area of plates, D – Distance between plates, E – Dielectric constant, C - Capacitance?","C = E * (A/D)","C = E * A * D","C = E * (D/A)","C = A * (D/E)","C = E * (A/D)","Evionica"
"Instrumentation – Q1 022.01","Q1 022.01 Q0040","Which is the correct order of the typical post-refuelling procedure? I – Record the volume that was filled, II – Convert to the appropriate unit, III – Compare indicated fuel content with calculated fuel content, IV – Assess the appropriate action if the numbers do not match","I, II, III, IV","III, IV, I, II","I, III, IV, II","II, III, IV, I","I, II, III, IV","Evionica"
"Instrumentation – Q1 022.01","Q1 022.01 Q0041","Fuel flowmeter is an instrument that _____.","measures the instantaneous rate of fuel flowing through an orifice","indicates if the fuel is flowing or not","measures the speed of the fuel flowing inside the pipes","measures the volume or mass of the fuel used","measures the instantaneous rate of fuel flowing through an orifice","Evionica"
"Instrumentation – Q1 022.01","Q1 022.01 Q0042","The tachometer is an engine speed measurement instrument. In a piston engine, it measures the _____. In a turbine engine, it measures the _____.","crankshaft speed, compressor shaft rotational speed","compressor shaft rotational speed, speed og the intake fan","speed of the aircraft, speed of the intake fan","compressor shaft rotational speed, crankshaft speed","crankshaft speed, compressor shaft rotational speed","Evionica"
"Instrumentation – Q1 022.01","Q1 022.01 Q0043","The tachometer indicates speed in _____.","percentage of the maximum nominal engine speed or RPM","mph or ft/s","m/s or km/hr","mph or m/s","percentage of the maximum nominal engine speed or RPM","Evionica"
"Instrumentation – Q1 022.01","Q1 022.01 Q0044","Thrust is measured by measuring the rotational speed of the shaft or _____.","Engine Pressure Ratio (EPR)","Bypass ratio (BPR)","Exhaust Gas Temperature (EGT)","overall compression ratio","Engine Pressure Ratio (EPR)","Evionica"
"Instrumentation – Q1 022.01","Q1 022.01 Q0045","Engine Pressure Ratio (EPR) is a ratio of ______ and _____.","Exhaust presure and intake pressure","High pressure compressor and low pressure shaft","Intake pressure and exhaust pressure","Intake pressure and high pressure compressor","Exhaust presure and intake pressure","Evionica"
"Instrumentation – Q1 022.01","Q1 022.01 Q0046","Why does the EPR reading fall during take-off?","Because the intake pressure increases with airspeed while exhaust pressure remains constant","Because the sensor is not directly in contact with the incoming air","Becasue the flaps redirect the exhaust airflow","Becasue the pressure at the exhaust increases due to high power requirement during take-off","Because the intake pressure increases with airspeed while exhaust pressure remains constant","Evionica"
"Instrumentation – Q1 022.01","Q1 022.01 Q0047","Given τ – torque, F – force, and L – distance, what is the formula for calculating torque?","τ = F * L","τ = F / L","τ = L \ F","τ = F^2 * L","τ = F * L","Evionica"
"Instrumentation – Q1 022.01","Q1 022.01 Q0048","What is the correct formula for power, given P – power, τ – torque, ω – angular velocity?","P = τ * ω","P = τ + ω","P = τ / ω","P = ω / τ","P = τ * ω","Evionica"
"Instrumentation – Q1 022.01","Q1 022.01 Q0049","282 rad/s converted to rpm give _____.","2692.90 rpm","8460 rpm","1795.27 rpm","5385.80 rpm","2692.90 rpm","Evionica"
"Instrumentation – Q1 022.01","Q1 022.01 Q0050","2693 rpm converted to rad/s give _____.","282.01 rad/s","293.64 rad/s","141 rad/s","312 rad/s","282.01 rad/s","Evionica"
"Instrumentation – Q1 022.01","Q1 022.01 Q0051","What is/are the advantage(s) of an electronic torquemeter? Select the most complete answer.","All answer correct","Reliable","Simple design","Light","All answer correct","Evionica"
"Instrumentation – Q1 022.01","Q1 022.01 Q0052","Synchroscope reduces _____.","structural vibrations and noise","rotational speed and noise","structural vibrations and fuel usage","noise and overheating possibility","structural vibrations and noise","Evionica"
"Instrumentation – Q1 022.01","Q1 022.01 Q0053","How does the magnet vibration monitoring system work?","Magnet is positioned between fixed coil. Vibration of the magnet will affect the current flowing through the coil","Magnet is positioned close to the engine. If the engine vibrates, magnet will get attached to the engine","Magnetic strength of the magnet will change depending on the vibration of the engine","When there is excessive vibration, the magnet physically hits a switch that triggers an alarm","Magnet is positioned between fixed coil. Vibration of the magnet will affect the current flowing through the coil","Evionica"
"Instrumentation – Q2 022.02","Q2 022.02 Q0001","Which relationship between static, dynamic and total pressure is correct? Select the most complete answer.","All answers are correct","Total pressure equals to static pressure plus dynamic pressure","Static pressure equals to total pressure minus dynamic pressure","Dynamic pressure equals to total pressure minus static pressure","All answers are correct","Evionica"
"Instrumentation – Q2 022.02","Q2 022.02 Q0002","How can dynamic pressure be obtained?","By measuring total and static pressure and subtracting static pressure from total pressure","By measurement from pitot tube","By measurement from combined pitot/static probe","By measurement from static vent","By measuring total and static pressure and subtracting static pressure from total pressure","Evionica"
"Instrumentation – Q2 022.02","Q2 022.02 Q0003","What are the pressure instrument errors?","Position and manoeuvre induced error","Manoeuvre induced and compressibility error","Position and compressibility errors","Position and density error","Position and manoeuvre induced error","Evionica"
"Instrumentation – Q2 022.02","Q2 022.02 Q0004","What pitot tube measures?","Dynamic plus static pressure","Dynamic pressure","Static pressure","Dynamic minus static pressure","Dynamic plus static pressure","Evionica"
"Instrumentation – Q2 022.02","Q2 022.02 Q0005","What is the difference between total air temperature and static air temperature called?","The total ram rise","The recovery factor","The outside air temperature","Corrected outside air temperature","The total ram rise","Evionica"
"Instrumentation – Q2 022.02","Q2 022.02 Q0006","What errors do temperature probes suffer from?","Instrument, environment and heating errors","Instrument, position and temperature errors","Environmental and heating error","Compressibility and instrumental error","Instrument, environment and heating errors","Evionica"
"Instrumentation – Q2 022.02","Q2 022.02 Q0007","What will be the estimated ram rise at true airspeed of 300 knots?","9°C","3°C","30°C","18°C","9°C","Evionica"
"Instrumentation – Q2 022.02","Q2 022.02 Q0008","Which statement defines the angle of attack?","It is the angle between the wing chord line and velocity vector of airflow","It is the angle between aircraft's longitudinal axis and velocity vector of airflow","It is the angle between aircraft's longitudinal axis and horizontal plane","It is the angle between wing chord line and magnetic heading","It is the angle between the wing chord line and velocity vector of airflow","Evionica"
"Instrumentation – Q2 022.02","Q2 022.02 Q0009","Which systems require angle of attack measurement input?","Air Data Computer, Flight Envelope Protection System, Stall Warning /Protection System","GPS, INS, Air Data Computer","TCAS, Flight Envelope Protection System, GPS","Air Data Computer, TCAS, GPS","Air Data Computer, Flight Envelope Protection System, Stall Warning /Protection System","Evionica"
"Instrumentation – Q2 022.02","Q2 022.02 Q0010","What pressure input does altimeter require?","Static pressure","Dynamic pressure","Total pressure","Total pressure and static pressure","Static pressure","Evionica"
"Instrumentation – Q2 022.02","Q2 022.02 Q0011","What is the definition of pressure altitude?","Vertical distance above level, where atmospheric pressure is 1,013.25 hPa","Vertical distance above ground level","Vertical distance above airport","Vertical distance above mean sea level (MSL)","Vertical distance above level, where atmospheric pressure is 1,013.25 hPa","Evionica"
"Instrumentation – Q2 022.02","Q2 022.02 Q0012","What will be displayed on the altimeter set to QFE immediately before take-off?","Zero","Airport elevation","Altitude above mean sea level","Decision height","Zero","Evionica"
"Instrumentation – Q2 022.02","Q2 022.02 Q0013","What errors does barometric altimeter suffer from? Select the most complete answer.","All answers are correct","Instrument","Position and manoeuvre induced","Temperature error and time lag","All answers are correct","Evionica"
"Instrumentation – Q2 022.02","Q2 022.02 Q0014","What will the barometric altimeter indicate in case of static source blockage?","Indicate constant altitude during climb, level flight and descent","Indicate zero","Underread during descent","Overread during climb","Indicate constant altitude during climb, level flight and descent","Evionica"
"Instrumentation – Q2 022.02","Q2 022.02 Q0015","Which pressure input is required in vertical speed","Static pressure","Total pressure","Total pressure and static pressure","Dynamic pressure","Static pressure","Evionica"
"Instrumentation – Q2 022.02","Q2 022.02 Q0016","Which errors does VSI suffer from? Select the most complete answer.","Instrument, position and manoeuvre induced errors","Density error","all answers are correct","Temperature error","Instrument, position and manoeuvre induced errors","Evionica"
"Instrumentation – Q2 022.02","Q2 022.02 Q0017","What problem is greatly reduced by instantaneous vertical speed indicator?","Time lag","Instrument error","Density error","Position and density error","Time lag","Evionica"
"Instrumentation – Q2 022.02","Q2 022.02 Q0018","What will the vertical speed indicator read in case of static source blockage?","Indicates zero during climb and descent","Indicates decreasing rate of climb in climb","Indicates the rate of climb at the time of blockage","Indicates normally","Indicates zero during climb and descent","Evionica"
"Instrumentation – Q2 022.02","Q2 022.02 Q0019","What will be indicated on VSI and IVSI in the turbulent conditions in level flight?","VSI indicates zero and IVSI indicates small fluctuations","Both indicate small fluctuations","Both of them indicate zero","IVSI indicates zero and VSI indicates small fluctuations","VSI indicates zero and IVSI indicates small fluctuations","Evionica"
"Instrumentation – Q2 022.02","Q2 022.02 Q0020","What is the advantage of the logarithmic scale over the linear scale on vertical speed indicator?","At low climb/descent rates the pointer movement is larger, so it is easier to read","The time lag is reduced","The readings are more accurate","There is a greater range of indications","At low climb/descent rates the pointer movement is larger, so it is easier to read","Evionica"
"Instrumentation – Q2 022.02","Q2 022.02 Q0021","What inputs does the airspeed indicator require?","Total and static pressure","Only static pressure","Total pressure and temperature","Only total pressure","Total and static pressure","Evionica"
"Instrumentation – Q2 022.02","Q2 022.02 Q0022","What does the green arc on airspeed indicator denote?","Normal operating range from stall speed up to the normal operating speed limit","Flap opearting range","Takeoff speed range","Best rate of climb speed range","Normal operating range from stall speed up to the normal operating speed limit","Evionica"
"Instrumentation – Q2 022.02","Q2 022.02 Q0023","What errors does airspeed indicator suffer from?","Instrument, position, manoeuvre induced, density, compressibility errors","Density and compressibility errors and time lag","Instrument, temperature and position","Temperature, time lag and density","Instrument, position, manoeuvre induced, density, compressibility errors","Evionica"
"Instrumentation – Q2 022.02","Q2 022.02 Q0024","What is the correct order of airspeed corrections?","Position and instrument error, compressibility, density corrections","Density, Compressibility position and instrument corrections","Density, position and instrument, compressibility corrections","Compressibility, density, position and instrument corrections","Position and instrument error, compressibility, density corrections","Evionica"
"Instrumentation – Q2 022.02","Q2 022.02 Q0025","What are the effects of pitot tube blockage on the airspeed indicator?","ASI indicates a constant speed in level flight, overreads in a climb and underreads in descent","ASI indicates constant speed during all stages of flight","ASI indicates zero","There will be no negative impact on ASI","ASI indicates a constant speed in level flight, overreads in a climb and underreads in descent","Evionica"
"Instrumentation – Q2 022.02","Q2 022.02 Q0026","What are emergency procedures in case of unreliable airspeed indication? Select the most complete answer.","All answers are correct","Fly at pitch attitude typical for the stage of flight","Use GPS to calculate airspeed","Fly at power settings typical for the stage of flight","All answers are correct","Evionica"
"Instrumentation – Q2 022.02","Q2 022.02 Q0027","What is the correct relationship between Mach number (M), Local speed of sound (LSS) and True airspeed (TAS)?","M = TAS/LSS","M = TAS * LSS","LSS = M/TAS","TAS = M/LSS","M = TAS/LSS","Evionica"
"Instrumentation – Q2 022.02","Q2 022.02 Q0028","What are the machmeter errors? Select the most complete answer.","Instrument, position and manoeuvre induced","Instrument, position and temperature","Position, manoeuvre induced and compressibility","Instrument, temperature, density and compressibility","Instrument, position and manoeuvre induced","Evionica"
"Instrumentation – Q2 022.02","Q2 022.02 Q0029","In case of pitot line blockage, what will the Machmeter indicate?","Overread in climb and underread in descent","Underread in climb and overread in descent","Underread at all times","Indicate zero","Overread in climb and underread in descent","Evionica"
"Instrumentation – Q2 022.02","Q2 022.02 Q0030","How should the climb in ISA conditions be performed to ensure that Mmo (maximum Mach number) will not be exceeded?","The first part of the climb should be performed at constant CAS and then the last part at constant M","Climb should be performed at constant TAS","The first part should be performed at constant M and then the last part at constant CAS","Climb should be performed at constant IAS","The first part of the climb should be performed at constant CAS and then the last part at constant M","Evionica"
"Instrumentation – Q2 022.02","Q2 022.02 Q0031","What are the possible outputs of digital ADC (Air Data Computer)? Select the most complete answer.","All answers are correct","Altitude, vertical speed, TAS, Mach number","TAT, SAT","angle of attack","All answers are correct","Evionica"
"Instrumentation – Q2 022.02","Q2 022.02 Q0032","In modern aircraft with digital ADC (Air Data Computer), which instruments are fed from standby pitot and standby static source? Select the most complete answer.","Standby altimeter and standby ASI","All answer are correct","Standby VSI","Standby Machmeter","Standby altimeter and standby ASI","Evionica"
"Instrumentation – Q3 022.03","Q3 022.03 Q0001","Permanent magnets _____.","remain magnetised even if external magnetic field is removed","are temporarily magnetised","belong to soft iron group of ferromagnetics","are created artificially","remain magnetised even if external magnetic field is removed","Evionica"
"Instrumentation – Q3 022.03","Q3 022.03 Q0002","What are the names of magnet's poles?","North and south","Plus and minus","East and west","True and magnetic","North and south","Evionica"
"Instrumentation – Q3 022.03","Q3 022.03 Q0003","A freely suspended magnet aligns itself _____.","in a north-south direction","with aircraft's longitudinal axis","in an east-west direction","in a direction set by the pilot","in a north-south direction","Evionica"
"Instrumentation – Q3 022.03","Q3 022.03 Q0004","Where does the Earth's magnetic field originate?","Core","Atmosphere","Stiffer mantle","Crust","Core","Evionica"
"Instrumentation – Q3 022.03","Q3 022.03 Q0005","Magnetic variation or declination is _____.","the angle in the horizontal plane between the magnetic north and geographical north","the angle in vertical plabe between magnetic north and geographical north","the angle between true north and geographical north in the horizontal plane","the angle between the axis of the magnet and the horizontal plane","the angle in the horizontal plane between the magnetic north and geographical north","Evionica"
"Instrumentation – Q3 022.03","Q3 022.03 Q0006","Given the true heading of 125° and east variation of 8°, what is the magnetic heading?","117°","133°","109°","No answer is correct","117°","Evionica"
"Instrumentation – Q3 022.03","Q3 022.03 Q0007","Given the true heading of 220° with variation west of 5°, what is the magnetic heading?","225°","215°","44°","No answer is correct","225°","Evionica"
"Instrumentation – Q3 022.03","Q3 022.03 Q0008","Given the magnetic heading of 289° with variation west of 3°, what is the true heading?","286°","289°","292°","No answer is correct","286°","Evionica"
"Instrumentation – Q3 022.03","Q3 022.03 Q0009","Magnetic dip or inclination is _____.","the angle between the horizontal plane and the direction of the magnetic field","the angle in the horizontal plane between the true north and the geographical north","the angle between the vertical plane and the direction of the magnetic field","the angle in the horizontal plane between the magnetic north and geographical north","the angle between the horizontal plane and the direction of the magnetic field","Evionica"
"Instrumentation – Q3 022.03","Q3 022.03 Q0010","Why is the magnetic compass useless at the poles?","Because there is zero directive force","Because the vertical component of the magnatec field is zero","Because the magnetic dip is 0°","Because the magnetic disturbance at the poles makes it impossible to get accurate reading","Because there is zero directive force","Evionica"
"Instrumentation – Q3 022.03","Q3 022.03 Q0011","In which devices may the permanent magnets be used? I - Magnetic chip detector, II - Gyroscope, III - Direct reading compass, IV - Remote reading compass, V - Flux valve, VI - Electric generator","I, III and VI","I, II, III, IV, V, and VI","I, III, and IV","II, IV, and V","I, III and VI","Evionica"
"Instrumentation – Q3 022.03","Q3 022.03 Q0012","Which of the following statements is true?","Permanent magnets remain magnetised even if external magnetic field is removed","Pure iron and pure silicon are examples of permanent magnets","Soft irons remain magnbetised even if external magnetic field is removed","Hard irons retail little or no magnetic properties when the external magnetic field is removed","Permanent magnets remain magnetised even if external magnetic field is removed","Evionica"
"Instrumentation – Q3 022.03","Q3 022.03 Q0013","_____ is the angular difference between the compass north and the magnetic north.","Magnetic deviation","Magnetic variation","Magnetic dip","Magnetic inclination","Magnetic deviation","Evionica"
"Instrumentation – Q3 022.03","Q3 022.03 Q0014","The inclination of the Earth's magnetic field at the North Magnetic Pole is equal to _____.","90°","0°","45°","180°","90°","Evionica"
"Instrumentation – Q3 022.03","Q3 022.03 Q0015","At the Earth's magnetic poles the lines of the magnetic field are _____.","vertical","horizontal","at 45° angle with the local vertical","at right angle to the geographical equator","vertical","Evionica"
"Instrumentation – Q3 022.03","Q3 022.03 Q0016","Which statement regarding the Earth's magnetic poles is true?","The position of the Earth's magnetic poles change over time","The Earth's magnetic poles are located at the geographical poles","The position of the Earth's magnetic poles is constant","The Earth's magetic poles are located near the equator","The position of the Earth's magnetic poles change over time","Evionica"
"Instrumentation – Q3 022.03","Q3 022.03 Q0017","The magnetic dip at the North magnetic pole is equal to ____","90°","0°","45°","180°","90°","Evionica"
"Instrumentation – Q3 022.03","Q3 022.03 Q0018","At the magnetic equator, the magnetic dip is equal to _____.","0°","90°","180°","45°","0°","Evionica"
"Instrumentation – Q3 022.03","Q3 022.03 Q0019","Which of the following statements is/are true? I - Same poles attract each other, II - Same poles repel each other, III - Magnetic monopoles exist, IV - Magnetic monopoles do not exist","II and IV","I and III","I and IV","II and III","II and IV","Evionica"
"Instrumentation – Q3 022.03","Q3 022.03 Q0020","Given the magnetic heading of 078° and east variation of 4°, what is the true heading?","082°","078°","074°","092°","082°","Evionica"
"Instrumentation – Q3 022.03","Q3 022.03 Q0021","What is the purpose of the compass calibration? Select the most complete answer.","To reduce the difference between compass north and magnetic north","To reduce the difference between compass north and true north","To reduce the difference between true north and magnetic north","All answers are correct","To reduce the difference between compass north and magnetic north","Evionica"
"Instrumentation – Q3 022.03","Q3 022.03 Q0022","What are the errors associated with a direct reading compass? Select the most complete answer.","All answers are correct","Acceleration and deceleration","Turning","Pitching up and down","All answers are correct","Evionica"
"Instrumentation – Q3 022.03","Q3 022.03 Q0023","What should be used to obtain the magnetic heading from the true heading?","Magnetic declination map","Magnetic inclination map","Deviation card","This was the wrong answer
Compass swinging curve","Magnetic declination map","Evionica"
"Instrumentation – Q3 022.03","Q3 022.03 Q0024","What should be used to obtain the compass heading from the magnetic heading?","Compass deviation card","Magnetic inclination map","Magnetic variation card","Magnetic declination map","Compass deviation card","Evionica"
"Instrumentation – Q3 022.03","Q3 022.03 Q0025","The purpose of compass calibration is to reduce _____.","deviation","inclination","declination","acceleration error","deviation","Evionica"
"Instrumentation – Q3 022.03","Q3 022.03 Q0026","The landing (datum) compass is _____.","used as a reference during a compass swing procedure","a compass used for landing","a compass with a 'bug' that can be set on the runway direction for landing","a compass rose painted on the ground at the aerodromes to indicate cardinal directions","used as a reference during a compass swing procedure","Evionica"
"Instrumentation – Q3 022.03","Q3 022.03 Q0027","Which statement regarding an electromagnet is true?","In the electromagnet magnetic field is induced by the flow of an electric current","The electromagnet has positive and negative pole instead of north and south pole","In the electromagnet magnetic field is induced by the static electricity","The electromagnet is a type of soft iron bar","In the electromagnet magnetic field is induced by the flow of an electric current","Evionica"
"Instrumentation – Q3 022.03","Q3 022.03 Q0028","In the compass swing procedure _____.","the effect of soft and hard iron magnetism on a compass is determined","the residual deviation is corrected","the deviation due to sof and hard iron magnetism is corrected","only the deviation due to soft iron magnetism is corrected","the effect of soft and hard iron magnetism on a compass is determined","Evionica"
"Instrumentation – Q3 022.03","Q3 022.03 Q0029","What is the purpose of the compass compensation?","To correct for deviations","To determine the residual deviations","To correct for magnetic inclination","To correct for magnetic variation","To correct for deviations","Evionica"
"Instrumentation – Q3 022.03","Q3 022.03 Q0030","What is the purpose of the compass calibration?","To determine the residual deviations","To correct for magnetic deviations","To correct for magnetic variation","To correct for magnetic inclination","To determine the residual deviations","Evionica"
"Instrumentation – Q3 022.03","Q3 022.03 Q0031","Which action will give an error on a direct reading compass? Select the most complete answer.","Acceleration of deceleration on east/west headings","Acceleration and deceleration on north/south headings","All answers are correct","Turning throught east or west headings","Acceleration of deceleration on east/west headings","Evionica"
"Instrumentation – Q3 022.03","Q3 022.03 Q0032","In the northern hemisphere, during deceleration in a northerly direction, the direct reading compass will indicate _____.","no apparent turn","an apparent turn to the east","an apparent turn to the west","apparent turn to the south","no apparent turn","Evionica"
"Instrumentation – Q3 022.03","Q3 022.03 Q0033","In the northern hemisphere, when accelerating on an east heading, the direct reading compass will indicate _____.","an apparent turn to the north","an apparent turn to the south","apparent turn to the west","no apparent turn","an apparent turn to the north","Evionica"
"Instrumentation – Q3 022.03","Q3 022.03 Q0034","In the southern hemisphere, when decelerating on a west heading, the direct reading compass will indicate _____.","an apparent turn to the north","no apparent turn","an apparent turn to the south","apparent turn to the west","an apparent turn to the north","Evionica"
"Instrumentation – Q3 022.03","Q3 022.03 Q0035","In the southern hemisphere, when accelerating on a south heading, the direct reading compass will indicate _____.","no apparent turn","an apparent turn to the south","an apparent turn to the west","an apparent turn to the east","no apparent turn","Evionica"
"Instrumentation – Q3 022.03","Q3 022.03 Q0036","Let us assume a rate 2 turn from south-east to the south-west in the northern hemisphere. On what heading should the pilot stop the turn?","245°","205°","225°","215°","245°","Evionica"
"Instrumentation – Q3 022.03","Q3 022.03 Q0037","Let us assume a rate 2 turn from east to the south-west in the southern hemisphere. On what heading should the pilot stop the turn?","215°","230°","245°","250°","215°","Evionica"
"Instrumentation – Q3 022.03","Q3 022.03 Q0038","Which statement regarding turning on the northern hemisphere is true?","When turning through north the pilot should undershoot and when turning through south the pilot should overshoot","When turning through north the pilot should overshoot and when turning through south the pilot should undershoot","When turning through east the pilot should undershoot and when turning through west the pilot should overshoot","When turning through east the pilot should overshoot and when turning through west the pilot should undershoot","When turning through north the pilot should undershoot and when turning through south the pilot should overshoot","Evionica"
"Instrumentation – Q3 022.03","Q3 022.03 Q0039","Which statement regarding turning on the southern hemisphere is true?","When turning through north the pilot should overshoot and when turning through south the pilot should undershoot","When turning through north the pilot should undershoot and when turning through south the pilot should overshoot","When turning through east the pilot should undershoot and when turning through west the pilot should overshoot","When turning through east the pilot should overshoot and when turning through west the pilot should undershoot","When turning through north the pilot should overshoot and when turning through south the pilot should undershoot","Evionica"
"Instrumentation – Q3 022.03","Q3 022.03 Q0040","What is the cause of the turning error in a direct reading compass?","The vertical component of the Earth's magnetic field","The horizontal component of the Earth's magnetic field","Deviation","Shuller oscillations","The vertical component of the Earth's magnetic field","Evionica"
"Instrumentation – Q3 022.03","Q3 022.03 Q0041","The aircraft turns to the right with the initial heading of 071°, what will be the reading of the direct reading compass after 30 seconds?","161°","341°","019°","101°","161°","Evionica"
"Instrumentation – Q3 022.03","Q3 022.03 Q0042","What is the purpose of having the centre of gravity below the pivot point in the card-type magnetic compass?","To compensate for the vertical component of the Earth's magnetic field","To compensate for the horizontal component of the Earth's magnetic field","To minimise the sensitivity to hard and soft iron magnetism","To reduce the system's pendulosity","To compensate for the vertical component of the Earth's magnetic field","Evionica"
"Instrumentation – Q3 022.03","Q3 022.03 Q0043","What is the purpose of the flux valve?","To sense the direction of the Earth's magnetic field","To measure the strength of the earth's magentic field","To provide flux for the automatic slaving system","To get the maximum voltage in the pick-op coils","To sense the direction of the Earth's magnetic field","Evionica"
"Instrumentation – Q3 022.03","Q3 022.03 Q0044","The flux valve _____.","is supplied with AC","is supplied with DC","is made of hard iron steel","has its own exciter unit","is supplied with AC","Evionica"
"Instrumentation – Q3 022.03","Q3 022.03 Q0045","The flux valve is usually mounted _____.","at the wing tip","near the engines","in the cockpit","at the undercarriage","at the wing tip","Evionica"
"Instrumentation – Q3 022.03","Q3 022.03 Q0046","What is the sensing part of the flux valve?","Three pick-up coils","One pick-up coil","The exciter coil","The permanent magnet","Three pick-up coils","Evionica"
"Instrumentation – Q3 022.03","Q3 022.03 Q0047","Flux valve information is used in _____.","the remote reading compass","the direct reading compass","the Air Data Computer (ADC)","the Direction Gyro Indicator (DGI)","the remote reading compass","Evionica"
"Instrumentation – Q3 022.03","Q3 022.03 Q0048","Which are advantages of a flux valve over a direct reading compass? Select the most complete answer.","All answers are correct","The flux valve is subjected to weaker deviation than the direct reading compass","The flux valve can supply other instruments with signal","The flux valve does not suffer the same magnitude of acceleration and turning errors","All answers are correct","Evionica"
"Instrumentation – Q4 022.04","Q4 022.04 Q0001","What affects the gyroscope's rigidity? Select the most complete answer.","All answers are correct","Moment of inertia","Angular velocity","External force","All answers are correct","Evionica"
"Instrumentation – Q4 022.04","Q4 022.04 Q0002","Assume a force is applied to deflect gyroscope. How will the precession rate change, if the angular velocity has doubled?","Precession rate will decrease","Precession rate will increase","Precession is not dependent on the angular velocity","Precession rate will remain the same","Precession rate will decrease","Evionica"
"Instrumentation – Q4 022.04","Q4 022.04 Q0003","What definition describes the gyroscope drift?","Wander of a gyroscope's spin axis in the horizontal plane.","Change of gyroscope's precession rate","Wander of a gyroscope's spin axis in vertical plane","Change of gyroscope's spinning velocity","Wander of a gyroscope's spin axis in the horizontal plane.","Evionica"
"Instrumentation – Q4 022.04","Q4 022.04 Q0004","What can cause real (random) wander of a gyroscope?","Rotor mass imbalance, gimbal imbalance, uneven bearing friction","Earth's rotation","Gyroscopes movement across the Earth","Change of gyroscope's angular velocity","Rotor mass imbalance, gimbal imbalance, uneven bearing friction","Evionica"
"Instrumentation – Q4 022.04","Q4 022.04 Q0005","What can cause apparent wander of a gyroscope?","Earth's rotation","Gimbal imbalance","Friction in bearings","External force applied","Earth's rotation","Evionica"
"Instrumentation – Q4 022.04","Q4 022.04 Q0006","What is the main component of the rate of turn indicator?","Horizontal axis rate gyro with one gimbal","Vertical axis rate gyro with one gimbal","Horizontal axis rate gyro with two gimbals","Vertical axis rate gyro with two gimbals","Horizontal axis rate gyro with one gimbal","Evionica"
"Instrumentation – Q4 022.04","Q4 022.04 Q0007","With reference to slip indicator, to perform a coordinated turn, which is true about the resultant force acting on ball?","It must be aligned with aircraft's vertical axis","It must be aligned with aircraft's horizontal axis","It must be equal to zero","It must be smaller than the centripetal force acting on the ball","It must be aligned with aircraft's vertical axis","Evionica"
"Instrumentation – Q4 022.04","Q4 022.04 Q0008","What does the attitude indicator (artificial horizon) provide?","Attitude in pitch and roll","Position in pitch and roll","Position in latitude and longitude","Attitude in latitude and longitude","Attitude in pitch and roll","Evionica"
"Instrumentation – Q4 022.04","Q4 022.04 Q0009","What are the attitude indicator (artificial horizon) errors?","Acceleration (take-off) and turning errors","Position and take-off errors","Acceleration and manoeuvre induced errors","Turning and manoeuvre induced errors","Acceleration (take-off) and turning errors","Evionica"
"Instrumentation – Q4 022.04","Q4 022.04 Q0010","What is the air driven gyroscope likely to indicate during take-off?","Incorrect turn to right","Incorrect turn to left","Increased nose up attitude","False descending","Incorrect turn to right","Evionica"
"Instrumentation – Q4 022.04","Q4 022.04 Q0011","What is the main component of the directional Gyro Indicator (DGI)?","Horizontal gyroscope aligned with aircraft's longitudinal axis","Horizontal gyroscope aligned with aircraft's lateral axis","Vertical gyroscope aligned with aircraft's vertical axis","Vertical gyroscope aligned with Earth's gravity","Horizontal gyroscope aligned with aircraft's longitudinal axis","Evionica"
"Instrumentation – Q4 022.04","Q4 022.04 Q0012","Which is the formula used to calculate apparent wander of a directional gyro?","15° times sine of latitude per hour","45° times sine of latitude per hour","30° times sine of latitude per hour","-30° times sine of latitude per hour","15° times sine of latitude per hour","Evionica"
"Instrumentation – Q4 022.04","Q4 022.04 Q0013","What is the main component of the remote reading compass?","Flux valve and horizontal gyroscope","Flux valve and vertical gyroscope","Horizontal and vertical gyroscope","Vertical gyroscope aligned with Earth's gravity","Flux valve and horizontal gyroscope","Evionica"
"Instrumentation – Q4 022.04","Q4 022.04 Q0014","What are remote reading compass advantages?","Turning and acceleration error and gyro drifting error eliminated","Turning and acceleration error eliminated","Turning and manoeuvre induced error eliminated","Time lag and gyro drifting errors eliminated","Turning and acceleration error and gyro drifting error eliminated","Evionica"
"Instrumentation – Q4 022.04","Q4 022.04 Q0015","With reference to the remote reading compass, how does it work in slave mode?","With magnetic monitoring","Without magnetic monitoring","With GPS assist","Without horizontal gyro indications","With magnetic monitoring","Evionica"
"Instrumentation – Q4 022.04","Q4 022.04 Q0016","What does the Attitude and Heading Reference System (AHRS) consist of? Select the most complete answer.","All answers are correct","Accelerometers","Solid state gyroscopes","Magnetometers","All answers are correct","Evionica"
"Instrumentation – Q4 022.04","Q4 022.04 Q0017","What is the precession of a gyroscope?","Reaction to the applied force precessed by 90 deg in the direction of spinning","Ability to maintain constant spin axis","Device used to suspend the gyroscope","Tendency of the gyroscope to point to the true north","Reaction to the applied force precessed by 90 deg in the direction of spinning","Evionica"
"Instrumentation – Q4 022.04","Q4 022.04 Q0018","What is the maximum drift of a gyroscope due to Earth rate?","15° per hour","45° per hour","5° per hour","180° per hour","15° per hour","Evionica"
"Instrumentation – Q4 022.04","Q4 022.04 Q0019","With reference to turn and slip indicator, when the ball and the needle point to the left, what does it indicate?","Turning to the left with too big bank angle","Turning to the left with too small bank angle","Turning to the right with too big bank angle","Turning to the right will too small bank angle","Turning to the left with too big bank angle","Evionica"
"Instrumentation – Q4 022.04","Q4 022.04 Q0020","With reference to turn and slip indicator, when the ball points to the right and the needle points to the left, what does it indicate?","Turning to the left with too small bank angle","Turning to the right will too small bank angle","Turning to the left with too big bank angle","Turning to the right with too big bank angle","Turning to the left with too small bank angle","Evionica"
"Instrumentation – Q4 022.04","Q4 022.04 Q0021","Which gyroscope property is used by the rate of turn indicator?","Precession","Rigidity","Maintaining constant spin axis","Maintaining constant rpm","Precession","Evionica"
"Instrumentation – 022.05","022.05 Q0001","What are Inertial Navigation System advantages? Select the most complete answer.","All answers are correct","Option 2","Option 3","Option 4","All answers are correct","Synthesized"
"Instrumentation – 022.05","022.05 Q0002","What are the examples of bounded errors of INS?","Platform misalignment, accelerometers bias, 1st stage integrator error","Option 2","Option 3","Option 4","Platform misalignment, accelerometers bias, 1st stage integrator error","Synthesized"
"Instrumentation – 022.05","022.05 Q0003","What are the examples of unbounded errors of INS?","Azimuth misalignment, Gyro's wander, 2nd stage integrator error","Option 2","Option 3","Option 4","Azimuth misalignment, Gyro's wander, 2nd stage integrator error","Synthesized"
"Instrumentation – 022.05","022.05 Q0004","With regard to IRS modes, what is displayed in PPOS mode?","Latitude and longitude position","Option 2","Option 3","Option 4","Latitude and longitude position","Synthesized"
"Instrumentation – 022.05","022.05 Q0005","With regard to IRS modes, what is displayed in HDG mode?","True heading and drift angle","Option 2","Option 3","Option 4","True heading and drift angle","Synthesized"
"Instrumentation – 022.05","022.05 Q0006","Which of the following data can be obtained from the aligned Inertial Navigation System (INS)? Select the most complete answer.","All answers are correct///  
Pitch and roll attitude, true heading and acceleration","Option 2","Option 3","Option 4","All answers are correct///  
Pitch and roll attitude, true heading and acceleration","Synthesized"
"Instrumentation – 022.05","022.05 Q0007","What is the resultant after 2nd integration of north-south acceleration?","Distance in north-south","Option 2","Option 3","Option 4","Distance in north-south","Synthesized"
"Instrumentation – 022.05","022.05 Q0008","In an inertial navigation system, how is the position obtained?","Double integration of acceleration with time or single integration of speed with time","Option 2","Option 3","Option 4","Double integration of acceleration with time or single integration of speed with time","Synthesized"
"Instrumentation – 022.05","022.05 Q0009","What are the components of the Inertial Navigation unit?","Accelerometers and gyroscopes","Option 2","Option 3","Option 4","Accelerometers and gyroscopes","Synthesized"
"Instrumentation – 022.05","022.05 Q0010","What does the inertial navigation unit measure?","Acceleration","Option 2","Option 3","Option 4","Acceleration","Synthesized"
"Instrumentation – 022.05","022.05 Q0011","How can Inertial Reference System performance be assessed?","By checking the residual speed of stationary aircraft","Option 2","Option 3","Option 4","By checking the residual speed of stationary aircraft","Synthesized"
"Instrumentation – 022.05","022.05 Q0012","On what effect is the principle of operation of laser ring gyroscope based on?","Sagnac","Option 2","Option 3","Option 4","Sagnac","Synthesized"
"Instrumentation – 022.05","022.05 Q0013","To display groundspeed calculated by Inertial Reference System, which mode should be selected?","TK/GS","Option 2","Option 3","Option 4","TK/GS","Synthesized"
"Instrumentation – 022.06 (1)","022.06 (1) Q0001","What are the main purposes of Automatic Flight Control System (AFCS)? Select the most complete answer","AFCS enhances controls of the aircraft, as it can execute manoeuvres faster and with better accuracy than a human operator and reduces pilots’ workload by taking some tasks away from the pilot","Option 2","Option 3","Option 4","AFCS enhances controls of the aircraft, as it can execute manoeuvres faster and with better accuracy than a human operator and reduces pilots’ workload by taking some tasks away from the pilot","Synthesized"
"Instrumentation – 022.06 (1)","022.06 (1) Q0002","What are two functions of Automatic Flight Control System (AFCS)? Select the most complete answer","Control and guidance","Option 2","Option 3","Option 4","Control and guidance","Synthesized"
"Instrumentation – 022.06 (1)","022.06 (1) Q0003","Q0003 : What are two major control principles that Automatic Flight Control System (AFCS) can follow?","Closed (inner) loop and open (outer) loop","Option 2","Option 3","Option 4","Closed (inner) loop and open (outer) loop","Synthesized"
"Instrumentation – 022.06 (1)","022.06 (1) Q0004","What is the difference between the closed loop and the open loop systems?","Unlike in the closed loop system, in the open loop system the outer loop does not have feedback","Option 2","Option 3","Option 4","Unlike in the closed loop system, in the open loop system the outer loop does not have feedback","Synthesized"
"Instrumentation – 022.06 (1)","022.06 (1) Q0005","Q0005 : How does the presence of the human operator change the way open loop system operates?","When human operator is introduced, the open loop becomes closed","Option 2","Option 3","Option 4","When human operator is introduced, the open loop becomes closed","Synthesized"
"Instrumentation – 022.06 (1)","022.06 (1) Q0006","What is the cause of self-induced oscillations?","Aircraft missing the desired attitude and the control system overcorrecting the difference","Option 2","Option 3","Option 4","Aircraft missing the desired attitude and the control system overcorrecting the difference","Synthesized"
"Instrumentation – 022.06 (1)","022.06 (1) Q0007","How can the self-induced oscillations be counteracted?","By disengaging the Autopilot (A/P), taking manual control of the aircraft and using smooth control inputs","Option 2","Option 3","Option 4","By disengaging the Autopilot (A/P), taking manual control of the aircraft and using smooth control inputs","Synthesized"
"Instrumentation – 022.06 (1)","022.06 (1) Q0008","What are the 3 basic control channels corresponding to the angle orientation?","Roll, pitch, yaw","Option 2","Option 3","Option 4","Roll, pitch, yaw","Synthesized"
"Instrumentation – 022.06 (1)","022.06 (1) Q0009","Which control channel is controlled in a single-axis autopilot? Select the most complete answer","Roll","Option 2","Option 3","Option 4","Roll","Synthesized"
"Instrumentation – 022.06 (1)","022.06 (1) Q0010","Which control channels are controlled in a two-axis autopilot? Select the most complete answer","None of the answers is correct","Option 2","Option 3","Option 4","None of the answers is correct","Synthesized"
"Instrumentation – 022.06 (1)","022.06 (1) Q0011","Which control channels are controlled in a three-axis autopilot? Select the most complete answer","Roll, pitch and yaw","Option 2","Option 3","Option 4","Roll, pitch and yaw","Synthesized"
"Instrumentation – 022.06 (1)","022.06 (1) Q0012","In a system providing stabilisation for the aircraft, what addition is required to provide guidance along the flight path?","A second outer loop which compares the current flight path with the desired flight path and based on the difference sends correction commands","Option 2","Option 3","Option 4","A second outer loop which compares the current flight path with the desired flight path and based on the difference sends correction commands","Synthesized"
"Instrumentation – 022.06 (1)","022.06 (1) Q0013","Why does the autopilot with only stabilising function not necessarily require any user interface other than the on/off switch?","Because it's got only one function - either it keeps the current attitude or it does not","Option 2","Option 3","Option 4","Because it's got only one function - either it keeps the current attitude or it does not","Synthesized"
"Instrumentation – 022.06 (1)","022.06 (1) Q0014","What does it mean that only one mode can be active in a single channel at any time?","The Autopilot (A/P) cannot control two parameters using a single control channel - for example it cannot both hold the altitude and keep the speed constant by changing pitch","Option 2","Option 3","Option 4","The Autopilot (A/P) cannot control two parameters using a single control channel - for example it cannot both hold the altitude and keep the speed constant by changing pitch","Synthesized"
"Instrumentation – 022.06 (1)","022.06 (1) Q0015","How is the track mode (TRK) more advanced than the heading mode (HGD)?","Because TRK guides the aircraft along a selected track taking the effect of wind into account, using information provided by additional systems","Option 2","Option 3","Option 4","Because TRK guides the aircraft along a selected track taking the effect of wind into account, using information provided by additional systems","Synthesized"
"Instrumentation – 022.06 (1)","022.06 (1) Q0016","Q0016 : What is the difference between the Vertical Speed (V/S) and the Flight Path Angle (FPA) modes?","In V/S mode the autopilot maintains a constant vertical speed, while in FPA mode it maintains a constant angle between the flight path and the horizon","Option 2","Option 3","Option 4","In V/S mode the autopilot maintains a constant vertical speed, while in FPA mode it maintains a constant angle between the flight path and the horizon","Synthesized"
"Instrumentation – 022.06 (1)","022.06 (1) Q0017","In which phases of the flight is the Speed Reference System (SRS) used? Select the most complete answer","SRS is used during take-off and go-around","Option 2","Option 3","Option 4","SRS is used during take-off and go-around","Synthesized"
"Instrumentation – 022.06 (1)","022.06 (1) Q0018","Which of these is NOT an example of Autopilot (A/P) inputs?","Destination aerodrome","Option 2","Option 3","Option 4","Destination aerodrome","Synthesized"
"Instrumentation – 022.06 (1)","022.06 (1) Q0019","What is the purpose of the Flight Mode Annunciator (FMA)?","FMA is used to inform the pilots about the current state of the A/P system","Option 2","Option 3","Option 4","FMA is used to inform the pilots about the current state of the A/P system","Synthesized"
"Instrumentation – 022.06 (1)","022.06 (1) Q0020","What does it mean that an autopilot mode is armed?","If a mode is armed, it means that it is ready to start guiding the aircraft as soon as engagement criteria are met","Option 2","Option 3","Option 4","If a mode is armed, it means that it is ready to start guiding the aircraft as soon as engagement criteria are met","Synthesized"
"Instrumentation – 022.06 (1)","022.06 (1) Q0021","Place the phases of guidance in order in which they appear during aircraft operation I. Attitude change II. Selection of a new parameter III. Capture phase IV. Aircraft following new trajectory","II, I, III, IV","Option 2","Option 3","Option 4","II, I, III, IV","Synthesized"
"Instrumentation – 022.06 (1)","022.06 (1) Q0022","What is the function of the Autopilot (A/P) synchronisation?","It prevents the A/P from engaging when the aircraft is not trimmed","Option 2","Option 3","Option 4","It prevents the A/P from engaging when the aircraft is not trimmed","Synthesized"
"Instrumentation – 022.06 (1)","022.06 (1) Q0023","Why using manual trim when the Autopilot (A/P) is engaged can be dangerous?","Using manual trim will usually cause a disconnection of the A/P, while change of trim and sudden disappearance of control inputs will cause the aircraft to change attitude rapidly","Option 2","Option 3","Option 4","Using manual trim will usually cause a disconnection of the A/P, while change of trim and sudden disappearance of control inputs will cause the aircraft to change attitude rapidly","Synthesized"
"Instrumentation – 022.06 (1)","022.06 (1) Q0024","What is the consequence of an Autopilot (A/P) mode reversion?","In case of an A/P mode reversion, the A/P reverts to a simpler mode if guiding the aircraft in the more complex mode is not feasible any more","Option 2","Option 3","Option 4","In case of an A/P mode reversion, the A/P reverts to a simpler mode if guiding the aircraft in the more complex mode is not feasible any more","Synthesized"
"Instrumentation – 022.06 (1)","022.06 (1) Q0025","Why during approach and landing multiple Autopilots (A/Ps) are engaged at the same time?","During approach and landing multiple A/Ps can be engaged at the same time in order to execute a fail-safe auto-land","Option 2","Option 3","Option 4","During approach and landing multiple A/Ps can be engaged at the same time in order to execute a fail-safe auto-land","Synthesized"
"Instrumentation – 022.06 (1)","022.06 (1) Q0026","What happens when the Autopilot (A/P) is in the Control Wheel Steering (CWS) mode, and controls are deflected and released without returning to neutral?","The aircraft keeps that attitude, as if it had neutral static stability","Option 2","Option 3","Option 4","The aircraft keeps that attitude, as if it had neutral static stability","Synthesized"
"Instrumentation – 022.06 (2)","022.06 (2) Q0001","What is the function of the Flight Director (FD)?","FD shows the pilots how they should steer the aircraft by displaying the calculated attitude needed to maintain a selected trajectory","Option 2","Option 3","Option 4","FD shows the pilots how they should steer the aircraft by displaying the calculated attitude needed to maintain a selected trajectory","Synthesized"
"Instrumentation – 022.06 (2)","022.06 (2) Q0002","How is the design of the Flight Director (FD) different from the design of the Autopilot (A/P)?","The FD can be thought of as the outer loop of the A/P system, but instead of sending the desired attitude to the inner loop, it displays it to the pilot","Option 2","Option 3","Option 4","The FD can be thought of as the outer loop of the A/P system, but instead of sending the desired attitude to the inner loop, it displays it to the pilot","Synthesized"
"Instrumentation – 022.06 (2)","022.06 (2) Q0003","How should Flight Director (FD) be used in flight without the Autopilot (A/P)?","When using the FD without A/P engaged, the FD commands should be followed as closely as possible","Option 2","Option 3","Option 4","When using the FD without A/P engaged, the FD commands should be followed as closely as possible","Synthesized"
"Instrumentation – 022.06 (2)","022.06 (2) Q0004","How is Flight Mode Annunciator (FMA) used to operate the Autopilot (A/P)?","FMA is not used to operate the A/P or FD, It only displays the current status of the system","Option 2","Option 3","Option 4","FMA is not used to operate the A/P or FD, It only displays the current status of the system","Synthesized"
"Instrumentation – 022.06 (2)","022.06 (2) Q0005","Why both armed and engaged modes are displayed on the Flight Mode Annunciator (FMA)?","This enhances situational awareness of the pilots, as they know not only how the aircraft behaves at the moment, but how it will behave in near future","Option 2","Option 3","Option 4","This enhances situational awareness of the pilots, as they know not only how the aircraft behaves at the moment, but how it will behave in near future","Synthesized"
"Instrumentation – 022.06 (2)","022.06 (2) Q0006","Why a mode reversion is accompanied by additional aural and visual warning, compared to a planned mode engagement?","Because mode reversion requires more pilot attention than a planned mode engagement","Option 2","Option 3","Option 4","Because mode reversion requires more pilot attention than a planned mode engagement","Synthesized"
"Instrumentation – 022.06 (2)","022.06 (2) Q0007","What is the purpose of the autoland systems?","The purpose of the autoland system is to make the landing easier for the pilot and safer for the aeroplane and everyone on board","Option 2","Option 3","Option 4","The purpose of the autoland system is to make the landing easier for the pilot and safer for the aeroplane and everyone on board","Synthesized"
"Instrumentation – 022.06 (2)","022.06 (2) Q0008","What is the alert height?","Alert height is a radio height above which the approach should be discontinued and changed into a go-around if one of the required redundant systems fails","Option 2","Option 3","Option 4","Alert height is a radio height above which the approach should be discontinued and changed into a go-around if one of the required redundant systems fails","Synthesized"
"Instrumentation – 022.06 (2)","022.06 (2) Q0009","What is the fail-passive automatic landing system?","An automatic landing system is fail-passive if no out-of-trim condition or flight path and attitude deviation occurs in the event of failure, but the landing is not completed automatically","Option 2","Option 3","Option 4","An automatic landing system is fail-passive if no out-of-trim condition or flight path and attitude deviation occurs in the event of failure, but the landing is not completed automatically","Synthesized"
"Instrumentation – 022.06 (2)","022.06 (2) Q0010","What is the fail-operational automatic landing system?","An automatic landing system is fail-operational if, in the event of a failure, the rest of the landing can be executed automatically by the remaining part of the autoland system","Option 2","Option 3","Option 4","An automatic landing system is fail-operational if, in the event of a failure, the rest of the landing can be executed automatically by the remaining part of the autoland system","Synthesized"
"Instrumentation – 022.06 (2)","022.06 (2) Q0011","What is the fail-operational hybrid landing system?","A fail-operational hybrid landing system consists of a primary fail-passive automatic landing system and a secondary independent system providing guidance for the pilot that enables them to perform the landing manually","Option 2","Option 3","Option 4","A fail-operational hybrid landing system consists of a primary fail-passive automatic landing system and a secondary independent system providing guidance for the pilot that enables them to perform the landing manually","Synthesized"
"Instrumentation – 022.06 (2)","022.06 (2) Q0012","Place the select phases of a typical autoland sequence in order in which they appear during aircraft operation I. LOC capture II. LOC armed III. FLARE IV. ROLL OUT","II, I, III, IV","Option 2","Option 3","Option 4","II, I, III, IV","Synthesized"
"Instrumentation – 022.06 (2)","022.06 (2) Q0013","Which of the following factors the autoland capability depends on? Select the most complete answer","All answers are correct","Option 2","Option 3","Option 4","All answers are correct","Synthesized"
"Instrumentation – 022.08","022.08 Q0001","Which devices enable trimming in pitch?","Elevator trim tab, variable incidence horizontal stabiliser","Option 2","Option 3","Option 4","Elevator trim tab, variable incidence horizontal stabiliser","Synthesized"
"Instrumentation – 022.08","022.08 Q0002","Which statement about auto-trim is true?","It works in pitch channel only and is active when autopilot is active","Option 2","Option 3","Option 4","It works in pitch channel only and is active when autopilot is active","Synthesized"
"Instrumentation – 022.08","022.08 Q0003","Which statement describes the runaway trim?","Failure of trimming device, in which it does not stop at desired position","Option 2","Option 3","Option 4","Failure of trimming device, in which it does not stop at desired position","Synthesized"
"Instrumentation – 022.08","022.08 Q0004","The trimmable horizontal stabilizer is positioned by the auto trim system to _____.","off-load the elevator","Option 2","Option 3","Option 4","off-load the elevator","Synthesized"
"Instrumentation – 022.08","022.08 Q0005","When does the Mach trim activate?","At high speed when the centre of pressure moves aft","Option 2","Option 3","Option 4","At high speed when the centre of pressure moves aft","Synthesized"
"Instrumentation – 022.08","022.08 Q0006","What is denoted by a green band on the pitch trim indicator?","Recommended pitch trim range for takeoff","Option 2","Option 3","Option 4","Recommended pitch trim range for takeoff","Synthesized"
"Instrumentation – 022.08","022.08 Q0007","Which statement describes the Mach Tuck?","It is the aft movement of the centre of pressure at high speeds","Option 2","Option 3","Option 4","It is the aft movement of the centre of pressure at high speeds","Synthesized"
"Instrumentation – 022.08","022.08 Q0008","What control surface does the yaw damper affect?","Rudder","Option 2","Option 3","Option 4","Rudder","Synthesized"
"Instrumentation – 022.08","022.08 Q0009","Which statement about the separate yaw damper system is true?","It moves the rudder without moving the rudder pedals","Option 2","Option 3","Option 4","It moves the rudder without moving the rudder pedals","Synthesized"
"Instrumentation – 022.08","022.08 Q0010","The yaw damper function is to minimise roll ratio in _____.","the Dutch roll","Option 2","Option 3","Option 4","the Dutch roll","Synthesized"
"Instrumentation – 022.08","022.08 Q0011","When does the Flight Envelope Protection System issue alerts?","When the aircraft exceeds some aerodynamic limits","Option 2","Option 3","Option 4","When the aircraft exceeds some aerodynamic limits","Synthesized"
"Instrumentation – 022.08","022.08 Q0012","What does the Flight Envelope Protection System in a conventional (non-fly-by-wire) aircraft offer?","Overspeed and stall protection","Option 2","Option 3","Option 4","Overspeed and stall protection","Synthesized"
"Instrumentation – 022.08","022.08 Q0013","With regard to fly-by-wire aircraft, what Flight Envelope Protection system offers? Select the most complete answer.","All answers are correct","Option 2","Option 3","Option 4","All answers are correct","Synthesized"
"Instrumentation – 022.09","022.09 Q0001","During which phases of flight the autothrust can control the thrust? Select the most complete answer.","All answers are correct","Option 2","Option 3","Option 4","All answers are correct","Synthesized"
"Instrumentation – 022.09","022.09 Q0002","The autothrottle modes are displayed on _____.","Flight Mode Annunciator (FMA)","Option 2","Option 3","Option 4","Flight Mode Annunciator (FMA)","Synthesized"
"Instrumentation – 022.09","022.09 Q0003","When the autopilot maintains trajectory, the autothrottle is engaged in _____.","speed mode","Option 2","Option 3","Option 4","speed mode","Synthesized"
"Instrumentation – 022.09","022.09 Q0004","When the autopilot maintains speed, the autothrottle is engaged in _____.","thrust mode","Option 2","Option 3","Option 4","thrust mode","Synthesized"
"Instrumentation – 022.09","022.09 Q0005","Which statement about the relation between the autopilot and the autothrottle is true during a level flight?","The autopilot maintains the selected altitude and the autothrottle maintains the desired IAS (Indicated airspeed)","Option 2","Option 3","Option 4","The autopilot maintains the selected altitude and the autothrottle maintains the desired IAS (Indicated airspeed)","Synthesized"
"Instrumentation – 022.09","022.09 Q0006","Which statement about the relation between the autopilot and the autothrottle is true during the change of altitude?","The autopilot maintains the selected IAS (Indicated airspeed) and the autothrottle adjusts the thrust to altitude changes","The autothrottle maintains the selected IAS (Indicated airspeed) and the autopilot adjusts the thrust to altitude changes","Option 2","Option 3","The autopilot maintains the selected IAS (Indicated airspeed) and the autothrottle adjusts the thrust to altitude changes","Synthesized"
"Instrumentation – 022.09","022.09 Q0007","Which statement about the relation between the autopilot and the autothrottle is true during a descent?","The autothrottle controls the IAS (Indicated airspeed) and the autopilot controls the aircraft's pitch","Option 2","Option 3","Option 4","The autothrottle controls the IAS (Indicated airspeed) and the autopilot controls the aircraft's pitch","Synthesized"
"Instrumentation – 022.09","022.09 Q0008","In the N1/THR CLM mode the thrust _____.","is fixed","Option 2","Option 3","Option 4","is fixed","Synthesized"
"Instrumentation – 022.09","022.09 Q0009","During the climb the autothrottle is responsible for maintaining the selected _____.","thrust","Option 2","Option 3","Option 4","thrust","Synthesized"
"Instrumentation – 022.09","022.09 Q0010","During landing the autothrottle _____.","controls the speed","controls the thrust","Option 2","Option 3","controls the speed","Synthesized"
"Instrumentation – 022.09","022.09 Q0011","When the autothrottle operates in MCP SPD/SPD mode and the autopilot operates in V/S mode, the autothrottle maintains _____.","the desired speed","Option 2","Option 3","Option 4","the desired speed","Synthesized"
"Instrumentation – 022.09","022.09 Q0012","When the autothrottle operates in MCP SPD/SPD mode and the autopilot operates in ALT HLD/ALT mode, the autothrottle controls _____.","the thrust","Option 2","Option 3","Option 4","the thrust","Synthesized"
"Instrumentation – 022.09","022.09 Q0013","The autothrottle may not be used during _____.","severe turbulence","Option 2","Option 3","Option 4","severe turbulence","Synthesized"
"Instrumentation – 022.09","022.09 Q0014","During landing with a strong headwind the approach speed _____.","may be excessive","Option 2","Option 3","Option 4","may be excessive","Synthesized"
"Instrumentation – 022.09","022.09 Q0015","Which statements about the speed trend arrow are true? Select the most complete answer.","All answers are correct","Option 2","Option 3","Option 4","All answers are correct","Synthesized"
"Instrumentation – 022.10","022.10 Q0001","What are the characteristic features of VHF (Very High Frequency) communications?","Propagation by the line of sight, good signal quality, short range","Option 2","Option 3","Option 4","Propagation by the line of sight, good signal quality, short range","Synthesized"
"Instrumentation – 022.10","022.10 Q0002","What are the characteristic features of HF (High Frequency) communications?","Skywave propagation, poor signal quality, long range","Option 2","Option 3","Option 4","Skywave propagation, poor signal quality, long range","Synthesized"
"Instrumentation – 022.10","022.10 Q0003","Which statement describes the UPLINK transmission?","Transmission from the ground to the aircraft","Option 2","Option 3","Option 4","Transmission from the ground to the aircraft","Synthesized"
"Instrumentation – 022.10","022.10 Q0004","Which statement describes the DOWNLINK transmission?","Transmission from the aircraft to the ground","Option 2","Option 3","Option 4","Transmission from the aircraft to the ground","Synthesized"
"Instrumentation – 022.10","022.10 Q0005","Which communication links are used for datalink transmission by air traffic services? Select the most complete answer.","All answers are correct","Option 2","Option 3","Option 4","All answers are correct","Synthesized"
"Instrumentation – 022.10","022.10 Q0006","In the vicinity of the North Pole, which communication link is best?","HF","Option 2","Option 3","Option 4","HF","Synthesized"
"Instrumentation – 022.10","022.10 Q0007","Which is the correct order of data transmission rate, from the fastest to the slowest?","SATCOM, VHF datalink, HF datalink","Option 2","Option 3","Option 4","SATCOM, VHF datalink, HF datalink","Synthesized"
"Instrumentation – 022.10","022.10 Q0008","Which system allows exchanging short text messages between the aircraft and ATC without using voice communication?","ACARS","Option 2","Option 3","Option 4","ACARS","Synthesized"
"Instrumentation – 022.10","022.10 Q0009","Which means of data transmission are used by ACARS? Select the most complete answer.","all answers are correct","Option 2","Option 3","Option 4","all answers are correct","Synthesized"
"Instrumentation – 022.10","022.10 Q0010","ACARS enables uplink and downlink communication with _____.","Airline Operational (AOC) and Air Traffic Control (ATC)","Option 2","Option 3","Option 4","Airline Operational (AOC) and Air Traffic Control (ATC)","Synthesized"
"Instrumentation – 022.10","022.10 Q0011","Which is the typical data link transmission equipment? Select the most complete answer.","All answers are correct","Option 2","Option 3","Option 4","All answers are correct","Synthesized"
"Instrumentation – 022.10","022.10 Q0012","Which ATC clearances can be acquired from data link transmission?","Departure and oceanic clearance","Option 2","Option 3","Option 4","Departure and oceanic clearance","Synthesized"
"Instrumentation – 022.10","022.10 Q0013","Which are AOC message types?","OOOI, Load sheet, Passenger information, Maintenance report","Option 2","Option 3","Option 4","OOOI, Load sheet, Passenger information, Maintenance report","Synthesized"
"Instrumentation – 022.10","022.10 Q0014","Which is the first message sent in ATS Facility Notification (AFN) procedure?","Logon message","Option 2","Option 3","Option 4","Logon message","Synthesized"
"Instrumentation – 022.10","022.10 Q0015","Which combination of system the Air Traffic Service Unit (ATSU) may NOT use?","ATS Facility Notification (AFN) and Automatic Dependent Surveillance (ADS)","Option 2","Option 3","Option 4","ATS Facility Notification (AFN) and Automatic Dependent Surveillance (ADS)","Synthesized"
"Instrumentation – 022.10","022.10 Q0016","What is the purpose of CPDLC in FANS systems?","To enable transmitting messages between the pilot and the ATC controller","Option 2","Option 3","Option 4","To enable transmitting messages between the pilot and the ATC controller","Synthesized"
"Instrumentation – 022.10","022.10 Q0017","Which forms of the ADS contracts are initiated by the ATSU (Air Traffic Service Unit)?","Periodic contract, Event contract, Demand contract","Option 2","Option 3","Option 4","Periodic contract, Event contract, Demand contract","Synthesized"
"Instrumentation – 022.10","022.10 Q0018","Which statement is true about the FANS?","It replaces the voice communication between the aircraft and the ATC centres with a datalink communication","Option 2","Option 3","Option 4","It replaces the voice communication between the aircraft and the ATC centres with a datalink communication","Synthesized"
"Instrumentation – 022.11","022.11 Q0001","What is the purpose of the Flight Management System (FMS)? Select the most complete answer. I – Reduction of crew workload, II – Aid in fuel efficiency, III – Collision avoidance, IV – Navigation improvement","I, II, IV","Option 2","Option 3","Option 4","I, II, IV","Synthesized"
"Instrumentation – 022.11","022.11 Q0002","What are the typical Flight Management Computers (FMCs) inputs? Select the most complete answer. I – Multi Control and Display Unit (MCDU/CDU), II – Database, III – Flight Management Computer (FMC), IV – Inertial Reference System (IRS)","I, II, III, IV","Option 2","Option 3","Option 4","I, II, III, IV","Synthesized"
"Instrumentation – 022.11","022.11 Q0003","How many Flight Management Computers (FMCs) are typically on-board?","2","Option 2","Option 3","Option 4","2","Synthesized"
"Instrumentation – 022.11","022.11 Q0004","Where are the Multi Control and Display Units (MCDUs/CDUs) usually mounted?","On each side of the pedestal","Option 2","Option 3","Option 4","On each side of the pedestal","Synthesized"
"Instrumentation – 022.11","022.11 Q0005","What are the possible modes of operation for dual architecture FMS? Select the most complete answer. I – Back-up, II – Dual, III – Single, IV – Independent","II, III, IV","Option 2","Option 3","Option 4","II, III, IV","Synthesized"
"Instrumentation – 022.11","022.11 Q0006","Which of the following is not a mode of operation of dual architecture FMS? Select the most complete answer. I – Back-up, II – Dual, III – Single, IV – Independent","I","Option 2","Option 3","Option 4","I","Synthesized"
"Instrumentation – 022.11","022.11 Q0007","How does the FMS indicate that it works in single mode?","FM 1 or 2' light illuminates at the top of the affected side MCDU","Option 2","Option 3","Option 4","FM 1 or 2' light illuminates at the top of the affected side MCDU","Synthesized"
"Instrumentation – 022.11","022.11 Q0008","How does the FMS indicate that it works in independent mode?","IND' light illuminates on the top of each MCDU","Option 2","Option 3","Option 4","IND' light illuminates on the top of each MCDU","Synthesized"
"Instrumentation – 022.11","022.11 Q0009","What function can FMS perform? Select the most complete answer. I – Navigation, II – Generating checklists, III – Lateral and vertical flight planning, IV – Performance advisory","I, III, IV","Option 2","Option 3","Option 4","I, III, IV","Synthesized"
"Instrumentation – 022.11","022.11 Q0010","What is Lateral Navigation (LNAV)?","LNAV is a part of the flight guidance system, based on the horizontal component of the aircraft flight plan","Option 2","Option 3","Option 4","LNAV is a part of the flight guidance system, based on the horizontal component of the aircraft flight plan","Synthesized"
"Instrumentation – 022.11","022.11 Q0011","What is Vertical Navigation (VNAV)?","VNAV is a part of the flight guidance system, based on the vertical component of the aircraft flight plan","Option 2","Option 3","Option 4","VNAV is a part of the flight guidance system, based on the vertical component of the aircraft flight plan","Synthesized"
"Instrumentation – 022.11","022.11 Q0012","Which two main groups is the FMS database divided into?","Aircraft performance and navigation","Option 2","Option 3","Option 4","Aircraft performance and navigation","Synthesized"
"Instrumentation – 022.11","022.11 Q0013","What information does the navigation database usually contain? Select the most complete answer. I – Radio aids, II – Waypoints, III – En-route airways, IV – Airports, V – Runways, VI – Company routes","I,II,III,IV,V,VI","Option 2","Option 3","Option 4","I,II,III,IV,V,VI","Synthesized"
"Instrumentation – 022.11","022.11 Q0014","In which form can the pilot enter custom waypoints? Select the most complete answer. I – Latitude/longitude, II – Place/bearing/distance (PBD), III – Place bearing/place bearing (PBX), IV – Place/distance","I, II, III, IV","Option 2","Option 3","Option 4","I, II, III, IV","Synthesized"
"Instrumentation – 022.11","022.11 Q0015","How to describe the position of the EVI180/50 PBD waypoint?","Waypoint is 180° from magnetic north and 50 nautical miles from 'EVI' VOR/DME station","Option 2","Option 3","Option 4","Waypoint is 180° from magnetic north and 50 nautical miles from 'EVI' VOR/DME station","Synthesized"
"Instrumentation – 022.11","022.11 Q0016","How to describe the position of the EVI122/ONI218 PBX waypoint?","Waypoint is the intersection point of bearing 122° of ""EVI"" VOR/DME station and bearing 218° of ""ONI"" VOR/DME station","Option 2","Option 3","Option 4","Waypoint is the intersection point of bearing 122° of ""EVI"" VOR/DME station and bearing 218° of ""ONI"" VOR/DME station","Synthesized"
"Instrumentation – 022.11","022.11 Q0017","How to describe the position of the EVI/030 PD waypoint?","Waypoint is along the route, 30 NM after ""EVI"" VOR/DME station","Option 2","Option 3","Option 4","Waypoint is along the route, 30 NM after ""EVI"" VOR/DME station","Synthesized"
"Instrumentation – 022.11","022.11 Q0018","How to describe the position of the ONI/-040 PD waypoint?","Waypoint is along the route, 40 NM before ""ONI"" VOR/DME station","Option 2","Option 3","Option 4","Waypoint is along the route, 40 NM before ""ONI"" VOR/DME station","Synthesized"
"Instrumentation – 022.11","022.11 Q0019","There are 2 navigation databases: active and inactive. How long is each navigation database valid?","28 days","Option 2","Option 3","Option 4","28 days","Synthesized"
"Instrumentation – 022.11","022.11 Q0020","In which database are custom waypoints stored?","Supplemental database","Option 2","Option 3","Option 4","Supplemental database","Synthesized"
"Instrumentation – 022.11","022.11 Q0021","What databases does the navigation database consist of? Select the most complete answer. I – Permanent, II – Back-up, III – Supplemental, IV – Temporary","I, III, IV","I,II,III","Option 2","Option 3","I, III, IV","Synthesized"
"Instrumentation – 022.11","022.11 Q0022","What information does the performance database typically contain? Select the most complete answer. I – Engine characteristic, II – Minimum and maximum speed, III – Maximum altitude, IV – Changes in density with altitude, V – Drag as a function of airspeed","I, II, III, IV, V","Option 2","Option 3","Option 4","I, II, III, IV, V","Synthesized"
"Instrumentation – 022.11","022.11 Q0023","What is the purpose of the performance factor?","Fuel flow prediction calculation","Option 2","Option 3","Option 4","Fuel flow prediction calculation","Synthesized"
"Instrumentation – 022.11","022.11 Q0024","What is the purpose of the cost index?","Speed optimisation","Option 2","Option 3","Option 4","Speed optimisation","Synthesized"
"Instrumentation – 022.11","022.11 Q0025","Which of the following predictions can the FMS make? Select the most complete answer. I – Time predictions, II – Fuel predictions, III – Configuration predictions, IV – Cost predictions","I, II","Option 2","Option 3","Option 4","I, II","Synthesized"
"Instrumentation – 022.11","022.11 Q0026","Which formula for Take-Off Weight (TOW) does the FMC use?","TOW = Zero fuel weight + Block fuel - Taxi fuel","Option 2","Option 3","Option 4","TOW = Zero fuel weight + Block fuel - Taxi fuel","Synthesized"
"Instrumentation – 022.11","022.11 Q0027","Fuel consumption is calculated based on aircraft normal configuration. What is the clean configuration?","Landing gear, flaps and spoiler retracted","Option 2","Option 3","Option 4","Landing gear, flaps and spoiler retracted","Synthesized"
"Instrumentation – 022.11","022.11 Q0028","What are the typical Flight Management Computers (FMCs) position inputs? Select the most complete answer. I – Global Positioning System (GPS), II – Inertial Reference System (IRS), III – Distance Measuring Equipment (DME), IV – Omni-directional range (VOR), V – Localiser (LOC)","I, II, III, IV, V","Option 2","Option 3","Option 4","I, II, III, IV, V","Synthesized"
"Instrumentation – 022.11","022.11 Q0029","What is the correct order of FMS positioning modes, from the highest to the lowest priority? I – IRS-VOR/DME, II – IRS only, III – IRS-GPS, IV – IRS-DME/DME","III, IV, I, II","Option 2","Option 3","Option 4","III, IV, I, II","Synthesized"
"Instrumentation – 022.11","022.11 Q0030","What requirements must a Required Navigation Performance (RNP) meet? Select the most complete answer. I – Accuracy, II – Total System Error (TSE) monitoring, III – Aircraft failures, IV – Signal-in-space failures","I,II,III,IV","I,II","Option 2","Option 3","I,II,III,IV","Synthesized"
"Instrumentation – 022.11","022.11 Q0031","What is the name of the FMS component used for communication between pilots and the Flight Management Computers?","Multifunction Control Display Unit (MCDU)","Option 2","Option 3","Option 4","Multifunction Control Display Unit (MCDU)","Synthesized"
"Instrumentation – 022.11","022.11 Q0032","Where are the select keys located on the Multi Control and Display Unit (MCDU)?","On both sides of the screen","Under the screen","Option 2","Option 3","On both sides of the screen","Synthesized"
"Instrumentation – 022.11","022.11 Q0033","What is a scratchpad?","A field on the CDU display where you can see the information entered by the pilot and the messages generated by the FMC","Option 2","Option 3","Option 4","A field on the CDU display where you can see the information entered by the pilot and the messages generated by the FMC","Synthesized"
"Instrumentation – 022.12","022.12 Q0001","Which colour should the light in the cockpit have, if its purpose is to inform the crew that immediate awareness and response are needed?","Red","Option 2","Option 3","Option 4","Red","Synthesized"
"Instrumentation – 022.12","022.12 Q0002","Which colour should the light in the cockpit have, if its purpose is to inform the crew that immediate awareness and subsequent response are needed?","Yellow or amber","Option 2","Option 3","Option 4","Yellow or amber","Synthesized"
"Instrumentation – 022.12","022.12 Q0003","In which colour should the advisories be displayed?","Any colour except for green and red","Option 2","Option 3","Option 4","Any colour except for green and red","Synthesized"
"Instrumentation – 022.12","022.12 Q0004","What types of alerts does the Flight Warning System (FWS) issue? Select the most complete answer.","All answers are correct","Option 2","Option 3","Option 4","All answers are correct","Synthesized"
"Instrumentation – 022.12","022.12 Q0005","Which message type in FWS (Flight Warning System) has the highest priority?","Warning","Advisory","Urgency","Option 2","Warning","Synthesized"
"Instrumentation – 022.12","022.12 Q0006","With regard to FWS (Flight Warning System), which statement is true about a caution message?","The caution message has a higher priority than the advisory and it is displayed in yellow or amber","The caution message has a higher priority than the warning message and it is displayed in yellow or amber","Option 2","Option 3","The caution message has a higher priority than the advisory and it is displayed in yellow or amber","Synthesized"
"Instrumentation – 022.12","022.12 Q0007","When does the FWS generate a caution message? Select the most complete answer.","When immediate attention and corrective action are needed","Option 2","Option 3","Option 4","When immediate attention and corrective action are needed","Synthesized"
"Instrumentation – 022.12","022.12 Q0008","When does the FWS generate a warning message? Select the most complete answer.","When attention is required and subsequent crew action will be required","All answers are correct","Option 2","Option 3","When attention is required and subsequent crew action will be required","Synthesized"
"Instrumentation – 022.12","022.12 Q0009","With regard to FWS (Flight Warning System), which statement is true about a warning message?","The warning message has the highest priority and it is accompanied by a continuous sound","Option 2","Option 3","Option 4","The warning message has the highest priority and it is accompanied by a continuous sound","Synthesized"
"Instrumentation – 022.12","022.12 Q0010","What are the inputs to the Stall Warning System?","The angle of attack, airspeed, flaps and slats position","The angle of attack, airspeed, load factor, altitude, temperature","The angle of attack, load factor, altitude","Option 2","The angle of attack, airspeed, flaps and slats position","Synthesized"
"Instrumentation – 022.12","022.12 Q0011","Which is the correct relation between stall speed and stall warning speed?","Stall warning speed > Stall speed","Option 2","Option 3","Option 4","Stall warning speed > Stall speed","Synthesized"
"Instrumentation – 022.12","022.12 Q0012","Which system triggers vibrations on the cockpit controls?","Stall Warning System","Option 2","Option 3","Option 4","Stall Warning System","Synthesized"
"Instrumentation – 022.12","022.12 Q0013","Which type of message Stall Warning System generates in a condition of an impending stall?","Warning message","Option 2","Option 3","Option 4","Warning message","Synthesized"
"Instrumentation – 022.12","022.12 Q0014","Which parameter is measured in a Stall Warning System?","The angle of attack","Option 2","Option 3","Option 4","The angle of attack","Synthesized"
"Instrumentation – 022.12","022.12 Q0015","Which statement best describes the Stall Protection System?","The active system, that does not require the pilot's input","Option 2","Option 3","Option 4","The active system, that does not require the pilot's input","Synthesized"
"Instrumentation – 022.12","022.12 Q0016","When is the overspeed warning issued?","When the speed exceeds Vmo or Mach number exceeds Mmo","Option 2","Option 3","Option 4","When the speed exceeds Vmo or Mach number exceeds Mmo","Synthesized"
"Instrumentation – 022.12","022.12 Q0017","Take-off Warning System (TOWS) will be activated when throttles are advances and _____.","the horizontal stabiliser is not in the safe-position for take-off","Option 2","Option 3","Option 4","the horizontal stabiliser is not in the safe-position for take-off","Synthesized"
"Instrumentation – 022.12","022.12 Q0018","Which will activate the Take-off Warning System when throttles advanced to take-off? Select the most complete answer.","All answers are correct","Option 2","Option 3","Option 4","All answers are correct","Synthesized"
"Instrumentation – 022.12","022.12 Q0019","When does the Altitude Alert System alert the crew? Select the most complete answer.","When the selected altitude is approached","Option 2","Option 3","Option 4","When the selected altitude is approached","Synthesized"
"Instrumentation – 022.12","022.12 Q0020","Which statements about Low Altitude Radio Altimeter are correct?","Utilises Frequency Modulated Continuous Wave, Has better resolution than high altitude radio altimeter","Option 2","Option 3","Option 4","Utilises Frequency Modulated Continuous Wave, Has better resolution than high altitude radio altimeter","Synthesized"
"Instrumentation – 022.12","022.12 Q0021","Which systems require the radio altimeter data?","GPWS and automatic landing system","Option 2","Option 3","Option 4","GPWS and automatic landing system","Synthesized"
"Instrumentation – 022.12","022.12 Q0022","What is the operating range of low altitude radio altimeter?","0-2,500 ft","Option 2","Option 3","Option 4","0-2,500 ft","Synthesized"
"Instrumentation – 022.12","022.12 Q0023","Which are the inputs to the GPWS (Ground Proximity Warning System)?","Radio altitude, vertical speed, flaps and landing gear position, glide path deviation","Pressure altitude, vertical speed, flaps and landing gear position, glide path deviation","Option 2","Option 3","Radio altitude, vertical speed, flaps and landing gear position, glide path deviation","Synthesized"
"Instrumentation – 022.12","022.12 Q0024","Which are the GPWS (Ground Proximity Warning System) operation modes?","Excessive descent rate, excessive terrain closure, descent below glide slope, wind shear warning","Option 2","Option 3","Option 4","Excessive descent rate, excessive terrain closure, descent below glide slope, wind shear warning","Synthesized"
"Instrumentation – 022.12","022.12 Q0025","When does the GPWS (Ground Proximity Warning System) in mode 2 issue warning?","When the aircraft approaches terrain at too high rate","Option 2","Option 3","Option 4","When the aircraft approaches terrain at too high rate","Synthesized"
"Instrumentation – 022.12","022.12 Q0026","Which aural alert is issued associated with GPWS mode 2?","TERRAIN TERRAIN","Option 2","Option 3","Option 4","TERRAIN TERRAIN","Synthesized"
"Instrumentation – 022.12","022.12 Q0027","In which GPWS mode 'SINK RATE' alert can be heard?","MODE 1: Excessive descent rate","Option 2","Option 3","Option 4","MODE 1: Excessive descent rate","Synthesized"
"Instrumentation – 022.12","022.12 Q0028","With regard to TAWS (Terrain Avoidance and Warning System), when the approached terrain is 40-60 seconds ahead, in which colour will it be displayed on terrain threat display?","Yellow","Option 2","Option 3","Option 4","Yellow","Synthesized"
"Instrumentation – 022.12","022.12 Q0029","Which statement about TCAS I is true?","TCAS I issues warning if the intruder is detected","Option 2","Option 3","Option 4","TCAS I issues warning if the intruder is detected","Synthesized"
"Instrumentation – 022.12","022.12 Q0030","Which aircraft, according to ICAO must be equipped with TCAS II?","With MTOM > 5700 kg or passenger seats > 19","Option 2","Option 3","Option 4","With MTOM > 5700 kg or passenger seats > 19","Synthesized"
"Instrumentation – 022.12","022.12 Q0031","Which statement about TCAS II is true?","TCAS II warns of the detected intruder and proposes corrective manoeuvre in vertical plane","Option 2","Option 3","Option 4","TCAS II warns of the detected intruder and proposes corrective manoeuvre in vertical plane","Synthesized"
"Instrumentation – 022.12","022.12 Q0032","How will an intruder aircraft equipped with a transponder that is within +/- 2700 ft relative height be displayed on TCAS II display?","White or cyan, hollow diamond shape","An amber dot","Option 2","Option 3","White or cyan, hollow diamond shape","Synthesized"
"Instrumentation – 022.12","022.12 Q0033","How will proximate traffic be displayed on TCAS II?","A solid white or cyan diamond shape","Option 2","Option 3","Option 4","A solid white or cyan diamond shape","Synthesized"
"Instrumentation – 022.12","022.12 Q0034","How will Traffic Advisory be displayed on TCAS II?","An amber dot","Option 2","Option 3","Option 4","An amber dot","Synthesized"
"Instrumentation – 022.12","022.12 Q0035","With regard to TCAS II, how will the intruder be displayed, if it is between 35 and 15 seconds from collision area?","A solid red rectangle","Option 2","Option 3","Option 4","A solid red rectangle","Synthesized"
"Instrumentation – 022.12","022.12 Q0036","Which are TCAS II Resolution Advisory commands?","""Monitor vertical speed"", ""Increase climb"", ""Descend descend""","Option 2","Option 3","Option 4","""Monitor vertical speed"", ""Increase climb"", ""Descend descend""","Synthesized"
"Instrumentation – 022.12","022.12 Q0037","What is the TCAS II interrogation signal frequency?","1030 MHz","Option 2","Option 3","Option 4","1030 MHz","Synthesized"
"Instrumentation – 022.12","022.12 Q0038","What is the TCAS II range?","35-40 NM in the horizontal plane and 2000 ft in the vertical plane","Option 2","Option 3","Option 4","35-40 NM in the horizontal plane and 2000 ft in the vertical plane","Synthesized"
"Instrumentation – 022.12","022.12 Q0039","Which systems provide inputs to the TCAS II?","Radio altimeter, ADC, Transponder, IRS","Radio altimeter, GPS, Transponder, IRS, ACARS","Option 2","Option 3","Radio altimeter, ADC, Transponder, IRS","Synthesized"
"Instrumentation – 022.12","022.12 Q0040","How can TCAS II antennas be described?","Directional, separate from transponder antennas","Option 2","Option 3","Option 4","Directional, separate from transponder antennas","Synthesized"
"Instrumentation – 022.12","022.12 Q0041","How will the intruder be displayed on TCAS display, if it is equipped with a transponder, but it is switched off?","The intruder will not be seen by TCAS","Option 2","Option 3","Option 4","The intruder will not be seen by TCAS","Synthesized"
"Instrumentation – 022.12","022.12 Q0042","In which mode the intruder's transponder should be working to enable TCAS to issue Resolution Advisories?","Mode C","Option 2","Option 3","Option 4","Mode C","Synthesized"
"Instrumentation – 022.13 (1)","022.13 (1) Q0001","The Electronic Flight Instrument System (EFIS) presents information on two electronic display units. How are they called?","Primary Flight Display (PFD) and Navigation Display (ND)","Option 2","Option 3","Option 4","Primary Flight Display (PFD) and Navigation Display (ND)","Synthesized"
"Instrumentation – 022.13 (1)","022.13 (1) Q0002","What types of screens does the Electronic Flight Instrument System (EFIS) usually have?","Liquid Crystal Display (LCD) or Cathode Ray Tube (CRT)","Option 2","Option 3","Option 4","Liquid Crystal Display (LCD) or Cathode Ray Tube (CRT)","Synthesized"
"Instrumentation – 022.13 (1)","022.13 (1) Q0003","What is the name of the Electronic Flight Instrument System (EFIS) component that generates a signal to the screens and has control over EFIS functions?","Symbol generator","Option 2","Option 3","Option 4","Symbol generator","Synthesized"
"Instrumentation – 022.13 (1)","022.13 (1) Q0004","How many symbol generators does the Electronic Flight Instrument System (EFIS) usually have?","3","Option 2","Option 3","Option 4","3","Synthesized"
"Instrumentation – 022.13 (1)","022.13 (1) Q0005","Which of the following are the basic standby instruments? I – Airspeed indicator, II – Altitude indicator, III – Vertical speed indicator, IV – Attitude indicator","I, II, IV","Option 2","Option 3","Option 4","I, II, IV","Synthesized"
"Instrumentation – 022.13 (1)","022.13 (1) Q0006","In the PFD the main indicators are arranged in the classic 'T' configuration. Where is the attitude indicator in this configuration?","In the centre of the screen","Option 2","Option 3","Option 4","In the centre of the screen","Synthesized"
"Instrumentation – 022.13 (1)","022.13 (1) Q0007","In the Primary Flight Display (PFD) the main indicators are arranged in the classic 'T' configuration. Where is the airspeed indicator in this configuration?","On the left side of the screen","Option 2","Option 3","Option 4","On the left side of the screen","Synthesized"
"Instrumentation – 022.13 (1)","022.13 (1) Q0008","In the Primary Flight Display (PFD) the main indicators are arranged in the classic 'T' configuration. Where is the altitude indicator in this configuration?","On the right side of the screen","Option 2","Option 3","Option 4","On the right side of the screen","Synthesized"
"Instrumentation – 022.13 (1)","022.13 (1) Q0009","How to change altitude indication to Flight Level (FL)?","By setting standard pressure on the EFIS control panel","Option 2","Option 3","Option 4","By setting standard pressure on the EFIS control panel","Synthesized"
"Instrumentation – 022.13 (1)","022.13 (1) Q0010","In the Primary Flight Display (PFD) the main indicators are arranged in the classic 'T' configuration. Where is the heading indicator in this configuration?","At the bottom of the screen","On the right side of the screen","On the left side of the screen","Option 2","At the bottom of the screen","Synthesized"
"Instrumentation – 022.13 (1)","022.13 (1) Q0011","What is at the top of the Primary Flight Display (PFD)?","Flight Mode Annunciator (FMA)","Option 2","Option 3","Option 4","Flight Mode Annunciator (FMA)","Synthesized"
"Instrumentation – 022.13 (1)","022.13 (1) Q0012","Which of the following are the typical Navigation Display (ND) modes? I – APP (ILS), II – VOR, III – MAP (ARC), IV – PLAN","I, II, III, IV","Option 2","Option 3","Option 4","I, II, III, IV","Synthesized"
"Instrumentation – 022.13 (1)","022.13 (1) Q0013","Regardless of the mode selected, certain indications are constantly displayed on the Navigation Display (ND). Which of the following are such indications? I – Ground speed, II – Altitude, III – Wind direction, IV – Wind speed","I, III, IV","Option 2","Option 3","Option 4","I, III, IV","Synthesized"
"Instrumentation – 022.13 (1)","022.13 (1) Q0014","Which of the following additional indications are displayed when the Navigation Display (ND) is in APP (ILS) mode? I – Localiser deviation, II – Glide slope deviation, III – ILS frequency, IV – ILS transmitter coordinates","I, II, III","Option 2","Option 3","Option 4","I, II, III","Synthesized"
"Instrumentation – 022.13 (1)","022.13 (1) Q0015","Which of the Navigation Display (ND) modes is usually used during cruise?","MAP (ARC)","Option 2","Option 3","Option 4","MAP (ARC)","Synthesized"
"Instrumentation – 022.13 (1)","022.13 (1) Q0016","How to change the point on which the Navigation Display (ND) is centred in MAP (ARC) mode?","The point cannot be changed, the screen is always centred on the aircraft position","Option 2","Option 3","Option 4","The point cannot be changed, the screen is always centred on the aircraft position","Synthesized"
"Instrumentation – 022.13 (1)","022.13 (1) Q0017","When Navigation Display (ND) is in MAP (ARC) mode, additional data can be displayed by using the switches on the EFIS control panel. Which of the following data can be displayed? I – Airways, II – Airports, III – Waypoints, IV – VOR/DME stations","II, III, IV","I, II, III","Option 2","Option 3","II, III, IV","Synthesized"
"Instrumentation – 022.13 (1)","022.13 (1) Q0018","In which of the Navigation Display (ND) modes can the aircraft symbol be out of the displayed range?","PLAN","Option 2","Option 3","Option 4","PLAN","Synthesized"
"Instrumentation – 022.13 (1)","022.13 (1) Q0019","How to change the point on which the Navigation Display (ND) is centred in PLAN mode?","By selecting the point in Flight Management System (FMS)","By selecting the point using the knob on EFIS control panel","Option 2","Option 3","By selecting the point in Flight Management System (FMS)","Synthesized"
"Instrumentation – 022.13 (1)","022.13 (1) Q0020","From which of the following systems can the information be displayed on the Navigation Display (ND)? I – Terrain Avoidance and Warning System (TAWS), II – Traffic Alert and Collision Avoidance System (TCAS), III – Windshear warning system, IV – Weather radar","I, II, III, IV","I, II, III","Option 2","Option 3","I, II, III, IV","Synthesized"
"Instrumentation – 022.13 (2)","022.13 (2) Q0001","What is the purpose of the ECAM/EICAS? Select the most complete answer. I – Simplification of crew work, II – Automation of aircraft systems monitoring, III – Integration of system information, IV – Automation of fault repairs","I, II, III","Option 2","Option 3","Option 4","I, II, III","Synthesized"
"Instrumentation – 022.13 (2)","022.13 (2) Q0002","The ECAM system presents information on two electronic display units. How are they called?","Engine/Warning Display (EWD) and System Display (SD)","Option 2","Option 3","Option 4","Engine/Warning Display (EWD) and System Display (SD)","Synthesized"
"Instrumentation – 022.13 (2)","022.13 (2) Q0003","What is the name of the display that can combine EFIS and ECAM functions?","Multi-function Display Unit (MFDU)","Option 2","Option 3","Option 4","Multi-function Display Unit (MFDU)","Synthesized"
"Instrumentation – 022.13 (2)","022.13 (2) Q0004","How many Display Management Computers (DMCs) are there in the Electronic Centralised Aircraft Monitor (ECAM) system?","3","Option 2","Option 3","Option 4","3","Synthesized"
"Instrumentation – 022.13 (2)","022.13 (2) Q0005","022.13 Part 2 Q0005 : Where are the ECAM/EICAS displays usually located?","In the centre of the main instrument panel","Option 2","Option 3","Option 4","In the centre of the main instrument panel","Synthesized"
"Instrumentation – 022.13 (2)","022.13 (2) Q0006","What are the typical primary engine parameters displayed on the upper display of the ECAM? Select the most complete answer. I – Engine Pressure Ratio, II – Exhaust Gas Temperature, III – Oil pressure, IV – Speeds of turbofans, V – Oil temperature, VI – Rotor vibration","I, II, IV","Option 2","Option 3","Option 4","I, II, IV","Synthesized"
"Instrumentation – 022.13 (2)","022.13 (2) Q0007","What are the typical secondary engine parameters displayed on the lower display of the ECAM? Select the most complete answer. I – Oil quantity, II – Exhaust Gas Temperature, III – Oil pressure, IV – Speeds of turbofans, V – Oil temperature, VI – Rotor vibration","I, III, V, VI","Option 2","Option 3","Option 4","I, III, V, VI","Synthesized"
"Instrumentation – 022.13 (2)","022.13 (2) Q0008","System pages in the ECAM/EICAS can be switched manually using the control panel. What pages are usually available? Select the most complete answer. I – Electric system, II – Hydraulic system, III – Fuel system, IV – Air, V – Doors, VI – Landing gear","I, II, III, IV, V, VI","Option 2","Option 3","Option 4","I, II, III, IV, V, VI","Synthesized"
"Instrumentation – 022.13 (2)","022.13 (2) Q0009","What indications does the cruise page in ECAM contain?","Secondary engine parameters and air parameters","Option 2","Option 3","Option 4","Secondary engine parameters and air parameters","Synthesized"
"Instrumentation – 022.13 (2)","022.13 (2) Q0010","Regardless of the mode selected, ECAM provides additional indications on the lower display. What are these indications? Select the most complete answer. I – Total Air Temperature (TAT), II – Static Air Temperature (SAT), III – Coordinated Universal Time (UTC), IV – Gross Weight (GW)","None of the answers is correct","Option 2","Option 3","Option 4","None of the answers is correct","Synthesized"
"Instrumentation – 022.13 (2)","022.13 (2) Q0011","How does the ECAM/EICAS notify pilots if it detects a failure? Select the most complete answer. I – By master warning/caution lights, II – By acoustic signals, III – By messages on the EICAS/ECAM display, IV – By stick shake","I, II, III","Option 2","Option 3","Option 4","I, II, III","Synthesized"
"Instrumentation – 022.13 (2)","022.13 (2) Q0012","What is an Electronic Flight Bag?","An electronic device that can display EFB applications","Option 2","Option 3","Option 4","An electronic device that can display EFB applications","Synthesized"
"Instrumentation – 022.13 (2)","022.13 (2) Q0013","Is the Electronic Flight Bag (EFB) hardware physically installed into the aircraft or is it portable?","Electronic Flight Bag (EFB) can be either installed or portable","Option 2","Option 3","Option 4","Electronic Flight Bag (EFB) can be either installed or portable","Synthesized"
"Instrumentation – 022.13 (2)","022.13 (2) Q0014","Electronic Flight Bag (EFB) applications are categorized into two types: A and B. What is the criterion of their division?","Impact on safety in the event of their failure","Option 2","Option 3","Option 4","Impact on safety in the event of their failure","Synthesized"
"Instrumentation – 022.13 (2)","022.13 (2) Q0015","What characterises a type A Electronic Flight Bag (EFB) applications?","They have no adverse effect on flight safety","Option 2","Option 3","Option 4","They have no adverse effect on flight safety","Synthesized"
"Instrumentation – 022.13 (2)","022.13 (2) Q0016","What characterises a type B Electronic Flight Bag (EFB) applications?","They have a minor effect on flight safety","They do not require input signals from the aircraft systems","Option 2","Option 3","They have a minor effect on flight safety","Synthesized"
"Instrumentation – 022.13 (2)","022.13 (2) Q0017","Which of the following applications have an impact on safety? Select the most complete answer. I – Flight Crew Operating Manuals, II – Aeronautical charts, III – Runway limiting performance calculations, IV – Mass and balance calculation","II, III, IV","Option 2","Option 3","Option 4","II, III, IV","Synthesized"
"Instrumentation – 022.13 (2)","022.13 (2) Q0018","What is a Head-Up Display (HUD)?","HUD is a device that displays the most important information directly in the pilot's field of view","Option 2","Option 3","Option 4","HUD is a device that displays the most important information directly in the pilot's field of view","Synthesized"
"Instrumentation – 022.13 (2)","022.13 (2) Q0019","Which of the following systems reduce landing minima? Select the most complete answer. I – Head-Up Display (HUD), II – Synthetic Vision System (SVS), III – Enhanced Vision Systems (EVS)","I, III","Option 2","Option 3","Option 4","I, III","Synthesized"
"Instrumentation – 022.13 (2)","022.13 (2) Q0020","Which of the following warnings can usually be displayed on the Head-Up Display (HUD)? Select the most complete answer. I – Windshear alert, II – Fire warning, III – TAWS Terrain Warning, IV – TCAS resolution advisory","I, III, IV","Option 2","Option 3","Option 4","I, III, IV","Synthesized"
"Instrumentation – 022.13 (2)","022.13 (2) Q0021","What is the operation of the declutter function?","Declutter function removes some indications from the Head-Up Display (HUD)","Declutter function removes some indications from the Navigation Display (ND)","Option 2","Option 3","Declutter function removes some indications from the Head-Up Display (HUD)","Synthesized"
"Instrumentation – 022.13 (2)","022.13 (2) Q0022","What is a Synthetic Vision System (SVS)?","SVS is a system that generates a 3D computer image of the surrounding terrain on the Primary Flight Display (PFD)","Option 2","Option 3","Option 4","SVS is a system that generates a 3D computer image of the surrounding terrain on the Primary Flight Display (PFD)","Synthesized"
"Instrumentation – 022.13 (2)","022.13 (2) Q0023","What is an Enhanced Vision Systems (EVS)?","EVS is a system that improves vision in low visibility conditions","Option 2","Option 3","Option 4","EVS is a system that improves vision in low visibility conditions","Synthesized"
"Instrumentation – 022.14","022.14 Q0001","What color are the 'black boxes' painted?","Red and orange","Option 2","Option 3","Option 4","Red and orange","Synthesized"
"Instrumentation – 022.14","022.14 Q0002","What recording devices called 'black boxes' are on board a modern airliner?","Cockpit Voice Recorder (CVR) and Flight Data Recorder (FDR)","Option 2","Option 3","Option 4","Cockpit Voice Recorder (CVR) and Flight Data Recorder (FDR)","Synthesized"
"Instrumentation – 022.14","022.14 Q0003","Which of the following is not a part of the Voice Recorder and Data Recorder approval test?","Explosion test","Option 2","Option 3","Option 4","Explosion test","Synthesized"
"Instrumentation – 022.14","022.14 Q0004","What type of signal does the Underwater Locator Beacon (ULB) send?","Ultrasonic pulse","Option 2","Option 3","Option 4","Ultrasonic pulse","Synthesized"
"Instrumentation – 022.14","022.14 Q0005","How long does the Underwater Locator Beacon (ULB) emit a signal when immersed in water?","30 days","Option 2","Option 3","Option 4","30 days","Synthesized"
"Instrumentation – 022.14","022.14 Q0006","Where are the CVR and FDR usually mounted?","In the tail section","Option 2","Option 3","Option 4","In the tail section","Synthesized"
"Instrumentation – 022.14","022.14 Q0007","022.14 Q0007 : From which sources the Cockpit Voice Recorder (CVR) records and stores audio signals? I – Radio control panel, II – Captain's and first officer's intercom, III – Overhead panel microphone, IV – Voice or audio signals from headsets and speakers.","I, II, III, IV","Option 2","Option 3","Option 4","I, II, III, IV","Synthesized"
"Instrumentation – 022.14","022.14 Q0008","What is the function of the CVR ERASE pushbutton?","CVR ERASE pushbutton completely erases recordings","Option 2","Option 3","Option 4","CVR ERASE pushbutton completely erases recordings","Synthesized"
"Instrumentation – 022.14","022.14 Q0009","When can the CVR ERASE button be used?","When aircraft is on the ground and the parking brake is set to ON","Option 2","Option 3","Option 4","When aircraft is on the ground and the parking brake is set to ON","Synthesized"
"Instrumentation – 022.14","022.14 Q0010","Where is the CVR control panel usually mounted?","In the overhead panel","Option 2","Option 3","Option 4","In the overhead panel","Synthesized"
"Instrumentation – 022.14","022.14 Q0011","What is the CVR recording time in a modern airliner?","2 hours","Option 2","Option 3","Option 4","2 hours","Synthesized"
"Instrumentation – 022.14","022.14 Q0012","For what purposes may CVR recordings not be used?","Disciplinary action against pilots","Option 2","Option 3","Option 4","Disciplinary action against pilots","Synthesized"
"Instrumentation – 022.14","022.14 Q0013","Which of the following are components of the FDR system? I – Flight data interface and acquisition unit, II – ""Event"" button, III – Digital Flight Data Recorder, IV – Cockpit Voice Recorder","I, II, III","Option 2","Option 3","Option 4","I, II, III","Synthesized"
"Instrumentation – 022.14","022.14 Q0014","How many parameters do FDR Type II and IIA record?","16","Option 2","Option 3","Option 4","16","Synthesized"
"Instrumentation – 022.14","022.14 Q0015","How many parameters does FDR Type I record?","32","Option 2","Option 3","Option 4","32","Synthesized"
"Instrumentation – 022.14","022.14 Q0016","How many parameters does FDR Type IA record?","78","Option 2","Option 3","Option 4","78","Synthesized"
"Instrumentation – 022.14","022.14 Q0017","How many hours of recordings can all FDRs store, except the Type IIA FDR?","25","Option 2","Option 3","Option 4","25","Synthesized"
"Instrumentation – 022.14","022.14 Q0018","What is the main component of the Aircraft Condition Monitoring System (ACMS)?","Data management unit","Option 2","Option 3","Option 4","Data management unit","Synthesized"
"Instrumentation – 022.14","022.14 Q0019","What is Flight Data Monitoring (FDM)?","FDM is a programme for identifying adverse safety trends","Option 2","Option 3","Option 4","FDM is a programme for identifying adverse safety trends","Synthesized"
"Instrumentation – 022.15","022.15 Q0001","What does the binary system consist of?","Only two values: 1 and 0","Option 2","Option 3","Option 4","Only two values: 1 and 0","Synthesized"
"Instrumentation – 022.15","022.15 Q0002","What is the main part of the digital computer, that performs all the operations and calculations?","Central Processing Unit (CPU)","Option 2","Option 3","Option 4","Central Processing Unit (CPU)","Synthesized"
"Instrumentation – 022.15","022.15 Q0003","What type of memory is used, when a program needs to make changes in memory during operation but may lose data when the power is turned off?","Random Access Memory (RAM)","Option 2","Option 3","Option 4","Random Access Memory (RAM)","Synthesized"
"Instrumentation – 022.15","022.15 Q0004","Which of the following are input devices? I – Display, II – Keyboard, III – Printer, IV – Sensor, V – Switch","II, IV, V","Option 2","Option 3","Option 4","II, IV, V","Synthesized"
"Instrumentation – 022.15","022.15 Q0005","Which of the following are output devices? I – Display, II – Keyboard, III – Printer, IV – Sensor, V – Switch","I, III","Option 2","Option 3","Option 4","I, III","Synthesized"
"Instrumentation – 022.15","022.15 Q0006","What number system do computers use?","Binary","Option 2","Option 3","Option 4","Binary","Synthesized"
"Instrumentation – 022.15","022.15 Q0007","How is data transferred between processor, memory and peripheral devices?","Via bus","Option 2","Option 3","Option 4","Via bus","Synthesized"
"Instrumentation – 022.15","022.15 Q0008","Which of the following systems are computer-controlled? Select the most complete answer. I – Ground Proximity Warning System (GPWS), II – Traffic Alert Collision Avoidance System (TCAS), III – Electronic Centralised Aircraft Monitor (ECAM), IV – Flight Management System (FMS)","I, II, III, IV","Option 2","Option 3","Option 4","I, II, III, IV","Synthesized"
