"Section","QuestionID","Question","ChoiceA","ChoiceB","ChoiceC","ChoiceD","CorrectAnswer","Source"
"Meteorology – Q1 050.01(1)","Q1 050.01(1) Q0001","What is the name of the lowest layer of the atmosphere?","Troposphere","Stratosphere","Mesosphere","Thermosphere","Troposphere","Evionica"
"Meteorology – Q1 050.01(1)","Q1 050.01(1) Q0002","What is the troposphere?","The part of the atmosphere below the tropopause","The part of the atmosphere above the stratosphere","The boundary between the stratosphere and the mesosphere","The boundary between the mesosphere and thermosphere","The part of the atmosphere below the tropopause","Evionica"
"Meteorology – Q1 050.01(1)","Q1 050.01(1) Q0003","Which feature is characteristic of the troposphere?","There is an overall decrease of temperature with an increase of altitude","It contains all the water vapour present in the atmosphere","All weather phenomena occur only in the troposphere","The average altitude of the upper boundary of the troposphere is about 8 km","There is an overall decrease of temperature with an increase of altitude","Evionica"
"Meteorology – Q1 050.01(1)","Q1 050.01(1) Q0004","Regarding the occurence of weather phenomena, which of the following is the most important component of the atmosphere?","Water vapour","Oxygen","Hydrogen","Nitrogen","Water vapour","Evionica"
"Meteorology – Q1 050.01(1)","Q1 050.01(1) Q0005","What are the main components of the atmosphere?","Nitrogen, Oxygen, Carbon Dioxide, Argon","Oxygen, Carbon Dioxide, Xenon","Sulphur Dioxide, Carbon Dioxide, Particulates","Nitrogen, Oxygen, Carbon Dioxide, Ozone","Nitrogen, Oxygen, Carbon Dioxide, Argon","Evionica"
"Meteorology – Q1 050.01(1)","Q1 050.01(1) Q0006","Which of the following statements is true concerning the tropopause?","The vertical extent of the tropopause above the equator is greater than above the poles","The tropopause is the separation layer between the stratosphere and atmosphere","The tropopause reaches the same height at all latitudes","The tropopause contains all the oxygen present in the atmosphere","The vertical extent of the tropopause above the equator is greater than above the poles","Evionica"
"Meteorology – Q1 050.01(1)","Q1 050.01(1) Q0007","How does the height of the tropopause normally change with latitude in the northern hemisphere?","The height of the tropopause normally decreases from south to north","The height of the tropopause normally remains constant from north to south","The height of the tropopause normally increases from south to north","The height of the tropopause normally remains constant throughout the year","The height of the tropopause normally decreases from south to north","Evionica"
"Meteorology – Q1 050.01(1)","Q1 050.01(1) Q0008","Which statement is true concerning the temperature at the tropopause?","Temperature at the tropopause is higher in the polar regions than in the equatorial regions","There is no significant difference in temperature with change of latitude","Temperature at the tropopause is higher in the equatorial regions than in the polar regions","Temperature at the tropopause is the highest in the mid-latitudes","Temperature at the tropopause is higher in the polar regions than in the equatorial regions","Evionica"
"Meteorology – Q1 050.01(1)","Q1 050.01(1) Q0009","What is the most likely temperature at the tropical tropopause?","-75 °C","-35 °C","-55 °C","-25 °C","-75 °C","Evionica"
"Meteorology – Q1 050.01(1)","Q1 050.01(1) Q0010","Concerning the tropopause, why is the position of the so-called 'tropopause breaks' important for aviation?","The cores of jet streams can be located near these breaks","From this position the direction of movement of high pressure systems can be derived","All winds will reverse direction in these breaks","Moderate to severe icing often occurs in these breaks","The cores of jet streams can be located near these breaks","Evionica"
"Meteorology – Q1 050.01(1)","Q1 050.01(1) Q0011","What is the average extent of the stratosphere in the mid-latitudes?","11 to 50 km","0 to 11 km","50 to 85 km","85 to more than 200 km","11 to 50 km","Evionica"
"Meteorology – Q1 050.01(1)","Q1 050.01(1) Q0012","Which statement is true concerning the cosmic radiation exposure?","Cosmic radiation exposure increases with latitude","Cosmic radiation exposure decreases with height","Cosmic radiation exposure increases with longitude","Cosmic radiation exposure is the most hazardous near the earth's surface","Cosmic radiation exposure increases with latitude","Evionica"
"Meteorology – Q1 050.01(1)","Q1 050.01(1) Q0013","What are the main reasons behind establishing the International Standard Atmosphere? Select the most complete answer.","All answers are correct","It is neccesary for performance calculations in aircraft design and testing","It is neccesary for performance comparison in aircraft design and testing","It is neccesary for calibration of aircraft instruments","All answers are correct","Evionica"
"Meteorology – Q1 050.01(1)","Q1 050.01(1) Q0014","Which statement is true regarding the International Standard Atmosphere model? Select the most complete answer.","ISA temperature lapse rate is equal to 0.65°C/100 m (1.98°C/1,000 ft) between 0 and 11 km","All answers are correct","ISA MSL pressure is equal to 1013 hPa, and MSL temperature is equal to (-15)°C","ISA temperature lapse rate is equal to 0.65°C/100 m (1.98°C/1,000 ft) between 11 and 20 km","ISA temperature lapse rate is equal to 0.65°C/100 m (1.98°C/1,000 ft) between 0 and 11 km","Evionica"
"Meteorology – Q1 050.01(1)","Q1 050.01(1) Q0015","An outside air temperature of -35°C is measured while cruising at FL200. What is the temperature deviation from the ISA at this level?","10 °C colder than ISA","5 °C colder than ISA","10 °C warmer than ISA","5 °C warmer than ISA","10 °C colder than ISA","Evionica"
"Meteorology – Q1 050.01(1)","Q1 050.01(1) Q0016","What altitude change corresponds to 1 hPa around the altitude of 20,000 ft?","50 ft","36 ft","27 ft","60 ft","50 ft","Evionica"
"Meteorology – Q1 050.01(1)","Q1 050.01(1) Q0017","How is temperature defined?","Temperature is a measure of the average kinetic energy of all molecules forming a system","The quantity of energy transferred as heat in a process","The sum of the system's internal energy and the product of its pressure and volume","No other answer is correct","Temperature is a measure of the average kinetic energy of all molecules forming a system","Evionica"
"Meteorology – Q1 050.01(1)","Q1 050.01(1) Q0018","Which answer shows the correct formula for determining the temperature in °C if the temperature in °F is known?","°C = (°F – 32) ÷ 1.8","°C = °F × 1.8 + 32","°C = °F + 273","°C = °F – 273","°C = (°F – 32) ÷ 1.8","Evionica"
"Meteorology – Q1 050.01(1)","Q1 050.01(1) Q0019","Which of the listed processes is not responsible for heating of the troposphere?","Evaporation","Convection","Solar and terrestrial radiation","Condensation","Evaporation","Evionica"
"Meteorology – Q1 050.01(1)","Q1 050.01(1) Q0020","Which statement is true concerning solar radiation?","No other answer is correct","Solar radiation is easily absorbed by greenhouse gases","Solar radiation heats the troposphere directly","Solar radiation is long wave electromagnetic radiation","No other answer is correct","Evionica"
"Meteorology – Q1 050.01(1)","Q1 050.01(1) Q0021","What are thermals?","Upward convective currents caused by uneven heating of the earth's surface by solar radiation","Downward cooling currents caused by by uneven heating of the earth's surface by solar radiation","Deviations from the standard trend of atmospheric properties' change with altitude","Boundaries separating air masses of different characteristics, such as air density, temperature and humidity","Upward convective currents caused by uneven heating of the earth's surface by solar radiation","Evionica"
"Meteorology – Q1 050.01(1)","Q1 050.01(1) Q0022","What is the reason for the temperature increase during condensation?","The heating is a result of the latent heat being released","Rising air cools adiabatically and descends, so only warm air remains at altitude","Rising air cools adiabatically and starts ascending faster, so only warm air remains at the initial altitude","No other answer is correct","The heating is a result of the latent heat being released","Evionica"
"Meteorology – Q1 050.01(1)","Q1 050.01(1) Q0023","What is an inversion layer?","A layer of air in which the temperature increases with height","A layer of air in which the temperature does not change with height","A layer of air in which the temperature decreases with height","No other answer is correct","A layer of air in which the temperature increases with height","Evionica"
"Meteorology – Q1 050.01(1)","Q1 050.01(1) Q0024","What can be the reason for inversion? Select the most complete answer.","All answers are correct","Cold air sliding beneath warm air at a cold front line","Advection of warm air over a cold surface","Adiabatic heating of descending air in a high-pressure system","All answers are correct","Evionica"
"Meteorology – Q1 050.01(1)","Q1 050.01(1) Q0025","Earth heating by solar radiation is referred to as _____.","insolation","absorption","reflection","conduction","insolation","Evionica"
"Meteorology – Q1 050.01(1)","Q1 050.01(1) Q0026","What does the amount of the sun's heat absorbed by the earth depend on?","The sun's elevation and duration of the insolation","Solar strength and duration of the insolation","The sun's strength and elevation","The sun's distance from the earth","The sun's elevation and duration of the insolation","Evionica"
"Meteorology – Q1 050.01(1)","Q1 050.01(1) Q0027","At what time of the day the temperature reaches its maximum value?","Around 3 pm","At 6 pm in the summer, at noon in the winter","At noon","At 5 pm","Around 3 pm","Evionica"
"Meteorology – Q1 050.01(1)","Q1 050.01(1) Q0028","At what time of the day the temperature reaches its minimum value?","30 minutes after dawn","At 3 am","At midnight","Around 3 pm","30 minutes after dawn","Evionica"
"Meteorology – Q1 050.01(1)","Q1 050.01(1) Q0029","How are surface temperature inversions frequently generated?","By terrestrial radiation on a calm clear night","By compression causing the release of latent heat in a layer of stratiform clouds","By an unstable air mass causing convection currents and mixing of the atmosphere at lower levels","By gusting winds increasing surface friction during the day with consequent mixing at the lower levels","By terrestrial radiation on a calm clear night","Evionica"
"Meteorology – Q1 050.01(1)","Q1 050.01(1) Q0030","Which of the listed surfaces will heat up most quickly?","Concrete","Sea","Grass","Wet soil","Concrete","Evionica"
"Meteorology – Q1 050.01(1)","Q1 050.01(1) Q0031","What is atmospheric pressure?","The force exerted by the atmosphere on any surface in contact with it, divided by a unit of area","The force exerted by the atmosphere on any surface in contact with it, divided by the total area of a specified region","The sum of the force exerted by the atmosphere on any surface and the aerodynamic force, divided by the total lift-generating area of the aeroplane","No other answer is correct","The force exerted by the atmosphere on any surface in contact with it, divided by a unit of area","Evionica"
"Meteorology – Q1 050.01(1)","Q1 050.01(1) Q0032","Which of the following is not a unit of pressure?","N","Pa","mmHg","inHg","N","Evionica"
"Meteorology – Q1 050.01(1)","Q1 050.01(1) Q0033","Which statement concerning pressure systems is true?","A col is a region between two highs and two lows; it is an area of stagnation in the form of a saddle","A trough is an elongated high-pressure system formed as an extension of an anticyclone","A low is a region where the atmospheric pressure at the surface is greater than its surroundings","A ridge is an elongated low-pressure system formed as an extension of a cyclone","A col is a region between two highs and two lows; it is an area of stagnation in the form of a saddle","Evionica"
"Meteorology – Q1 050.01(1)","Q1 050.01(1) Q0034","Which surface pressure system will most probably result in the lowest pressure existing aloft?","Warm High","Cold Low","Cold High","Warm Low","Warm High","Evionica"
"Meteorology – Q2 050.01(2)","Q2 050.01(2) Q0001","Which of the following is not a unit of density?","Pounds per square inch","Grams per cubic centimetre","Kilograms per cubic metre","No other answer is correct","Pounds per square inch","Evionica"
"Meteorology – Q2 050.01(2)","Q2 050.01(2) Q0002","With all other factors being constant, which of the following would cause an increase in the air density?","Air pressure increase","Stability increase","Relative humidity increase","Temperature increase","Air pressure increase","Evionica"
"Meteorology – Q2 050.01(2)","Q2 050.01(2) Q0003","Regarding air density, which of the following statements is true?","Warm air is less dense than cold air","Cold air is less dense than warm air","Air density is not influenced by air humidity","If the temperature is decreasing the air density will decrease","Warm air is less dense than cold air","Evionica"
"Meteorology – Q2 050.01(2)","Q2 050.01(2) Q0004","When no heat exchange is possible, which statement is true regarding an ascending parcel of air?","An ascending parcel of air will reduce in pressure, decrease in density and increase in volume","An ascending parcel of air will maintain volume, decrease in density and reduce in pressure","An ascending parcel of air will reduce in pressure, rise in temperature and decrease in density","An ascending parcel of air will maintain pressure, reduce in density and increase in volume","An ascending parcel of air will reduce in pressure, decrease in density and increase in volume","Evionica"
"Meteorology – Q2 050.01(2)","Q2 050.01(2) Q0005","According to the ISA model, at which flight level the air density reaches 50% of the MSL density?","FL220","FL180","FL400","FL200","FL220","Evionica"
"Meteorology – Q2 050.01(2)","Q2 050.01(2) Q0006","A pressure altimeter can indicate different altitudes depending on the setting. Regardless of setting, what can generally be said about its indications?","A pressure altimeter indicates altitude corresponding to the difference between reference pressure and the pressure where the instrument is","A pressure altimeter indicates altitude above mean sea level at +15°C","A pressure altimeter indicates altitude in the standard atmosphere at +15°C","A pressure altimeter indicates height above terrain","A pressure altimeter indicates altitude corresponding to the difference between reference pressure and the pressure where the instrument is","Evionica"
"Meteorology – Q2 050.01(2)","Q2 050.01(2) Q0007","Which FL corresponds to the 300 hPa pressure level?","FL300","FL390","FL50","FL100","FL300","Evionica"
"Meteorology – Q2 050.01(2)","Q2 050.01(2) Q0008","How can QNH be defined?","QNH is the atmospheric pressure reduced to mean sea level, using the standard temperature gradient","QNH is the QFE reduced to mean sea level, using actual temperature gradient","QNH is the QNE reduced to mean sea level, using standard temperature gradient","QNH is the QFF reduced to mean sea level, using standard temperature gradient","QNH is the atmospheric pressure reduced to mean sea level, using the standard temperature gradient","Evionica"
"Meteorology – Q2 050.01(2)","Q2 050.01(2) Q0009","What does QFF stand for?","QFE reduced to MSL, using actual temperature gradient","QNH reduced to MSL, using standard temperature gradient","QNE reduced to MSL, using standard temperature gradient","QFE reduced to MSL, using standard temperature gradient","QFE reduced to MSL, using actual temperature gradient","Evionica"
"Meteorology – Q2 050.01(2)","Q2 050.01(2) Q0010","The QNH of an aerodrome located 30 ft below sea level is equal to 1011 hPa. The air temperature is 15°C above ISA at all altitudes. What is the QFF?","Higher than 1011 hPa","Equal to 1011 hPa","Lower than 1011 hPa","This cannot be answered with the given information","Higher than 1011 hPa","Evionica"
"Meteorology – Q2 050.01(2)","Q2 050.01(2) Q0011","When is QNH equal to QFE and QFF?","At MSL","At FL100","At FL0","At 1013 hPa isobaric surface","At MSL","Evionica"
"Meteorology – Q2 050.01(2)","Q2 050.01(2) Q0012","The QNH is equal to the QFE if _____.","the elevation of the aerodrome is equal to 0 ft","the actual temperature equals the standard temperature","the actual temperature is lower than the standard temperature","the actual temperature is higher than the standard temperature","the elevation of the aerodrome is equal to 0 ft","Evionica"
"Meteorology – Q2 050.01(2)","Q2 050.01(2) Q0013","Consider a stationary aircraft. What effect will decreasing pressure have on the altimeter-indicated altitude?","The indicated altitude will increase","The indicated altitude will decrease","The indicated altitude will remain unchanged","The indicated altitude will increase or decrease, depending on the ISA temperature deviation","The indicated altitude will increase","Evionica"
"Meteorology – Q2 050.01(2)","Q2 050.01(2) Q0014","Which statement is correct concerning the true altitude when flying from a warm to a cold region with a constant FL indication on the altimeter?","True altitude decreases","True altitude increases","True altitude will remain unchanged","True altitude will increase or decrease, depending on the relative humidity","True altitude decreases","Evionica"
"Meteorology – Q2 050.01(2)","Q2 050.01(2) Q0015","What errors may altimeters be subject to? Select the most complete answer.","All answers are correct","Mechanical errors","Temperature errors","Barometric errors","All answers are correct","Evionica"
"Meteorology – Q2 050.01(2)","Q2 050.01(2) Q0016","How can the difference between the true altitude and the altimeter indication be calculated?","By applying the 4% rule, knowing that per each 10 °C below ISA the altitude decreases by 4%","By applying the 4% rule, knowing that per each 10 °C below ISA the altitude increases by 4%","By applying the 4% rule, knowing that per each 10 °C above ISA the altitude decreases by 4%","By applying the 10% rule, knowing that per each 4 °C above ISA the altitude decreases by 10%","By applying the 4% rule, knowing that per each 10 °C below ISA the altitude decreases by 4%","Evionica"
"Meteorology – Q2 050.01(2)","Q2 050.01(2) Q0017","During the climb after take-off, the altimeter setting is adjusted at the transition altitude. If the local QNH is 1023 hPa, what will happen to the altimeter indication during the resetting procedure?","The altimeter indication will decrease","The altimeter indication will remain the same","The altimeter indication will increase","It is not possible to give a definitive answer","The altimeter indication will decrease","Evionica"
"Meteorology – Q2 050.01(2)","Q2 050.01(2) Q0018","What happens when, while passing the Transition Level, you set the subscale on your altimeter to the local QNH of 1018 hPa?","Your indicated altitude increases","Your indicated altitude decreases","Your setting is wrong; the subscale setting should remain at 1013 hPa until passing the Transition Altitude","A correct answer is not possible without knowing the exact OAT","Your indicated altitude increases","Evionica"
"Meteorology – Q3 050.02(1)","Q3 050.02(1) Q0001","What is the approximate speed of 30 m/s wind given in knots?","60 kt","50 kt","55 kt","65 kt","60 kt","Evionica"
"Meteorology – Q3 050.02(1)","Q3 050.02(1) Q0002","What is the approximate speed of 20 kt wind given in m/s?","10 m/s","5 m/s","15 m/s","20 m/s","10 m/s","Evionica"
"Meteorology – Q3 050.02(1)","Q3 050.02(1) Q0003","What is the approximate speed of 30 m/s wind given in kt?","60 kt","55 kt","65 kt","70 kt","60 kt","Evionica"
"Meteorology – Q3 050.02(1)","Q3 050.02(1) Q0004","When the wind direction changes in a clockwise direction, then we say that the wind is _____.","veering","revolving","reducing","backing","veering","Evionica"
"Meteorology – Q3 050.02(1)","Q3 050.02(1) Q0005","When the wind direction changes in an anticlockwise direction, then we say that the wind is _____.","backing","veering","converging","diverging","backing","Evionica"
"Meteorology – Q3 050.02(1)","Q3 050.02(1) Q0006","Under what conditions are gusts reported by an ATC?","Change of speed is not less than 10 kt when compared to the mean wind speed","Change of speed is not less than 5 kt when compared to the mean wind speed","Change of speed is not less than 15 kt when compared to the mean wind speed","Every sudden change of speed is reported as a gust","Change of speed is not less than 10 kt when compared to the mean wind speed","Evionica"
"Meteorology – Q3 050.02(1)","Q3 050.02(1) Q0007","Which of the following statements is true?","A squall is a gust that lasts for no less than one minute","A gust is a squall that lasts for no less than one minute","A squall is a gust that lasts for no less than five minutes","A gust is a squall that lasts for no less than five minutes","A squall is a gust that lasts for no less than one minute","Evionica"
"Meteorology – Q3 050.02(1)","Q3 050.02(1) Q0008","What is the minimum speed for the wind to be classified as a gale?","34 kt","35 kt","32 kt","33 kt","34 kt","Evionica"
"Meteorology – Q3 050.02(1)","Q3 050.02(1) Q0009","What is the minimum speed for the wind to be classiefied as a hurricane?","63 kt","61 kt","60 kt","62 kt","63 kt","Evionica"
"Meteorology – Q3 050.02(1)","Q3 050.02(1) Q0010","An anemometer can be used to measure _____.","wind speed","wind direction","air pressure","temperature","wind speed","Evionica"
"Meteorology – Q3 050.02(1)","Q3 050.02(1) Q0011","How is the speed of a surface wind measured?","10 m above the level of an aerodrome with an anemometer","10 m above the level of an aerodrome with a wind vane","12 m above the level of an aerodrome with a wind vane","2 m above the runway surface with an anemometer","10 m above the level of an aerodrome with an anemometer","Merged"
"Meteorology – Q3 050.02(1)","Q3 050.02(1) Q0012","Where should an anemometer measuring the surface wind speed be placed?","10 m above the level of an aerodrome","Next to the runway, 2 m above the ground","On the roof of an aerodrome meteorological station","5 m above the level of an aerodrome","10 m above the level of an aerodrome","Evionica"
"Meteorology – Q3 050.02(1)","Q3 050.02(1) Q0013","Which of the following devices is used for measuring the parameters of upper winds?","GPS tracked radiosondes","Ceilometers","Anemometers","Wind vanes","GPS tracked radiosondes","Evionica"
"Meteorology – Q3 050.02(1)","Q3 050.02(1) Q0014","What force is the main reason for the occurrence of the wind?","Pressure Gradient Force (PGF)","Coriolis Force (CF)","Centrifugal force","Frictional force","Pressure Gradient Force (PGF)","Evionica"
"Meteorology – Q3 050.02(1)","Q3 050.02(1) Q0015","What is the direction of Pressure Gradient Force (PGF)?","Perpendicular to isobars, towards the low pressure","Perpendicular to isobars, towards the high pressure","Parallel to isobars, towards the high pressure","Parallel to isobars, towards the low pressure","Perpendicular to isobars, towards the low pressure","Evionica"
"Meteorology – Q3 050.02(1)","Q3 050.02(1) Q0016","The natural tendency of the air is that it flows _____.","from the area of high pressure to the area of low pressure","from the area of low pressure to the area of high pressure","from the land towards the sea","from mountainous regions towards the flat terrain","from the area of high pressure to the area of low pressure","Evionica"
"Meteorology – Q3 050.02(1)","Q3 050.02(1) Q0017","The greater the horizontal pressure grades, the","Closer the isobars to each other and the stronger the wind","Closer the isobars to each other and the weaker the wind","Further the isobars from each other and the weaker the wind","Further the isobars from each other and the stronger the wind","Closer the isobars to each other and the stronger the wind","Evionica"
"Meteorology – Q3 050.02(1)","Q3 050.02(1) Q0018","What is the indication of a large pressure gradient?","Closely spaced isobars and strong winds","Closely spaced isobars and light winds","Distantly spaced isobars and strong winds","Distantly spaced isobars and light winds","Closely spaced isobars and strong winds","Evionica"
"Meteorology – Q3 050.02(1)","Q3 050.02(1) Q0019","What causes that the air does not flow directly from the area of high pressure to the area of low pressure?","Coriolis Force (CF)","Pressure Gradient Force (PGF)","Friction force","Centrifugal force","Coriolis Force (CF)","Evionica"
"Meteorology – Q3 050.02(1)","Q3 050.02(1) Q0020","Due to the Coriolis Force (CF), the wind _____.","veers in the northern hemisphere and backs in the southern hemisphere","veers in both hemispheres","backs in the northern hemisphere and veers in the southern hemisphere","backs in both hemispheres","veers in the northern hemisphere and backs in the southern hemisphere","Evionica"
"Meteorology – Q3 050.02(1)","Q3 050.02(1) Q0021","What is true about the Coriolis Force (CF)? Select the most complete answer.","All answers are correct","Coriolis Force (CF) is stronger at the poles than on the Equator","In the northern hemisphere, Coriolis Force (CF) deflects the wind to the right","Coriolis Force (CF) always acts perpendicular to the direction of movement","All answers are correct","Evionica"
"Meteorology – Q3 050.02(1)","Q3 050.02(1) Q0022","What are the factors affecting the geostrophic wind? (PGF – Pressure Gradient Force, ρ – air density, θ – latitude, Ω – angular velocity of the earth)","PGF, ρ, θ, Ω","PGF, ρ, θ","ρ, θ, Ω","PGF, θ, Ω","PGF, ρ, θ, Ω","Evionica"
"Meteorology – Q3 050.02(1)","Q3 050.02(1) Q0023","The speed of the geostrophic wind is directly proportional to the _____.","Pressure Gradient Force (PGF)","sine of the latitude","air density","latitude","Pressure Gradient Force (PGF)","Evionica"
"Meteorology – Q3 050.02(1)","Q3 050.02(1) Q0024","Which forces need to be balanced for the geostrophic wind to occur?","Pressure Gradient Force (PGF) and Coriolis Force (CF)","Pressure Gradient Force (PGF), Coriolis Force (CF), and centrifugal force","Pressure Gradient Force (PGF), Coriolis Force (CF), and friction force","Pressure Gradient Force (PGF), centrifugal force, and friction force","Pressure Gradient Force (PGF) and Coriolis Force (CF)","Evionica"
"Meteorology – Q3 050.02(1)","Q3 050.02(1) Q0025","According to Buys Ballot’s law, when standing in the northern hemisphere with our back to the wind, the _____.","low-pressure system is on the left","high-pressure system is ahead","low-pressure system is on the right","low-pressure system is ahead","low-pressure system is on the left","Evionica"
"Meteorology – Q3 050.02(1)","Q3 050.02(1) Q0026","You fly with left drift in the northern hemisphere. How does the surface pressure changes then?","The surface pressure increases","The surface pressure decreases","The surface pressure remains unchanged","It cannot be assessed","The surface pressure increases","Evionica"
"Meteorology – Q3 050.02(1)","Q3 050.02(1) Q0027","What is true about the speeds of geostrophic winds blowing at latitudes of 40°N, 50°N, and 60°N if they are caused by the same pressure gradient? Select the most complete answer.","The wind blowing at the latitude of 40°N is the strongest","All answers are correct","The wind blowing at 50°N is the weakest","The wind blowing at the latitude of 50°N is weaker than the wind blowing at the latitude of 60°N","The wind blowing at the latitude of 40°N is the strongest","Evionica"
"Meteorology – Q3 050.02(1)","Q3 050.02(1) Q0028","The same Pressure Gradient Force (PGF) will cause stronger wind","at lower latitudes","at higher latitudes","during the summer","during the winter","at lower latitudes","Evionica"
"Meteorology – Q3 050.02(1)","Q3 050.02(1) Q0029","What are necessary conditions for the wind to be geostrophic?","No other answer is correct","The wind must blow at latitudes lower than 15°","The isobars must be curved","The wind must blow in the friction layer","No other answer is correct","Evionica"
"Meteorology – Q3 050.02(1)","Q3 050.02(1) Q0030","What is the difference between gradient winds and geostrophic winds?","Shape of isobars","Magnitude of friction force","Difference in temperatures","Different latitudes","Shape of isobars","Evionica"
"Meteorology – Q3 050.02(1)","Q3 050.02(1) Q0031","What is true about the gradient wind? Select the most complete answer.","The gradient wind is caused by Pressure Gradient Force (PGF) and Coriolis Force (CF) which do not balance each other","All answers are correct","The gradient wind is always stronger than the corresponding geostrophic wind","The gradient wind blows along straight isobars","The gradient wind is caused by Pressure Gradient Force (PGF) and Coriolis Force (CF) which do not balance each other","Evionica"
"Meteorology – Q3 050.02(1)","Q3 050.02(1) Q0032","At the same latitude, the geostrophic wind is stronger than the equivalent gradient wind blowing around a low because _____.","centrifugal force opposes the Pressure Gradient Force (PGF)","Coriolis Force (CF) adds to the Pressure Gradient Force (PGF)","Coriolis Force (CF) opposes the Pressure Gradient Force (PGF)","centrifugal force adds to the Pressure Gradient Force (PGF)","centrifugal force opposes the Pressure Gradient Force (PGF)","Evionica"
"Meteorology – Q3 050.02(1)","Q3 050.02(1) Q0033","At the same latitude, when the pressure gradient remains the same, what is true about the relationship between the geostrophic wind and gradient wind?","Gradient wind is stronger than the geostrophic wind when it blows around an anticyclone","Gradient wind is weaker than the geostrophic wind when it blows around an anticyclone","Gradient wind is always stronger than the geostrophic wind","Gradient wind is always weaker than the geostrophic wind","Gradient wind is stronger than the geostrophic wind when it blows around an anticyclone","Evionica"
"Meteorology – Q3 050.02(1)","Q3 050.02(1) Q0034","What is the relationship between the gradient wind blowing around an anticyclone and the equivalent gradient wind blowing around a low?","Gradient wind blowing around an anticyclone is always stronger than the equivalent gradient wind blowing around a low","Gradient winds blowing around both an anticyclone and a low are of the same speed","Gradient wind blowing around an anticyclone is always weaker than the equivalent gradient wind blowing around a low","It is impossible to determine which gradient wind is stronger","Gradient wind blowing around an anticyclone is always stronger than the equivalent gradient wind blowing around a low","Evionica"
"Meteorology – Q3 050.02(1)","Q3 050.02(1) Q0035","What can we say about the geostrophic wind scale? Select the most complete answer.","Geostrophic wind scale overestimates the speed of the gradient wind blowing in a depression","All answers are correct","Geostrophic wind scale allows to assess the gradient wind speed","Geostrophic wind scale overestimates the speed of the gradient wind blowing around an anticyclone","Geostrophic wind scale overestimates the speed of the gradient wind blowing in a depression","Evionica"
"Meteorology – Q3 050.02(1)","Q3 050.02(1) Q0036","What is the relationship between the surface wind and the wind blowing 3,000 ft above the ground?","The surface wind blows across the isobars, and its speed is lower than the speed of the wind blowing aloft","The surface wind always veers from the direction of the wind blowing aloft","The surface wind blows along the isobars, and its speed is lower than the speed of the wind blowing aloft","The surface wind always backs from the direction of the wind blowing aloft","The surface wind blows across the isobars, and its speed is lower than the speed of the wind blowing aloft","Evionica"
"Meteorology – Q3 050.02(1)","Q3 050.02(1) Q0037","In the northern hemisphere, when compared to the equivalent geostrophic wind, the surface wind","backs, and its speed decreases","backs, and its speed increases","veers, and its speed decreases","veers, and its speed increases","backs, and its speed decreases","Evionica"
"Meteorology – Q3 050.02(1)","Q3 050.02(1) Q0038","What is the expected direction and speed of the wind blowing at a height of 2,000 ft above the London Heathrow Airport when the surface wind of 190° / 20 kt has been reported?","220° / 40 kt","220° / 30 kt","200° / 40 kt","250° / 30 kt","220° / 40 kt","Evionica"
"Meteorology – Q3 050.02(1)","Q3 050.02(1) Q0039","What is the relationship between the surface wind and the equivalent geostrophic wind blowing over the sea in the northern hemisphere?","The surface wind backs from the direction of the geostrophic wind by around 10°","The surface wind veers from the direction of the geostrophic wind by around 10°","The surface wind backs from the direction of the geostrophic wind by around 30°","The surface wind veers from the direction of the geostrophic wind by around 30°","The surface wind backs from the direction of the geostrophic wind by around 10°","Evionica"
"Meteorology – Q3 050.02(1)","Q3 050.02(1) Q0040","What is true about the surface wind? Select the most complete answer.","All answers are correct","Its speed reaches the highest daily value around 1500 when the thermal currents are strongest","It backs in the northern hemisphere and veers in the southern hemisphere","Its speed reaches the lowest daily value around 30 minutes after sunrise when the thermal currents are weakest","All answers are correct","Evionica"
"Meteorology – Q3 050.02(1)","Q3 050.02(1) Q0041","In high-pressure systems _____.","the wind tends to be strongest in the early afternoon","The angle between the isobars and the wind direction is greatest in the afternoon","the wind tends to be strongest in the morning","No other answer is correct","the wind tends to be strongest in the early afternoon","Evionica"
"Meteorology – Q3 050.02(1)","Q3 050.02(1) Q0042","In the northern hemisphere, what is the relationship between the wind blowing in the lower areas of the friction layer and the wind blowing in the upper areas of the friction layer?","When the vertical speed gradient decreases, the wind veers near the ground and backs on the top of the friction layer","When the vertical speed gradient decreases, the wind veers to a greater extent near the ground than on the top of the friction layer","When the vertical speed gradient decreases, the wind backs to a greater extent near the ground than on the top of the friction layer","When the vertical speed gradient decreases, the wind backs near the ground and veers on the top of the friction layer","When the vertical speed gradient decreases, the wind veers near the ground and backs on the top of the friction layer","Evionica"
"Meteorology – 050.02(2)","050.02(2) Q0001","Why does global circulation exist on the earth? Select the most complete answer.","Because different regions of our planet heat up differently","Because semi-permanent areas of high and low pressure exist on our planet","Due to significant differences in temperature of seas and landmasses","All answers are correct","Because different regions of our planet heat up differently","Evionica"
"Meteorology – 050.02(2)","050.02(2) Q0002","Which is the correct order of circulatory cells, from the equator towards the poles?","Hadley cell, Ferrel cell, Polar cell","Ferrel cell, Hadley cell, Polar cell","Ferrel cell, Polar cell, Hadley Cell","Hadley cell, Polar cell, Ferrel cell","Hadley cell, Ferrel cell, Polar cell","Evionica"
"Meteorology – 050.02(2)","050.02(2) Q0003","What is the Hadley cell?","The Hadley cell is a cell formed by the air ascending over the thermal equator and descending above the subtropical area","The Hadley cell is a cell that would theoretically exist if the earth did not rotate","The Hadley cell is a cell formed over one of the poles","The Hadley cell is a cell that is not driven by temperature but by two neighbouring cells","The Hadley cell is a cell formed by the air ascending over the thermal equator and descending above the subtropical area","Evionica"
"Meteorology – 050.02(2)","050.02(2) Q0004","Semi-permanent areas of low pressure are responsible for _____.","presence of rainforests near the equator","Europe’s relatively dry climate","presence of deserts","the polar wet climate","presence of rainforests near the equator","Evionica"
"Meteorology – 050.02(2)","050.02(2) Q0005","Where do the areas of greatest rainfall are present?","In the equatorial regions","In the polar regions","In central North America during the summer","In the areas of intense polar front depression activity","In the equatorial regions","Evionica"
"Meteorology – 050.02(2)","050.02(2) Q0006","What is the angle between the earth’s axis of rotation and its orbital axis?","23.5°","20°","25.5°","18.5°","23.5°","Evionica"
"Meteorology – 050.02(2)","050.02(2) Q0007","Why does the global distribution of the surface pressure vary during the year?","Due to the earth's orbital movement around the sun","Due to the changing moon phases","Due to the volcanic activity","Due to the rotational movement of the earth","Due to the earth's orbital movement around the sun","Evionica"
"Meteorology – 050.02(2)","050.02(2) Q0008","In January, the equatorial low-pressure zone lies _____.","slightly southwards of the geographic equator","exactly above the geographic equator","at the latitude of 35°N","slightly northwards of the geographic equator","slightly southwards of the geographic equator","Evionica"
"Meteorology – 050.02(2)","050.02(2) Q0009","What is true about statistical pressure distribution on the earth?","In the southern hemisphere, isobars are nearly parallel to the lines of latitude, whereas in the northern hemisphere, they are much more variable","In the northern hemisphere, isobars are nearly parallel to the lines of latitude, whereas in the southern hemisphere, they are much more variable","During the summer months, isobars are nearly parallel to the lines of latitudes, whereas in the winter, they are much more variable","During the winter months, isobars are nearly parallel to the lines of latitudes, whereas in the summer, they are much more variable","In the southern hemisphere, isobars are nearly parallel to the lines of latitude, whereas in the northern hemisphere, they are much more variable","Evionica"
"Meteorology – 050.02(2)","050.02(2) Q0010","What is the name of pressure systems that forms over the ocean in winter?","Subtropical highs","Tropical highs","Subtropical lows","Tropical lows","Subtropical highs","Evionica"
"Meteorology – 050.02(2)","050.02(2) Q0011","Where do the westerly winds can be encountered during the winter?","Between latitudes of 40° and 60°","Between latitudes of 50° and 75°","Between latitudes of 30° and 40°","At latitudes greater than 80°","Between latitudes of 40° and 60°","Evionica"
"Meteorology – 050.02(2)","050.02(2) Q0012","What is the mechanism responsible for the formation of the westerly winds blowing during the winter?","The air flowing from subtropical highs towards the poles is deflected by the Coriolis Force (CF)","The air flowing from subtropical highs towards the equator is deflected by the Coriolis Force (CF)","The pressure gradient between the Siberian high and low-pressure systems over North America causes strong winds to blow westwards","The air flowing from the Siberian high towards the subtropical lows is deflected by the Coriolis Force (CF)","The air flowing from subtropical highs towards the poles is deflected by the Coriolis Force (CF)","Evionica"
"Meteorology – 050.02(2)","050.02(2) Q0013","What is the name of the strong westerly winds blowing mostly in the southern hemisphere during the winter?","Roaring forties","Trade winds","Monsoons","Horse latitudes winds","Roaring forties","Evionica"
"Meteorology – 050.02(2)","050.02(2) Q0014","What is true about the horse latitudes? Select the most complete answer.","All answers are correct","In the northern hemisphere, horse latitudes lie between 30°N and 40°N","In the southern hemisphere, horse latitudes lie between 30°S and 40°S","Horse latitudes form a zone where the surface wind speed is relatively low or does not blow at all","All answers are correct","Evionica"
"Meteorology – 050.02(2)","050.02(2) Q0015","What causes the sudden change in the direction of trade winds after crossing the geographic equator?","The change of Coriolis Force (CF) direction","The change of pressure gradient direction","The difference in pressure distribution in both hemispheres","An excess of air aloft associated with the Hadley cells","The change of Coriolis Force (CF) direction","Evionica"
"Meteorology – 050.02(2)","050.02(2) Q0016","What are the trade winds?","No other answer is correct","Trade winds are easterly winds blowing only in the summer","Trade winds are westerly winds blowing near the equator","Trade winds are winds blowing from the thermal equator towards the poles","No other answer is correct","Evionica"
"Meteorology – 050.02(2)","050.02(2) Q0017","Trade winds _____.","blow from subtropical anticyclones towards the equator","blow only in the winter months","are westerly winds blowing through the whole year","are westerly winds blowing during the winter","blow from subtropical anticyclones towards the equator","Evionica"
"Meteorology – 050.02(2)","050.02(2) Q0018","What is the difference between winds blowing between latitudes of 40°N and 60°N during the winter and the summer?","During the summer, winds blowing between latitudes of 40°N and 60°N are less constant and less strong than in the winter","Westerly winds blow during the winter and easterly winds blow during the summer","During the summer, wind blowing between latitudes of 40°N and 60°N veer, whereas in the winter they back","No other answer is correct","During the summer, winds blowing between latitudes of 40°N and 60°N are less constant and less strong than in the winter","Evionica"
"Meteorology – 050.02(2)","050.02(2) Q0019","What is the katabatic wind?","A flow of cold air down the slopes of a mountain","A flow of warm air up the slopes of a mountain","A flow of warm air from land to sea","A flow of cold air from sea to land","A flow of cold air down the slopes of a mountain","Evionica"
"Meteorology – 050.02(2)","050.02(2) Q0020","What is the name of the wind that blows as a result of air warming on the slope of a mountain?","Anabatic wind","Katabatic wind","Valley wind","Mountain breeze","Anabatic wind","Evionica"
"Meteorology – 050.02(2)","050.02(2) Q0021","A katabatic wind _____.","blows down the slopes, usually at night, with the approximate speed of 10 kt","blows up the slopes, usually during the day, with the approximate speed of 5 kt","blows down the slopes, usually at night, with the approximate speed of 5 kt","blows up the slopes, usually during the day, with the approximate speed of 10 kt","blows down the slopes, usually at night, with the approximate speed of 10 kt","Evionica"
"Meteorology – 050.02(2)","050.02(2) Q0022","What is the most frequent direction of the wind blowing along the slopes of a mountain during the day?","Up the slopes","Down the slopes","It is impossible to forecast","Typically there is no wind blowing along the slopes of a mountain","Up the slopes","Evionica"
"Meteorology – 050.02(2)","050.02(2) Q0023","What is the Venturi effect?","The decrease in the static pressure of the fluid when flowing through the constricted section of a pipe","The flow of the air up the slopes of a mountain caused by insolation","The phenomenon that makes land and sea breezes blow in a daily cycle","The movement of the earth’s thermal equator through the year","The decrease in the static pressure of the fluid when flowing through the constricted section of a pipe","Evionica"
"Meteorology – 050.02(2)","050.02(2) Q0024","What causes the sea breeze?","Increasing pressure aloft caused by the surface heating over the land during the day","Decreasing stability over the land caused by insolation","Increasing surface pressure over the land caused by the ascending cool air","Increasing stability over the sea caused by nocturnal cooling","Increasing pressure aloft caused by the surface heating over the land during the day","Evionica"
"Meteorology – 050.02(2)","050.02(2) Q0025","Diurnal variations of temperature result in the arise of _____.","sea and land breezes","trade winds","Foehn winds","valley winds","sea and land breezes","Evionica"
"Meteorology – 050.02(2)","050.02(2) Q0026","What is the sea breeze?","Wind blowing from sea to land during the day","Wind blowing from sea to land during the night","Wind blowing from land to sea during the day","Wind blowing from land to sea during the night","Wind blowing from sea to land during the day","Evionica"
"Meteorology – 050.02(2)","050.02(2) Q0027","During a sunny afternoon, an aircraft is approaching an airfield, the runway of which is parallel to the coast. When downwind over the sea, the airfield is on the left. What wind effect should be anticipated on the final approach?","A crosswind from the left","A tailwind","A crosswind from the right","A headwind","A crosswind from the left","Evionica"
"Meteorology – 050.02(2)","050.02(2) Q0028","What is the horizontal extension of sea breezes blowing at temperate latitudes?","Between 15 km (8 NM) and 25 km (14 NM) on both sides of the coastline","Inland up to 90 km (50 NM) and outland between 15 km (8 NM) and 25 km (14 NM)","Between 20 km (11 NM) and 35 km (16 NM) on both sides of the coastline","Inland up to 50 km (27 NM) and outland between 20 km (11 NM) and 35 km (16 NM)","Between 15 km (8 NM) and 25 km (14 NM) on both sides of the coastline","Evionica"
"Meteorology – 050.02(2)","050.02(2) Q0029","When are sea breezes most likely to occur?","When the pressure gradient is small, and the sky is clear","When the pressure gradient is large, and the temperature of the sea is relatively high","When the pressure gradient is large, and the temperature of the sea is relatively low","When the pressure gradient is small, and the sky is overcast","When the pressure gradient is small, and the sky is clear","Evionica"
"Meteorology – 050.02(2)","050.02(2) Q0030","On a hot and sunny day, when the sky over the coastal airfield in Eastern England is clear, what is the surface wind direction provided that the alignment of a coastline is predominantly N-S?","E in the morning and SE in the afternoon","E in the morning and NE In the afternoon","E in the morning and W in the afternoon","W in the morning and S in the evening","E in the morning and SE in the afternoon","Evionica"
"Meteorology – 050.02(2)","050.02(2) Q0031","What is true about the land breeze? Select the most complete answer.","All answers are correct","The land breeze blows only at night","The vertical extension of the land breeze typically does not exceed 30 m (100 ft)","Land breeze appears only in stable conditions","All answers are correct","Evionica"
"Meteorology – 050.02(2)","050.02(2) Q0032","What is true about the sea breeze front? Select the most complete answer.","Sea breeze front is a shallow boundary between the cold air blowing from sea and the warm air over the land","Sea breeze front may be the reason for the formation of stratiform clouds","Advection fog may appear on the warm side of the sea breeze front","All answers are correct","Sea breeze front is a shallow boundary between the cold air blowing from sea and the warm air over the land","Evionica"
"Meteorology – 050.02(2)","050.02(2) Q0033","Where should the mountain waves be expected?","On the downwind side of the mountain range","Directly over the mountain range","On both sides of the mountain range along its slopes","On the upwind side of the mountain range","On the downwind side of the mountain range","Evionica"
"Meteorology – 050.02(2)","050.02(2) Q0034","Where should pilots expect the occurrence of mountain waves? Select the most complete answer.","All answers are correct","On the leeward side of the mountain range","Up to the tropopause","Below Altocumulus lenticularis clouds","All answers are correct","Evionica"
"Meteorology – 050.02(2)","050.02(2) Q0035","What is the name of regions of severe turbulence appearing below mountain waves, directly beneath their crests?","Rotors","Lee waves","Standing waves","No other answer is correct","Rotors","Evionica"
"Meteorology – 050.02(2)","050.02(2) Q0036","How should the direction and speed of a wind blowing above a mountain range change for the lee waves to form ?","The speed should increase, and the direction should remain mostly the same","The speed should remain unchanged, and the wind should back","The speed should remain unchanged, and the wind should veer","The speed should decrease, and the direction should remain the same","The speed should increase, and the direction should remain mostly the same","Evionica"
"Meteorology – 050.02(2)","050.02(2) Q0037","Which of the following conditions are the most favourable to the formation of mountain waves?","The wind of 30 kt blowing within 20°of the perpendicular to the ridge","The wind of 20 kt blowing within 60°of the perpendicular to the ridge","The wind of 10 kt blowing within 30° of the perpendicular to the ridge","The wind of 5 kt blowing perpendicularly to the ridge","The wind of 30 kt blowing within 20°of the perpendicular to the ridge","Evionica"
"Meteorology – 050.02(2)","050.02(2) Q0038","Mountain waves may form when the air at the level of the ridge’s top is _____.","stable, with less stable layers above and below","unstable, with stable layers above and below","absolutely unstable","conditionally unstable","stable, with less stable layers above and below","Evionica"
"Meteorology – 050.02(2)","050.02(2) Q0039","What is the name of the clouds that typically form at the top of standing waves?","Altocumulus lenticularis","Rotor clouds","Cap clouds","Roll clouds","Altocumulus lenticularis","Evionica"
"Meteorology – 050.02(2)","050.02(2) Q0040","Are mountain waves always associated with the formation of specific types of clouds?","No, because sometimes the wind blowing towards the mountain range is too dry","No, because sometimes the wind blowing towards the mountain range is too strong","No, because sometimes the air mass blowing towards the mountain range is too stable","Yes","No, because sometimes the wind blowing towards the mountain range is too dry","Evionica"
"Meteorology – 050.02(2)","050.02(2) Q0041","What should be avoided when flying in the vicinity of the mountain ridge? Select the most complete answer.","Flying parallel to the ridge on its leeward side","All answers are correct","Flying at high altitudes when flying upwind on the leeward side","Flying at low altitudes when flying downwind on the leeward side","Flying parallel to the ridge on its leeward side","Evionica"
"Meteorology – 050.02(2)","050.02(2) Q0042","When flying over the mountain ridge, the height of which is 5,000 ft, what is the sufficient clearance which minimises the risk of being affected by severe turbulence?","5,000 ft","7,500 ft","10,000 ft","2,500 ft","5,000 ft","Evionica"
"Meteorology – 050.02(3)","050.02(3) Q0001","When does a gust appear?","When the faster air from higher levels moves to lower levels","When two air masses of different temperature mix with each other","When two air masses of different humidity mix with each other","When the slower air from lower levels moves aloft","When the faster air from higher levels moves to lower levels","Evionica"
"Meteorology – 050.02(3)","050.02(3) Q0002","What is true about mechanical turbulence?","Mechanical turbulence is caused by physical obstructions like buildings, trees and any irregularities of the terrain","Mechanical turbulence is another term for wake turbulence","Mechanical turbulence can be experienced at FL350","Mechanical turbulence is caused by the vertical movement of the air in an unstable airmass","Mechanical turbulence is caused by physical obstructions like buildings, trees and any irregularities of the terrain","Evionica"
"Meteorology – 050.02(3)","050.02(3) Q0003","When is the thermal turbulence most pronounced?","During sunny days in the early afternoon","In the evening","During cloudy days in the morning","During sunny days in the morning","During sunny days in the early afternoon","Evionica"
"Meteorology – 050.02(3)","050.02(3) Q0004","Turbulence with the greatest intensity should be expected within _____.","Cumulonimbus (Cb) cloud","Nimbostratus (Ns) cloud","Altocumulus (Ac) castellanus cloud","Stratus (St) cloud","Cumulonimbus (Cb) cloud","Evionica"
"Meteorology – 050.02(3)","050.02(3) Q0005","Where should the Clear Air Turbulence (CAT) be expected? Select the most complete answer.","All answers are correct","Around high-level troughs and ridges","In the vicinity of jet streams","In the vicinity of standing waves","All answers are correct","Evionica"
"Meteorology – 050.02(3)","050.02(3) Q0006","What is true about frontal turbulence?","Cold fronts are associated with stronger frontal turbulence than warm fronts","Warm fronts are associated with stronger frontal turbulence than cold fronts","Frontal turbulence is stronger when the air is dry and stable","Frontal turbulence is stronger when the air is moist and stable","Cold fronts are associated with stronger frontal turbulence than warm fronts","Evionica"
"Meteorology – 050.02(3)","050.02(3) Q0007","Which set consists of conditions which are most favourable to the formation of turbulence?","Unstable air and rough ground","Unstable air and smooth terrain","Stable air and rough ground","Stable air and smooth terrain","Unstable air and rough ground","Evionica"
"Meteorology – 050.02(3)","050.02(3) Q0008","Which phenomenon is often associated with jet streams?","Clear Air Turbulence (CAT)","Icing","No other answer is correct","Windshear","Clear Air Turbulence (CAT)","Evionica"
"Meteorology – 050.02(3)","050.02(3) Q0009","Where is the Clear Air Turbulence (CAT) associated with a polar front jet stream the most severe?","Along the axis of the core of a jet stream, to the left when looking downstream","In the core of a jet stream","Along the axis of the core of a jet stream, to the right when looking downstream","All around the core of a jet stream","Along the axis of the core of a jet stream, to the left when looking downstream","Evionica"
"Meteorology – 050.02(3)","050.02(3) Q0010","Where can the core of a polar front jet stream be found?","On the warm side of the polar front, just below the tropopause","On the cold side of the polar front, just below the tropopause","On the warm side of the polar front, just above the tropopause","On the cold side of the polar front, just above the tropopause","On the warm side of the polar front, just below the tropopause","Evionica"
"Meteorology – 050.02(3)","050.02(3) Q0011","One day, over some location in the northern hemisphere, a polar front jet stream blows from N to S. Therefore, which statement is true?","The polar air is below and eastwards to the core of a jet stream","The polar air is above and eastwards to the core of a jet stream","The polar air is above and westwards to the core of a jet stream","The polar air is below and westwards to the core of a jet stream","The polar air is below and eastwards to the core of a jet stream","Evionica"
"Meteorology – 050.02(3)","050.02(3) Q0012","An aircraft flying over Western Europe is crossing a jet stream perpendicularly to its core and 2,500 ft below it. A pilot notices that the outside air temperature is increasing. Therefore, the prevailing wind _____.","blows from the right","is a tailwind","blows from the left","is a headwind","blows from the right","Evionica"
"Meteorology – 050.02(3)","050.02(3) Q0013","What is thermal wind?","Wind controlled by the temperature gradient","Wind blowing only over deserts","Another name of geostrophic wind","Wind blowing from the area of lower temperature to the area of higher temperature","Wind controlled by the temperature gradient","Evionica"
"Meteorology – 050.02(3)","050.02(3) Q0014","According to Buys Ballot’s law, when standing in the northern hemisphere with our back to the wind, the _____.","cooler air mass is on the left","cooler air mass is on the right","warmer air mass is ahead","cooler air mass is ahead","cooler air mass is on the left","Evionica"
"Meteorology – 050.02(3)","050.02(3) Q0015","What is the minimum speed for the wind to be classified as a jet stream?","60 kt","50 kt","80 kt","70 kt","60 kt","Evionica"
"Meteorology – 050.02(3)","050.02(3) Q0016","What is the height (H) to width (W) to length (L) ratio (H:W:L) for the typical jet stream?","1:100:1000.","0.0497685185185185","0.0601851851851852","1:100:10000.","1:100:1000.","Evionica"
"Meteorology – 050.02(3)","050.02(3) Q0017","What is the main reason for the formation of a polar front jet stream?","The strong temperature contrast between the cold polar and warm tropical air","The surface pressure difference between Azores high and Icelandic low","Circulation in the Hadley cells","The varying elevation of the tropopause in the polar front region","The strong temperature contrast between the cold polar and warm tropical air","Evionica"
"Meteorology – 050.02(3)","050.02(3) Q0018","What is true about jet streams blowing on the earth?","In the northern hemisphere, westerly as well as easterly jet streams occur","In the southern hemisphere, only easterly jet streams occur","In the southern hemisphere, no jet streams occur","No other answer is correct","In the northern hemisphere, westerly as well as easterly jet streams occur","Evionica"
"Meteorology – 050.02(3)","050.02(3) Q0019","What are the typical horizontal distances between the core of a polar front jet stream and the surface positions of the associated fronts?","Around 200 NM behind the cold front and about 400 NM ahead of the warm front","Around 200 NM behind the warm front and about 400 NM ahead of the cold front","Around 400 NM behind the warm front and about 200 NM ahead of the cold front","Around 400 NM behind the cold front and about 200 NM ahead of the warm front","Around 200 NM behind the cold front and about 400 NM ahead of the warm front","Evionica"
"Meteorology – 050.02(3)","050.02(3) Q0020","In the northern hemisphere, a polar front jet stream blows _____.","between latitudes of 40°N and 60°N","between latitudes of 25°N and 40°N","between latitudes of 30°N and 70°N","between latitudes of 50°N and 65°N","between latitudes of 40°N and 60°N","Evionica"
"Meteorology – 050.02(3)","050.02(3) Q0021","What is true about the speed of a polar front jet stream core?","The speed of a polar front jet stream core is greater in the winter than in the summer","The speed of a polar front jet stream core remains nearly unchanged through the whole year","The speed of a polar front jet stream core depends on many factors and cannot be easily predicted
Correct","The speed of a polar front jet stream core is greater in the summer than in the winter","The speed of a polar front jet stream core is greater in the winter than in the summer","Evionica"
"Meteorology – 050.02(3)","050.02(3) Q0022","At which pressure level subtropical jet streams can typically be encountered?","200 hPa","100 hPa","150 hPa","250 hPa","200 hPa","Evionica"
"Meteorology – 050.02(3)","050.02(3) Q0023","Which jet streams are permanent?","Polar front jet streams and subtropical jet streams","Polar front jet streams and the Arctic jet stream","Polar front jet streams and the equatorial jet stream","The equatorial jet stream and subtropical jest streams","Polar front jet streams and subtropical jet streams","Evionica"
"Meteorology – 050.02(3)","050.02(3) Q0024","What is the main difference between the equatorial jest stream and every other jet stream blowing on the earth?","Wind direction","Wind speed","Vertical dimensions","Horizontal dimensions","Wind direction","Evionica"
"Meteorology – 050.02(3)","050.02(3) Q0025","What is true about the tropical easterly jest stream? Select the most complete answer.","All answers are correct","The tropical easterly jet stream occurs only in the northern hemisphere","The tropical easterly jet stream blows at an altitude of approximately 45,000 ft","The tropical easterly jet stream can be encountered only in the summer","All answers are correct","Evionica"
"Meteorology – 050.02(3)","050.02(3) Q0026","What wind conditions should be expected when flying in August from Bangkok (13°N 100°E) to Mumbai (19°N 73°E) at 34,000 ft?","Tailwinds","Headwinds","Strong southerly winds","Strong northerly winds","Tailwinds","Evionica"
"Meteorology – 050.02(3)","050.02(3) Q0027","What is the name of a jet stream blowing across India?","Tropical easterly jet stream","Polar front jet stream","Indian jet stream","Subtropical jet stream","Tropical easterly jet stream","Evionica"
"Meteorology – 050.02(3)","050.02(3) Q0028","At what pressure levels the core of the Arctic jet stream can be found?","Between 400 hPa and 300 hPa","Between 200 hPa and 150 hPa","Between 300 hPa and 200 hPa","Between 500 hPa and 400 hPa","Between 400 hPa and 300 hPa","Evionica"
"Meteorology – Q4 050.03","Q4 050.03 Q0001","As the humidity of a parcel of the air increases, its density _____.","decreases","increases","remains unchanged","increases or decreases, depending on the temperature","decreases","Evionica"
"Meteorology – Q4 050.03","Q4 050.03 Q0002","When is a parcel of the air saturated?","A parcel of the air is saturated when in the given temperature it contains the maximum possible amount of water","A parcel of the air is saturated when in the given temperature it contains the minimum possible amount of water","A parcel of the air is saturated when its Relative Humidity (RH) is lower than 90%","A parcel of the air is saturated when its Relative Humidity (RH) is greater than 90%","A parcel of the air is saturated when in the given temperature it contains the maximum possible amount of water","Evionica"
"Meteorology – Q4 050.03","Q4 050.03 Q0003","A parcel of the saturated air would consist of more water vapour _____.","when on the equator than at the poles","when aloft than at MSL","when at the poles than on the equator","when on Sahara than on Greenland","when on the equator than at the poles","Evionica"
"Meteorology – Q4 050.03","Q4 050.03 Q0004","Provided that the volume of a parcel of the unsaturated air remains unchanged, what will happen when its temperature decreases?","The Relative Humidity (RH) will remain constant","The Relative Humidity (RH) will increase","The Relative Humidity (RH) will decrease slightly","The Relative Humidity (RH) will decrease significantly","The Relative Humidity (RH) will remain constant","Evionica"
"Meteorology – Q4 050.03","Q4 050.03 Q0005","What happens when a parcel of the air is saturated with water vapour and the temperature increases?","The amount of water vapour remains unchanged","The Relative Humidity (RH) increases","The Relative Humidity (RH) remains unchanged","The amount of water vapour increases","The amount of water vapour remains unchanged","Evionica"
"Meteorology – Q4 050.03","Q4 050.03 Q0006","Which of the following quantities remains unchanged when a parcel of the unsaturated air is lifted until it reaches the condensation level?","Humidity Mixing Ratio (HMR)","Relative Humidity (RH)","Absolute humidity","No other answer is correct","Humidity Mixing Ratio (HMR)","Evionica"
"Meteorology – Q4 050.03","Q4 050.03 Q0007","What is the difference between absolute humidity and the Humidity Mixing Ratio (HMR)? Select the most complete answer.","All answers are correct","For the fixed atmospheric pressure, when the temperature rises, absolute humidity increases, whereas HMR remains unchanged","For the fixed air temperature, when the atmospheric pressure rises, absolute humidity increases, whereas HMR remains unchanged","The unit of absolute humidity is grams per cubic metre, whereas the unit of HMR is gram per kilogram","All answers are correct","Evionica"
"Meteorology – Q4 050.03","Q4 050.03 Q0008","We can say that a parcel of the air is saturated when its Relative Humidity (RH) is _____.","1","greater than 90%","greater than 85%","greater than 50%","1","Evionica"
"Meteorology – Q4 050.03","Q4 050.03 Q0009","How is the Relative Humidity (RH) of a parcel of unsaturated air affected when the water vapour is added to it?","The RH increases when the temperature remains constant","The RH decreases when the temperature remains constant","The RH decreases when the temperature increases","The RH remains unchanged when the temperature decreases","The RH increases when the temperature remains constant","Evionica"
"Meteorology – Q4 050.03","Q4 050.03 Q0010","If 1 kg of the air contains 15 g of water vapour and the maximum content of water vapour is 20 g/kg, what is the Relative Humidity (RH)?","0.75","0.25","0.33","0.15","0.75","Evionica"
"Meteorology – Q4 050.03","Q4 050.03 Q0011","What is true about the Relative Humidity (RH)?","The RH of an unsaturated parcel of the air decreases with increasing temperature","The RH of an unsaturated parcel of the air increases with increasing temperature","The RH of an unsaturated parcel of the air is not influenced by changing temperature","The RH of an unsaturated parcel of the air does not depend on the atmospheric pressure","The RH of an unsaturated parcel of the air decreases with increasing temperature","Evionica"
"Meteorology – Q4 050.03","Q4 050.03 Q0012","What can we say about the air temperature and Relative Humidity (RH) during the night?","The air temperature falls, and the RH rises","The air temperature rises, and the RH falls","The air temperature falls, and so does the RH","The air temperature rises, and so does the RH","The air temperature falls, and the RH rises","Evionica"
"Meteorology – Q4 050.03","Q4 050.03 Q0013","Within 24 hours, the Relative Humidity (RH) is expected to _____.","decrease during the day and increase at night","increase during the day and decrease at night","reach its daily maximum value in the afternoon","reach its daily maximum value at midnight","decrease during the day and increase at night","Evionica"
"Meteorology – Q4 050.03","Q4 050.03 Q0014","Which instrument is used for measuring the humidity of the air?","Hygrometer","Hydrometer","Hygroscope","Hydroscope","Hygrometer","Evionica"
"Meteorology – Q4 050.03","Q4 050.03 Q0015","Why does the wet-bulb thermometer indication never exceed the dry-bulb thermometer indication?","The heat is drawn out from the bulb of a wet-bulb thermometer due to the process of evaporation","The heat is drawn out from the bulb of a wet-bulb thermometer due to the process of condensation","The bulb of a wet-bulb thermometer is supplied with the heat due to the process of evaporation","The bulb of a wet-bulb thermometer is supplied with the heat due to the process of condensation","The heat is drawn out from the bulb of a wet-bulb thermometer due to the process of evaporation","Evionica"
"Meteorology – Q4 050.03","Q4 050.03 Q0016","When will both thermometers of a psychrometer indicate the same temperature?","When the Relative Humidity (RH) of the surrounding air is 100%","When the Relative Humidity (RH) of the surrounding air is 0%","Always, regardless of the Relative Humidity (RH)","There is no possibility that both thermometers will indicate the same temperature","When the Relative Humidity (RH) of the surrounding air is 100%","Evionica"
"Meteorology – Q4 050.03","Q4 050.03 Q0017","What is the average lapse rate of the dew point in the atmosphere?","0.5 °C/1,000 ft","1.8 °C/1,000 ft","2.5 °C/1,000 ft","0.8 °C/1,000 ft","0.5 °C/1,000 ft","Evionica"
"Meteorology – Q4 050.03","Q4 050.03 Q0018","What is a dew point?","Dew point is the temperature to which moist air must be cooled to become saturated at the given pressure conditions","Dew point is the lowest temperature at which evaporation still occurs at the given pressure conditions","Dew point is the temperature below which phase transition resulting in the absorption of latent heat occurs at the given pressure conditions","Dew point is the temperature to which moist air must be cooled to reduce the Relative Humidity (RH)","Dew point is the temperature to which moist air must be cooled to become saturated at the given pressure conditions","Evionica"
"Meteorology – Q4 050.03","Q4 050.03 Q0019","What happens when the air is cooled to its dew point, and the temperature is further reduced? Select the most complete answer.","Condensation occurs and the dew point temperature decreases","All answers are correct","The Relative Humidity (RH) increases","The wet-bulb temperature remains unchanged","Condensation occurs and the dew point temperature decreases","Evionica"
"Meteorology – Q4 050.03","Q4 050.03 Q0020","The difference between the ambient temperature and the dew point temperature equals 5 °C. What is the Relative Humidity (RH)?","0.75","0.85","0.95","There is not enough data to assess the RH","0.75","Evionica"
"Meteorology – Q4 050.03","Q4 050.03 Q0021","The difference between the ambient temperature and the dew point temperature is for sure greater in _____.","dry air","moist air","the air whose temperature is high","the air whose temperature is low","dry air","Evionica"
"Meteorology – Q4 050.03","Q4 050.03 Q0022","What is true when the ambient temperature decreases and the dew point temperature remains unchanged?","The Relative Humidity (RH) increases","The Relative Humidity (RH) decreases","The amount of water vapour decreases","The amount of water vapour increases","The Relative Humidity (RH) increases","Evionica"
"Meteorology – Q4 050.03","Q4 050.03 Q0023","Which phase transition is known as deposition?","From gas to solid","From solid to gas","From liquid to solid","From solid to liquid","From gas to solid","Evionica"
"Meteorology – Q4 050.03","Q4 050.03 Q0024","What is the name of the process at which ice changes directly into water vapour?","Sublimation","Desublimation","Overcooling","Deposition","Sublimation","Evionica"
"Meteorology – Q4 050.03","Q4 050.03 Q0025","In which of the following phase transitions is the latent heat absorbed?","No other answer is correct","Sublimation and condensation","Melting and condensation","Vaporisation and freezing","No other answer is correct","Evionica"
"Meteorology – Q4 050.03","Q4 050.03 Q0026","What is true about evaporation? Select the most complete answer.","All answers are correct","Evaporation occurs only on the liquid surface","When the liquid evaporates, latent heat is absorbed","Evaporation occurs at any temperature unless the air above the surface of the liquid is saturated","All answers are correct","Evionica"
"Meteorology – Q4 050.03","Q4 050.03 Q0027","What is true about condensation? Select the most complete answer.","Condensation cannot occur unless condensation nuclei are present in the air","Condensation occurs at any temperature","When the gas condenses, latent heat is absorbed","All answers are correct","Condensation cannot occur unless condensation nuclei are present in the air","Evionica"
"Meteorology – Q4 050.03","Q4 050.03 Q0028","What is the name of the state at which liquid water exists in temperatures below the freezing point?","Supercooled water","Undercooled ice","Underheated water","No other answer is correct","Supercooled water","Evionica"
"Meteorology – Q4 050.03","Q4 050.03 Q0029","What may happen with ice when the temperature increases above the melting point?","It will change into water","Some of it will change into superfrozen ice, and the rest will change into water","It will change into water vapour","It may change into either water or superfrozen ice","It will change into water","Evionica"
"Meteorology – Q4 050.03","Q4 050.03 Q0030","What is true about the phase transition at which water vapour changes directly into ice? Select the most complete answer.","All answers are correct","During this phase transition, latent heat is released","This phase transition is called deposition","As a result of this phase transition, frost and hoar frost may form","All answers are correct","Evionica"
"Meteorology – Q4 050.03","Q4 050.03 Q0031","During discharging of a fire extinguisher containing carbon dioxide, its valve becomes significantly cool. What is the reason for the occurrence of this phenomenon?","As the fire extinguisher is being discharged, the gas expands rapidly, and thereby it cools significantly","Carbon dioxide inside the fire extinguisher is very cool","Carbon dioxide becomes compressed when flowing through the valve, and thereby its temperature becomes significantly reduced","The special design of the valve leads to rapid cooling of the gas flowing through it","As the fire extinguisher is being discharged, the gas expands rapidly, and thereby it cools significantly","Evionica"
"Meteorology – Q4 050.03","Q4 050.03 Q0032","Why does a parcel of the air cool as it ascends?","Because it expands","Because it contracts","Because the air is cooler at higher altitudes","No other answer is correct","Because it expands","Evionica"
"Meteorology – Q4 050.03","Q4 050.03 Q0033","What is the average value of the DALR?","1 °C/100 m","3 °C/100 m","1.8 °C/100 m","0.6 °C/100 m","1 °C/100 m","Evionica"
"Meteorology – Q4 050.03","Q4 050.03 Q0034","What will happen to the temperature of a parcel of unsaturated air if it is forced to rise just below the condensation level and then settles back to its original position?","The temperature will remain the same","The temperature will decrease","The temperature will increase","The temperature change cannot be assessed because it will depend on the value of the atmospheric pressure","The temperature will remain the same","Evionica"
"Meteorology – Q4 050.03","Q4 050.03 Q0035","What is true about the value of SALR near the ground at different locations? Select the most complete answer.","All answers are correct","At equatorial latitudes, the SALR near the ground is smaller than at polar latitudes","At equatorial latitudes, the SALR near the ground is smaller than at temperate latitudes","At equatorial latitudes, the SALR aloft equals the SALR aloft at temperate latitudes","All answers are correct","Evionica"
"Meteorology – Q4 050.03","Q4 050.03 Q0036","Which statement is true provided that northerly Foehn wind blows from the mountain ridge?","The southern passes of the ridge are covered with clouds","Convective clouds associated with thunderstorms may appear on the southern passes of the ridge","Rain may appear on the northern passes of the ridge","Air on the northern passes of the ridge is warmer than the air on the southern passes","The southern passes of the ridge are covered with clouds","Evionica"
"Meteorology – Q4 050.03","Q4 050.03 Q0037","At temperate latitudes, when the ELR is 0.65 °C/100 m, the air is _____.","stable when dry","conditionally stable","stable when saturated","absolutely unstable","stable when dry","Evionica"
"Meteorology – Q4 050.03","Q4 050.03 Q0038","What can we say about the atmosphere when the temperature at the surface is 15 °C, and the temperature at 1,000 m is 13 °C?","The atmosphere is absolutely stable","The atmosphere is absolutely unstable","The atmosphere is conditionally unstable","The atmosphere is conditionally stable","The atmosphere is absolutely stable","Evionica"
"Meteorology – Q4 050.03","Q4 050.03 Q0039","At temperate latitudes, when the ELR is 1 °C/100 m, the air is _____.","neutrally stable when dry","stable when saturated","conditionally unstable","absolutely unstable","neutrally stable when dry","Evionica"
"Meteorology – Q4 050.03","Q4 050.03 Q0040","At temperate latitudes, when the ELR is _____, the air is conditionally unstable.","0.7 °C/100 m","0.4 °C/100 m","0.6° C/100 m","1 °C/100 m","0.7 °C/100 m","Evionica"
"Meteorology – Q4 050.03","Q4 050.03 Q0041","What is the result of the advection of the warm air over the cooler ground?","The formation of a stable system","The occurrence of strong thermal currents","The formation of an unstable system","The appearance of strong turbulent mixing","The formation of a stable system","Evionica"
"Meteorology – Q4 050.03","Q4 050.03 Q0042","What can we say about the stability of the weather when the sky is covered with stratiform clouds, and light precipitation is present?","The weather is stable","The weather is unstable","The weather is conditionally unstable","The weather is either stable or unstable","The weather is stable","Evionica"
"Meteorology – Q4 050.03","Q4 050.03 Q0043","What is true about stable weather?","No other answer is correct","Stable weather is always associated with good visibility","Stable weather is always associated with the sky covered by stratiform clouds","Stable weather is always associated with heavy showers","No other answer is correct","Evionica"
"Meteorology – Q5 050.04(1)","Q5 050.04(1) Q0001","Which phase transition is mainly associated with the formation of clouds?","Condensation","Vaporisation","Melting","Freezing","Condensation","Evionica"
"Meteorology – Q5 050.04(1)","Q5 050.04(1) Q0002","When does the cloud dissipate? Select the most complete answer.","All answers are correct","When the temperature increases","When the cloud subsides","When the cloud mixes with dryer air","All answers are correct","Evionica"
"Meteorology – Q5 050.04(1)","Q5 050.04(1) Q0003","What is the critical temperature?","The minimum initial temperature required for the air to be lifted to the condensation level","The temperature at which the cloud dissipates","The temperature at which the SALR curve meets the ELR curve","The temperature at which condensation occurs","The minimum initial temperature required for the air to be lifted to the condensation level","Evionica"
"Meteorology – Q5 050.04(1)","Q5 050.04(1) Q0004","Where is the top of a Cu cloud located?","Where the SALR curve meets the ELR curve","Where the DALR curve meets the ELR curve","Where the ELR curve reaches the dew point line","Where the DALR curve reaches the dew point line","Where the SALR curve meets the ELR curve","Evionica"
"Meteorology – Q5 050.04(1)","Q5 050.04(1) Q0005","When is the Cb cloud being formed? Select the most complete answer.","When the SALR curve does not meet with the ELR curve","All answers are correct","When the atmosphere is stable","When the initial temperature of the rising air is relatively low","When the SALR curve does not meet with the ELR curve","Evionica"
"Meteorology – Q5 050.04(1)","Q5 050.04(1) Q0006","Where is the cloud base located? Select the most complete answer.","All answers are correct","Where the ascending air becomes saturated","Where the air starts ascending with the SALR instead of the DALR","Where the DALR curve reaches the dew point","All answers are correct","Evionica"
"Meteorology – Q5 050.04(1)","Q5 050.04(1) Q0007","What are the examples of convective clouds?","Cu and Cb","Cu and Ns","Ns and Sc","St and Sc","Cu and Cb","Evionica"
"Meteorology – Q5 050.04(1)","Q5 050.04(1) Q0008","What is true about convective clouds?","Convective clouds may uplift higher as the day progress and eventually develop into Cb","Convective clouds are layer clouds","Convective clouds are low-level clouds","Convective clouds form only in equatorial regions","Convective clouds may uplift higher as the day progress and eventually develop into Cb","Evionica"
"Meteorology – Q5 050.04(1)","Q5 050.04(1) Q0009","When should you expect to encounter so-called fair weather Cu clouds?","In the morning","In the afternoon","In the evening","At noon","In the morning","Evionica"
"Meteorology – Q5 050.04(1)","Q5 050.04(1) Q0010","Strong turbulence in the ascending air may cause that the Cu clouds _____.","will be spread out over the big area and therefore form the Sc clouds","will dissipate","will be spread out over the big area and therefore form the Ns clouds","will transform into a Cb cloud","will be spread out over the big area and therefore form the Sc clouds","Evionica"
"Meteorology – Q5 050.04(1)","Q5 050.04(1) Q0011","Which is the correct order of stages of the Cu clouds development? (I – Cu med, II – Cb cal, III – Cu con, IV – Cb cap, V – Cu fra, VI – Cu hum)","V, VI, I, III, II, IV","V, I, VI, IV, II, III","III, VI, I, V, II, IV","V, VI, I, III, IV, II","V, VI, I, III, II, IV","Evionica"
"Meteorology – Q5 050.04(1)","Q5 050.04(1) Q0012","Which cloud is presented in the picture?","Cb","Cu","St","Ac","Cb","Evionica"
"Meteorology – Q5 050.04(1)","Q5 050.04(1) Q0013","What are the conditions necessary for turbulence clouds to form?","Stable atmosphere, sufficient turbulent mixing, sufficient humidity","Unstable atmosphere, sufficient turbulent mixing, low humidity","Stable atmosphere, sufficient turbulent mixing, low humidity","Unstable atmosphere, sufficient turbulent mixing, sufficient humidity","Stable atmosphere, sufficient turbulent mixing, sufficient humidity","Evionica"
"Meteorology – Q5 050.04(1)","Q5 050.04(1) Q0014","What is a turbulence cloud? Select the most complete answer.","A cloud formed as a result of turbulent mixing","All answers are correct","A cloud with significant turbulence within it","A cloud causing showers and thunderstorms","A cloud formed as a result of turbulent mixing","Evionica"
"Meteorology – Q5 050.04(1)","Q5 050.04(1) Q0015","What type of cloud usually causes drizzle?","St","Ci","Cb","Ac","St","Evionica"
"Meteorology – Q5 050.04(1)","Q5 050.04(1) Q0016","What is true about orographic clouds?","The cloud base on the leeward side of the ridge is higher than on the windward side","Typical orographic clouds are Ci and Cc","Orographic clouds cause showers on the leeward side of the ridge","Orographic clouds start forming on the leeward side of the mountain ridge","The cloud base on the leeward side of the ridge is higher than on the windward side","Evionica"
"Meteorology – Q5 050.04(1)","Q5 050.04(1) Q0017","When does the lenticular cloud form?","When the dry air moves over the ridge in stable conditions","When the moist air moves over the ridge in stable conditions","When strong vertical windshear occurs in the upper regions of the troposphere","When strong horizontal windshear occurs in the upper regions of the troposphere","When the dry air moves over the ridge in stable conditions","Evionica"
"Meteorology – Q5 050.04(1)","Q5 050.04(1) Q0018","Why should you be careful while flying in St cloud on the windward side of the mountain ridge?","Because vertically developed Cu or Cb clouds can be above you","Because St clouds are typically associated with severe turbulence","Because St clouds formed in the vicinity of mountains may cause hail","Because St clouds on the windward side may be associated with the presence of mountain waves","Because vertically developed Cu or Cb clouds can be above you","Evionica"
"Meteorology – Q5 050.04(1)","Q5 050.04(1) Q0019","What should you expect when you encounter Ci clouds that are followed by Cs and As? Select the most complete answer.","All answers are correct","The upcoming of a warm front","Increasing temperature","Falling pressure","All answers are correct","Evionica"
"Meteorology – Q5 050.04(1)","Q5 050.04(1) Q0020","Which clouds may form as the cold front moves?","St and Cu","Ac and St","Ac and Cu","No other answer is correct","St and Cu","Evionica"
"Meteorology – Q5 050.04(1)","Q5 050.04(1) Q0021","Which clouds are of considerable horizontal but little vertical extent?","Stratiform clouds","Cumuliform clouds","Medium-level clouds","High-level clouds","Stratiform clouds","Evionica"
"Meteorology – Q5 050.04(1)","Q5 050.04(1) Q0022","Which of the following sets consists of clouds being a good indicator of stable air?","St and As","Cu and Cb","Ns and Cu","Cu and St","St and As","Evionica"
"Meteorology – Q5 050.04(1)","Q5 050.04(1) Q0023","What is the difference between Ci clouds and St clouds? Select the most complete answer.","All answers are correct","Ci clouds are composed of ice crystals, whereas St clouds are composed of water droplets","Ci clouds form due to the deposition, whereas St clouds form due to the condensation","Ci clouds are high-level clouds, whereas St clouds are low-level clouds","All answers are correct","Evionica"
"Meteorology – Q5 050.04(1)","Q5 050.04(1) Q0024","What is the maximum height at which low-level clouds can be encountered in temperate regions?","6500ft","4500ft","3500ft","1500ft","6500ft","Evionica"
"Meteorology – Q5 050.04(1)","Q5 050.04(1) Q0025","Which cloud type can spread across more than one cloud levels?","Ns","Ci","St","Sc","Ns","Evionica"
"Meteorology – Q5 050.04(1)","Q5 050.04(1) Q0026","Which cloud is grey and has a layered structure and fairly uniform base?","St","Cb","Ci","Ac","St","Evionica"
"Meteorology – Q5 050.04(1)","Q5 050.04(1) Q0027","The base of a Sc cloud is typically on the height of between _____.","300 m and 1,400 m","100 m and 2,000 m","600 m and 1,000 m","600 m and 2,500 m","300 m and 1,400 m","Evionica"
"Meteorology – Q5 050.04(1)","Q5 050.04(1) Q0028","What is true about Ns clouds?","No other answer is correct","Typically, the base of Ns is located up to the height of 6,500 m","Ns clouds can be often found at cold fronts in polar front depressions","Ns is a low-level cloud","No other answer is correct","Evionica"
"Meteorology – Q5 050.04(1)","Q5 050.04(1) Q0029","What is the name of the ragged clouds formed below the Ns when the turbulence is present at the lowest level of the stratosphere?","Stratus fractus","Altocumulus castellanus","Startus humilis","Altocumulus lenticularis","Stratus fractus","Evionica"
"Meteorology – Q5 050.04(1)","Q5 050.04(1) Q0030","To safely pass a fine-weather Cu by, you should fly _____.","above it","through it","below it","on its windward side","above it","Evionica"
"Meteorology – Q5 050.04(1)","Q5 050.04(1) Q0031","The upper parts of a Cb are composed mainly of _____.","overcooled water droplets and ice crystals","large water droplets","small water droplets","smoke particles","overcooled water droplets and ice crystals","Evionica"
"Meteorology – Q5 050.04(1)","Q5 050.04(1) Q0032","In extreme cases, Cb clouds can be even _____ high.","21km","30km","26km","12km","21km","Evionica"
"Meteorology – Q5 050.04(1)","Q5 050.04(1) Q0033","Which of the following clouds may produce hail?","Cb","Ci","Cu","St","Cb","Evionica"
"Meteorology – Q5 050.04(1)","Q5 050.04(1) Q0034","Which cloud is presented in the picture?","Ac len","Ac cas","Ci","Cb hum","Ac len","Evionica"
"Meteorology – Q5 050.04(1)","Q5 050.04(1) Q0035","What is true about Ac len clouds? Select the most complete answer.","Ac len clouds are an indicator of mountain waves presence","All answers are correct","Ac len clouds form on a windward side of a mountain ridge","Turbulence within Ac len clouds is severe","Ac len clouds are an indicator of mountain waves presence","Evionica"
"Meteorology – Q5 050.04(1)","Q5 050.04(1) Q0036","What is the name of the cloud with tower-like heaps projecting from the base?","Altocumulus castellanus","Cumulus humilis","Stratocumulus","No other answer is correct","Altocumulus castellanus","Evionica"
"Meteorology – Q5 050.04(1)","Q5 050.04(1) Q0037","Ci clouds are mainly composed of _____.","ice crystals","ice crystals and water droplets","Water droplets","Water droplets and water vapor","ice crystals","Evionica"
"Meteorology – Q5 050.04(1)","Q5 050.04(1) Q0038","Which clouds may produce halo?","Cs","Ci","Cc","Ac","Cs","Evionica"
"Meteorology – Q5 050.04(1)","Q5 050.04(1) Q0039","When flying in tropical regions, _____ clouds may indicate _____.","Cs/the presence of a tropical revolving storm","Cs/the upcoming of a cold front","St/the upcoming pressure increase","Cu/stable conditions","Cs/the presence of a tropical revolving storm","Evionica"
"Meteorology – Q5 050.04(1)","Q5 050.04(1) Q0040","Which cloud is presented in the picture?","Cc","Ci","Ac","Sc","Cc","Evionica"
"Meteorology – Q5 050.04(1)","Q5 050.04(1) Q0041","Within which clouds can moderate turbulence be expected?","Ac clouds","Ci clouds","St clouds","Cs clouds","Ac clouds","Evionica"
"Meteorology – Q5 050.04(1)","Q5 050.04(1) Q0042","What is true about St and Ns clouds?","Ns may produce heavier rain than St","St may produce heavier rain than Ns","St is typically associated with much better visibility than Ns","Turbulence is stronger within St than within Ns","Ns may produce heavier rain than St","Evionica"
"Meteorology – Q5 050.04(1)","Q5 050.04(1) Q0043","What conditions may be encountered when flying through      Ci clouds?","Fair visibility, no icing, no turbulence","Moderate visibility, severe icing, no turbulence","Fair visibility, moderate icing, severe turbulence","Fair visibility, no icing, severe turbulence","Fair visibility, no icing, no turbulence","Evionica"
"Meteorology – 050.04(2)","050.04(2) Q0001","Which factors may contribute to the degradation of visibility? Select the most complete answer.","All answers are correct","Stable conditions","Cols","Anticyclones","All answers are correct","Evionica"
"Meteorology – 050.04(2)","050.04(2) Q0002","When there is mist, the visibility is at least _____, and _____ are suspended in the air.","1,000 m / very small water droplets","1,500 m / ice crystals","1,000 m / solid particles","1,500 ft / water droplets","1,000 m / very small water droplets","Evionica"
"Meteorology – 050.04(2)","050.04(2) Q0003","Which of the following statements is true?","Mist is reported to the upper limit of 5,000 m","Haze is reported only when the visibility is reduced to less than 2,500 m","Fog is reported to the upper limit of 5,000 m","No other answer is correct","Mist is reported to the upper limit of 5,000 m","Evionica"
"Meteorology – 050.04(2)","050.04(2) Q0004","How is fog defined?","A reduction of visibility to less than 1,000 m caused by water droplets suspended in the air","A reduction of visibility to not less than 1,000 m caused by very small water droplets suspended in the air","An extreme reduction in visibility caused by very small solid particles suspended in the air","A reduction of visibility to less than 1,500 ft caused by big water droplets suspended in the air","A reduction of visibility to less than 1,000 m caused by water droplets suspended in the air","Evionica"
"Meteorology – 050.04(2)","050.04(2) Q0005","Which of the following sets consists of conditions contributing to the formation of radiation fog to the greatest extent?","Wind speed: 3 kt; sky: covered with few high-level Ci clouds; ambient T: 8°C; dew point T: 7°C","Wind speed: 5 kt; sky: clear ; ambient T: 12°C; dew point T: 3°C","Wind speed: 8 kt; sky: fully covered with few St clouds; ambient T: 13°C; dew point T: 12°C","Wind speed: 15 kt; sky: clear ; ambient T: 16°C; dew point T: 15°C","Wind speed: 3 kt; sky: covered with few high-level Ci clouds; ambient T: 8°C; dew point T: 7°C","Evionica"
"Meteorology – 050.04(2)","050.04(2) Q0006","When is radiation fog most likely to form?","Shortly after sunrise","At midday","Shortly after midnight","Just before sunset","Shortly after sunrise","Evionica"
"Meteorology – 050.04(2)","050.04(2) Q0007","Which aerodrome is most likely to experience radiation fog?","An aerodrome located in a mountain valley with a light katabatic wind","A coastal aerodrome with a light onshore wind and clear sky","A coastal aerodrome with a light breeze and cloudy sky","An aerodrome located at the top of the hill with no wind and clear sky","An aerodrome located in a mountain valley with a light katabatic wind","Evionica"
"Meteorology – 050.04(2)","050.04(2) Q0008","Which fog cannot form over water?","Radiation fog","Advection fog","Arctic smoke","No other answer is correct","Radiation fog","Evionica"
"Meteorology – 050.04(2)","050.04(2) Q0009","What might be a reason for the dissipation of radiation fog? Select the most complete answer.","All answers are correct","Convection appearing due to insolation of the ground","Evaporation caused by insolation","Strong wind","All answers are correct","Evionica"
"Meteorology – 050.04(2)","050.04(2) Q0010","What is true about the orographic fog?","The orographic fog forms when humid air is forced to rise along the slope","The orographic fog forms typically at night","The orographic fog forms when the air descends along the slopes of a mountain ridge","The orographic fog forms on the leeward side of the mountain ridge","The orographic fog forms when humid air is forced to rise along the slope","Evionica"
"Meteorology – 050.04(2)","050.04(2) Q0011","When does hill fog dissipate?","When the wind direction changes","When more humid air starts blowing towards the mountain","When radiation intensifies","No other answer is correct","When the wind direction changes","Evionica"
"Meteorology – 050.04(2)","050.04(2) Q0012","Advection fog forms when the _____ air of _____ moves over a cold surface.","warm / high relative humidity","cold / high relative humidity","warm / low relative humidity","cold / low relative humidity","warm / high relative humidity","Evionica"
"Meteorology – 050.04(2)","050.04(2) Q0013","Which type of fog is most likely to form when air the temperature of which is 7 °C and whose dew point is 4 °C moves over the sea the temperature of which is 2 °C?","Advection fog","Frontal fog","Steaming fog","Radiation fog","Advection fog","Evionica"
"Meteorology – 050.04(2)","050.04(2) Q0014","Advection fogs form over the land, usually during _____, and over sea areas, typically in _____.","winter and early spring / late spring and early summer","late spring and early summer / winter and early spring","winter and spring / summer and autumn","summer and autumn / winter and spring","winter and early spring / late spring and early summer","Evionica"
"Meteorology – 050.04(2)","050.04(2) Q0015","What is true about advection fog? Select the most complete answer.","Advection fogs may be encountered during the whole year","Advection fog may form only over the sea","Advection fog dissipates when the wind speed decreases below 15 kt","All answers are correct","Advection fogs may be encountered during the whole year","Evionica"
"Meteorology – 050.04(2)","050.04(2) Q0016","Which cloud appears after advection fog is being lifted by the wind?","St","Cu","Sc","Ns","St","Evionica"
"Meteorology – 050.04(2)","050.04(2) Q0017","Which type of fog can be observed commonly in the coastal regions of Newfoundland and Kamchatka Peninsula?","Advection fog","Frontal fog","Radiation fog","Steaming fog","Advection fog","Evionica"
"Meteorology – 050.04(2)","050.04(2) Q0018","Steaming fog can be up to _____ in thickness.","150 m","200 m","250 m","300 m","150 m","Evionica"
"Meteorology – 050.04(2)","050.04(2) Q0019","Which set consists of conditions that are most favorable for the formation of steaming fog?","Cold air mass, light wind","Cold air mass, strong wind","Warm air mass, strong wind","Warm air mass, light wind","Cold air mass, light wind","Evionica"
"Meteorology – 050.04(2)","050.04(2) Q0020","Frontal fogs form on the _____ side of a _____.","cold / warm front","cold / cold front","warm / warm front","warm / cold front","cold / warm front","Evionica"
"Meteorology – 050.05","050.05 Q0001","Coalescence is powered by _____. It occurs _____ and causes rain or _____.","drafts; above 0 °C; drizzle","oversaturation; above 0 °C; drizzle","oversaturation; below 0 °C; snow","drafts; above 0 °C; snow","drafts; above 0 °C; drizzle","Evionica"
"Meteorology – 050.05","050.05 Q0002","Wegener–Bergeron–Findeisen process is powered by _____. It occurs _____ and causes rain or _____.","oversaturation and deposition; below 0 °C; snow","oversaturation and deposition; below 0 °C; drizzle","oversaturation and deposition; above 0 °C; snow","drafts; below 0 °C; snow","oversaturation and deposition; below 0 °C; snow","Evionica"
"Meteorology – 050.05","050.05 Q0003","What clouds can hail be formed in?","Only in cumulonimbus clouds","In many different cloud types, depending on atmospheric conditions","Only in cumulus and nimbostratus clouds","Only in nimbostratus clouds","Only in cumulonimbus clouds","Evionica"
"Meteorology – 050.05","050.05 Q0004","Which process enhances the creation of precipitation? Select the most complete answer.","Cloud currents","Cyclonic movement","Temperature inversion","All answers are correct","Cloud currents","Evionica"
"Meteorology – 050.05","050.05 Q0005","What is the approximate size of water particles forming in a cloud?","0.02 mm","0.2 mm","0.5 mm","0.05 mm","0.02 mm","Evionica"
"Meteorology – 050.05","050.05 Q0006","Which statement is true, with regards to rain? Select the most complete answer.","The diameter of rain droplets is between 0.5 and 5.5 millimetres","Rain can occur from any cloud","Visibility in rain does not exceed 5 km","All answers are correct","The diameter of rain droplets is between 0.5 and 5.5 millimetres","Evionica"
"Meteorology – 050.05","050.05 Q0007","Which statement is true, with regards to drizzle? Select the most complete answer.","All answers are correct","The diameter of drizzle droplets is less than 0.5 mm","Visibility in drizzle is worse than in rain","Drizzle only occurs in layer clouds","All answers are correct","Evionica"
"Meteorology – 050.05","050.05 Q0008","How is freezing rain created?","Through warm fronts melting falling snow into droplets that supercool in the cold air near the surface and freeze upon impact","Through supercooled droplets falling from clouds that freeze upon impact","Through cold fronts supercooling rain near the surface, which then freezes upon impact","Through cold fronts supercooling rain in the atmosphere that freezes upon impact","Through warm fronts melting falling snow into droplets that supercool in the cold air near the surface and freeze upon impact","Evionica"
"Meteorology – 050.05","050.05 Q0009","How is freezing drizzle created?","When no ice crystals are present in a cloud of supercooled droplets, the supercooled droplets fall through the atmosphere as freezing drizzle and froze upon impact","Through warm fronts melting falling snow into drizzle that supercools in the cold air near the surface and freezes upon impact","Through cold fronts supercooling drizzle in the atmosphere that freezes upon impact","When snow created through the Wegener–Bergeron–Findeisen process falls from the cloud, it will melt in the higher layers of the atmosphere, forming drizzle, which can supercool in the lower layers of the atmosphere and form freezing drizzle","When no ice crystals are present in a cloud of supercooled droplets, the supercooled droplets fall through the atmosphere as freezing drizzle and froze upon impact","Evionica"
"Meteorology – 050.05","050.05 Q0010","What clouds can snowfall be expected from?","All clouds except cirrocumulus and cirrostratus","All clouds except stratus clouds","Only cumulus clouds","All clouds except cirrus, cirrocumulus, and cirrostratus","All clouds except cirrocumulus and cirrostratus","Evionica"
"Meteorology – 050.05","050.05 Q0011","The snow crystals _____ in size as the air becomes more saturated. Visibility in snowfall worsens as the ambient temperature _____.","increase; lowers","increase; raises","decrease; lowers","decrease; raises","increase; lowers","Evionica"
"Meteorology – 050.05","050.05 Q0012","Which statement is true, with regards to hail? Select the most complete answer.","Hail occurs only as showers","Hail comes only from cumulus and cumulonimbus clouds","Hail particles' diameter does not exceed 50 mm","All answers are correct","Hail occurs only as showers","Evionica"
"Meteorology – 050.05","050.05 Q0013","Categorize 3 types of snowfall in the order of increasing particle size.","Grains, flakes, pellets","Flakes, grains, pellets","Pellets, grains, flakes","Flakes, pellets, grains","Grains, flakes, pellets","Evionica"
"Meteorology – 050.05","050.05 Q0014","How is hail created?","Hail develops from cumulonimbus snow pellet showers","Hail particles are formed through the Wegener–Bergeron–Findeisen process in cumulus clouds","Hail particles are formed through the Wegener–Bergeron–Findeisen process in cumulonimbus clouds","Hail develops from rain showers affected by cold fronts","Hail develops from cumulonimbus snow pellet showers","Evionica"
"Meteorology – 050.05","050.05 Q0015","What is true about ice pellets?","Ice pellets' diameter does not exceed 5 millimetres, they usually form in altostratus and nimbostratus clouds","Ice pellets' diameter does not exceed 5 millimetres, they rarely form in layered clouds","Ice pellets' diameter might exceed 5 millimetres, they usually form in altostratus and nimbostratus clouds","Ice pellets' diameter might exceed 5 millimetres, they rarely form in layered clouds","Ice pellets' diameter does not exceed 5 millimetres, they usually form in altostratus and nimbostratus clouds","Evionica"
"Meteorology – 050.05","050.05 Q0016","Which particles can produce halos? Select the most complete answer.","All answers are correct","Diamond dust","Ice crystals","Ice particles, the diameter of which does not exceed 0.1 mm","All answers are correct","Evionica"
"Meteorology – 050.05","050.05 Q0017","Which clouds can showers fall from?","Only heap clouds","Only cumulus clouds","Only cumulonimbus clouds","No other answer is correct","Only heap clouds","Evionica"
"Meteorology – 050.05","050.05 Q0018","What are the 3 terms used to classify precipitation intensity?","Light, moderate, heavy","Intermittent, continuous, showery","Not intense, intense, very intense","Light, intermediate, showery","Light, moderate, heavy","Evionica"
"Meteorology – 050.06(1)","050.06(1) Q0001","What is an air mass?","A large body of air, parameters of which, like temperature, are roughly constant in the horizontal direction","A large body of air, parameters of which, like temperature, are roughly constant in the entire body","A large body of air, parameters of which, like temperature, are roughly constant in the vertical direction","A large body of air, parameters of which, like temperature, are roughly constant in the vertical and horizontal directions","A large body of air, parameters of which, like temperature, are roughly constant in the horizontal direction","Evionica"
"Meteorology – 050.06(1)","050.06(1) Q0002","How are air masses created?","Through stagnation of air over regions of constant thermodynamical parameters","Through stagnation of jet streams over land","Through interaction of cyclones and anticyclones with air over land masses","Through influence of sea currents over land","Through stagnation of air over regions of constant thermodynamical parameters","Evionica"
"Meteorology – 050.06(1)","050.06(1) Q0003","What are the main source regions of air masses?","Polar and subtropical highs","Polar and thermal lows","Polar and subtropical lows","Polar lows and subtropical highs","Polar and subtropical highs","Evionica"
"Meteorology – 050.06(1)","050.06(1) Q0004","Air masses are _____.","stable at the source, but can become unstable if they move","stable at the source, and will destabilize if they move","unstable at the source, and will stabilize as they cool off","unstable at the source, and will stabilize as they move","stable at the source, but can become unstable if they move","Evionica"
"Meteorology – 050.06(1)","050.06(1) Q0005","An air mass moving from a warm to a cold region will become _____ humid and _____ stable.","more; more","less; more","more; less","less; less","more; more","Evionica"
"Meteorology – 050.06(1)","050.06(1) Q0006","How are air masses classified? Select the most complete answer.","All answers are correct","By type","By temperature","By humidity","All answers are correct","Evionica"
"Meteorology – 050.06(1)","050.06(1) Q0007","Which air masses affect Europe? Select the most complete answer.","All answers are correct","Polar","Tropical","Arctic maritime","All answers are correct","Evionica"
"Meteorology – 050.06(1)","050.06(1) Q0008","What is the weather pattern in the Arctic maritime air mass?","Increased humidity and snowstorms and blizzards","Decreased humidity and snowstorms and blizzards","Low temperature, decreased humidity and rain, thunderstorms, and hail","Increased humidity and rain, thunderstorms, and hail","Increased humidity and snowstorms and blizzards","Evionica"
"Meteorology – 050.06(1)","050.06(1) Q0009","What is the weather pattern in the Polar maritime air mass in winter?","Increased temperature, increased humidity and rain, thunderstorms, and hail","Low temperature, decreased humidity and snowstorms and blizzards","Low temperature, decreased humidity and rain, thunderstorms, and hail","Low temperature, increased humidity and snowstorms and blizzards","Increased temperature, increased humidity and rain, thunderstorms, and hail","Evionica"
"Meteorology – 050.06(1)","050.06(1) Q0010","What is the weather pattern in the Polar continental air mass in late autumn in central Europe?","Good visibility and clear sky","Good visibility and snowfall","Moderate visibility and snowfall","Moderate visibility and clear sky","Good visibility and clear sky","Evionica"
"Meteorology – 050.06(1)","050.06(1) Q0011","What is the weather pattern in the Tropical continental air mass in summer?","High temperatures, moderate visibility, and clear sky","High temperatures, moderate visibility, and occasional rainfall","Moderate temperatures, good visibility, and clear sky","Moderate temperatures, good visibility, and occasional rainfall","High temperatures, moderate visibility, and clear sky","Evionica"
"Meteorology – 050.06(1)","050.06(1) Q0012","What is the weather pattern in the Tropical maritime air mass in early summer?","Low visibility and drizzle or clear sky","Moderate visibility and clear sky or cumulus clouds","Low visibility and clear sky or cumulus clouds","Low visibility and clear sky","Low visibility and drizzle or clear sky","Evionica"
"Meteorology – 050.06(1)","050.06(1) Q0013","What is not a commonly used classification of air masses by source regions?","No other answer is correct","Polar air mass","Arctic air mass","Equatorial air mass","No other answer is correct","Evionica"
"Meteorology – 050.06(1)","050.06(1) Q0014","What is the air mass most likely to be displayed on the chart?","Tropical continental","Polar continental","Tropical maritime","No other answer is correct","Tropical continental","Evionica"
"Meteorology – 050.06(1)","050.06(1) Q0015","Which air mass originates from the polar ice cap and moves south towards Europe?","Arctic maritime","Arctic continental","Polar maritime","Polar continental","Arctic maritime","Evionica"
"Meteorology – 050.06(1)","050.06(1) Q0016","Which air mass affecting Europe originates in the North Atlantic?","Polar Maritime","Tropical maritime","Arctic maritime","No other answer is correct","Polar Maritime","Evionica"
"Meteorology – 050.06(1)","050.06(1) Q0017","Which air mass affecting Europe originates from Syberia?","Polar continental","Polar maritime","Tropical continental","Arctic maritime","Polar continental","Merged"
"Meteorology – 050.06(1)","050.06(1) Q0018","Which air mass affecting Europe originates from North Africa and Southeast Europe?","Tropical continental","Polar continental","Tropical maritime","Polar maritime","Tropical continental","Evionica"
"Meteorology – 050.06(1)","050.06(1) Q0019","Which air mass affecting Europe originates from The Azores Anticyclone?","Tropical maritime","Polar maritime","Equatorial maritime","Equatorial continental","Tropical maritime","Evionica"
"Meteorology – 050.06(1)","050.06(1) Q0020","Underlying flora will _____ of a passing airmass.","increase the humidity","decrease the temperature","increase the temperature","decrease the humidity","increase the humidity","Evionica"
"Meteorology – 050.06(1)","050.06(1) Q0021","How does the orographic effect change the properties of a passing air mass?","The air mass sinking down the leeward side becomes warmer and drier","The air mass sinking down the leeward side becomes colder and wetter","The air mass sinking down the leeward side becomes warmer and wetter","The air mass sinking down the leeward side becomes colder and drier","The air mass sinking down the leeward side becomes warmer and drier","Evionica"
"Meteorology – 050.06(1)","050.06(1) Q0022","What flight hazard is associated with warm air masses? Select the most complete answer.","Icing","Turbulence","Hail","All answers are correct","Icing","Evionica"
"Meteorology – 050.06(1)","050.06(1) Q0023","What flight hazard is associated with continental warm air masses?","Reduced visibility below the inversion","Rain showers","Strong convection","No other answer is correct","Reduced visibility below the inversion","Evionica"
"Meteorology – 050.06(1)","050.06(1) Q0024","What flight hazard is associated with cold air masses?","Hail","Freezing rain","Icing","Fog","Hail","Evionica"
"Meteorology – 050.06(1)","050.06(1) Q0025","What is a frontal zone?","A front of the length extending up to 300 NM","A front of the length extending up to 30 NM","A front of the length extending beyond 30 NM","A front of the length extending beyond 300 NM","A front of the length extending up to 300 NM","Evionica"
"Meteorology – 050.06(1)","050.06(1) Q0026","What is a front? Select the most complete answer.","A surface or region where boundaries of two air masses of different temperatures interact","All answers are correct","A surface or region where boundaries of two air masses of different pressure interact","A surface or region where boundaries of two air masses of different windspeed interact","A surface or region where boundaries of two air masses of different temperatures interact","Evionica"
"Meteorology – 050.06(1)","050.06(1) Q0027","At what latitudes does the polar front occur in summer?","35°N – 65°N and 45°S – 55°S","55°N – 65°N and 45°S – 55°S","45°N – 55°N and 35°S – 65°S","45°N – 55°N and 55°S – 65°S","35°N – 65°N and 45°S – 55°S","Evionica"
"Meteorology – 050.06(1)","050.06(1) Q0028","The polar front is located between the _____ and _____ air masses.","tropical; polar","arctic; polar","arctic; tropical","tropical; equatorial","tropical; polar","Evionica"
"Meteorology – 050.06(1)","050.06(1) Q0029","At what latitudes does the arctic front occur?","45°N – 70°N","35°N – 60°N","50°N – 75°N","35°N – 50°N","45°N – 70°N","Evionica"
"Meteorology – 050.06(1)","050.06(1) Q0030","The arctic front _____.","moves depending on the season","remains fixed at about 60°N throughout the year","exists only over the Mediterranean Sea","separates tropical air from equatorial air","moves depending on the season","Merged"
"Meteorology – 050.06(1)","050.06(1) Q0031","The mediterranean front is located between the _____ and _____ air masses.","continental or maritime; tropical","polar or continental; tropical","tropical; equatorial","polar; tropical","continental or maritime; tropical","Evionica"
"Meteorology – 050.06(1)","050.06(1) Q0032","When does the mediterranean front occur?","Only in winter","In late winter and early spring","Only in summer","Throughout the year without seasonal preference","Only in winter","Merged"
"Meteorology – 050.06(2)","050.06(2) Q0001","What is the name of the boundary created as a warm air mass rises up above cold air and replaces it?","Warm front","Arctic front","Polar front","Cold front","Warm front","Evionica"
"Meteorology – 050.06(2)","050.06(2) Q0002","What clouds are associated with warm fronts?","Cirrus and cirrostratus clouds at the higher levels, and altostratus, nimbostratus, and stratus clouds at the lower levels","Cirrus and cirrostratus clouds at the higher levels, and altostratus and cumulonimbus clouds at the lower levels","Cirrostratus and altostratus clouds at the higher levels, and nimbostratus and stratus clouds at the lower levels","Cirrostratus and altostratus clouds at the higher levels, and nimbostratus and cumulonimbus clouds at the lower levels","Cirrus and cirrostratus clouds at the higher levels, and altostratus, nimbostratus, and stratus clouds at the lower levels","Evionica"
"Meteorology – 050.06(2)","050.06(2) Q0003","The passage of _____ warm front is associated with _____.","stable; long and continuous precipitation","unstable; thunderstorms and good ground visibility","unstable; long and continuous precipitation","stable; good flight visibility","stable; long and continuous precipitation","Evionica"
"Meteorology – 050.06(2)","050.06(2) Q0004","Warm front moves _____ than the cold front, causing _____ weather.","slower; long-lasting","faster; short-lived showery","faster; long-lasting stratiform","at the same speed; intermittent","slower; long-lasting","Merged"
"Meteorology – 050.06(2)","050.06(2) Q0005","What is the name of the boundary created as a cold air mass forces itself below warm air and replaces it?","Cold front","Warm front","Polar front","Arctic front","Cold front","Evionica"
"Meteorology – 050.06(2)","050.06(2) Q0006","What clouds are associated with cold fronts?","Cirrus and cirrostratus clouds at the higher levels, and altostratus and cumulonimbus clouds at the lower levels","Predominantly stratocumulus and nimbostratus with light continuous rain","Only high cirrus with no low-level convective cloud","Fog and stratus with drizzle and no vertical development","Cirrus and cirrostratus clouds at the higher levels, and altostratus and cumulonimbus clouds at the lower levels","Merged"
"Meteorology – 050.06(2)","050.06(2) Q0007","Cold fronts are _____ which causes _____.","unstable; good visibility","stable; good visibility","stable; bad visibility","unstable; bad visibility","unstable; good visibility","Evionica"
"Meteorology – 050.06(2)","050.06(2) Q0008","Cold fronts are associated with","Strong gusts, heavy rains, and thunderstorms","Fog, heavy rains, and thunderstorms","Light winds and heavy rains","Clear sky","Strong gusts, heavy rains, and thunderstorms","Evionica"
"Meteorology – 050.06(2)","050.06(2) Q0009","Ahead of a warm front, pressure _____ and temperature _____.","decreases; does not increase","decreases; remains constant","Increases; decreases","increases; increases sharply","decreases; does not increase","Merged"
"Meteorology – 050.06(2)","050.06(2) Q0010","In the warm frontal zone, pressure _____ and temperature _____.","Decrease; does not decrease","increases; decreases","decreases; decreases","increases; increases","Decrease; does not decrease","Evionica"
"Meteorology – 050.06(2)","050.06(2) Q0011","Behind a warm front, pressure _____ and temperature _____.","does not increase; increases","increases; decreases","decreases; increases","remains constant; increases","does not increase; increases","Evionica"
"Meteorology – 050.06(2)","050.06(2) Q0012","What clouds and precipitation are typical ahead of a warm front?","Cirrus and cirrostratus clouds and light or non-existent precipitation","Cirrus and cirrostratus clouds and non-existent precipitation","Stratocumulus clouds and light or non-existent precipitation","Altostratus, nimbostratus, and stratus clouds and drizzle and rain or snowfall","Cirrus and cirrostratus clouds and light or non-existent precipitation","Evionica"
"Meteorology – 050.06(2)","050.06(2) Q0013","What clouds and precipitation are typical ahead in the warm frontal zone?","Altostratus, nimbostratus, and stratus clouds and drizzle and rain or snowfall","Stratocumulus clouds and light or non-existent precipitation","Cirrus and cirrostratus clouds and light or non-existent precipitation","Cirrus and cirrostratus clouds and non-existent precipitation","Altostratus, nimbostratus, and stratus clouds and drizzle and rain or snowfall","Evionica"
"Meteorology – 050.06(2)","050.06(2) Q0014","What clouds and precipitation are typical behind the warm front?","Stratocumulus clouds and light or non-existent precipitation","Cirrus and cirrostratus clouds and light or non-existent precipitation","Altostratus, nimbostratus, and stratus clouds and drizzle and rain or snowfall","Cirrus and cirrostratus clouds and non-existent precipitation","Stratocumulus clouds and light or non-existent precipitation","Evionica"
"Meteorology – 050.06(2)","050.06(2) Q0015","Ahead of a cold front, pressure _____ and temperature _____.","decreases; decreases","increases; decreases","decreases; increases","decreases; remains constant","decreases; decreases","Evionica"
"Meteorology – 050.06(2)","050.06(2) Q0016","In the cold frontal zone, pressure _____ and temperature _____.","increases; decreases","decreases; decreases","increases; remains constant","decreases; increases","increases; decreases","Evionica"
"Meteorology – 050.06(2)","050.06(2) Q0017","Behind a cold front, pressure _____ and temperature _____.","increases; decreases","increases; remains constant","decreases; decreases","decreases; increases","increases; decreases","Evionica"
"Meteorology – 050.06(2)","050.06(2) Q0018","What clouds and precipitation are typical ahead of a cold front?","Cirrus and cirrostratus clouds and non-existent precipitation","Cumulonibus, cumulus, and altostratus clouds and heavy rainfall or snowfall","Cirrus and cirrostratus clouds and light or non-existent precipitation","Cumulonimbus and cumulus clouds and light or non-existent precipitation","Cirrus and cirrostratus clouds and non-existent precipitation","Evionica"
"Meteorology – 050.06(2)","050.06(2) Q0019","What clouds and precipitation are typical in the cold frontal zone?","Embedded Cumulonimbus and Altostratus clouds and heavy rainfall or snowfall","Cirrus and Cirrostratus clouds and non-existent precipitation","Cirrus and Cirrostratus clouds and light or non-existent precipitation","Embedded Cumulonimbus and Cumulus clouds and light or non-existent precipitation","Embedded Cumulonimbus and Altostratus clouds and heavy rainfall or snowfall","Evionica"
"Meteorology – 050.06(2)","050.06(2) Q0020","What clouds and precipitation are typical behind the cold front?","Cumulonimbus and cumulus clouds and light or non-existent precipitation","Cirrus and cirrostratus clouds and light or non-existent precipitation","Cumulonibus, cumulus, and altostratus clouds and heavy rainfall or snowfall","Cirrus and cirrostratus clouds and non-existent precipitation","Cumulonimbus and cumulus clouds and light or non-existent precipitation","Evionica"
"Meteorology – 050.06(2)","050.06(2) Q0021","_____ fronts move from the southwest to the _____.","Warm; northeast","Cold; northeast","Cold; northwest","Warm; northwest","Warm; northeast","Evionica"
"Meteorology – 050.06(2)","050.06(2) Q0022","Sections of a _____ front can move to the _____.","cold; southeast, east, west, or northeast","arm; southeast, east, west, or northeast","warm; southeast, east, or west","warm; southeast or northeast","cold; southeast, east, west, or northeast","Evionica"
"Meteorology – 050.06(2)","050.06(2) Q0023","What is the approximate speed of the cold front marked with the frame?","Approximately 15 knots","Approximately 10 knots","Approximately 60 knots","Approximately 30 knots","Approximately 15 knots","Evionica"
"Meteorology – 050.06(2)","050.06(2) Q0024","What is the speed of the warm front marked with the frame? Use the displayed dimensions as a unit reference when using the geostrophic wind scale.","Approximately 13 knots","Approximately 33 knots","Approximately 27 knots","Approximately 20 knots","Approximately 13 knots","Evionica"
"Meteorology – 050.06(2)","050.06(2) Q0025","What is the slope of a warm front?","1:150","1 : 100","1 : 50","1 : 75","1:150","Evionica"
"Meteorology – 050.06(2)","050.06(2) Q0026","What is the slope of a cold front?","1 : 50","1 : 75","1 : 100","1 : 150","1 : 50","Evionica"
"Meteorology – 050.06(2)","050.06(2) Q0027","A warm front moves at the speed of _____ knots, and a cold front moves at the speed of _____ knots.","10; 15 to 25","25; 20 to 25","15; 15 to 25","25 to 15; 20","10; 15 to 25","Evionica"
"Meteorology – 050.06(2)","050.06(2) Q0028","What is a stationary front?","A front that moves at the speed of 5 knots or less","A front created by the union of a cold and a warm front","A front that moves at the speed of 10 knots or less","A front that is created when a warm or a cold front dissolves","A front that moves at the speed of 5 knots or less","Evionica"
"Meteorology – 050.06(2)","050.06(2) Q0029","What is true about stationary fronts?","Stationary fronts are calm and long-lasting. They commonly feature stratus clouds and drizzle or light rain, visibility is vastly reduced in stationary fronts.","Stationary fronts are brief. They commonly feature stratus clouds. Wind blows parallel to a stationary front.","Stationary fronts are calm and long-lasting. They commonly feature cirrus clouds and drizzle or light rain. Wind blows perpendicular to a stationary","Stationary fronts are brief. They commonly feature stratus clouds. Visibility is vastly reduced in stationary fronts.","Stationary fronts are calm and long-lasting. They commonly feature stratus clouds and drizzle or light rain, visibility is vastly reduced in stationary fronts.","Evionica"
"Meteorology – 050.06(2)","050.06(2) Q0030","How are frontal depressions developed?","In favourable atmospheric conditions, a pressure drop at the tip of a frontal wave occurs and triggers the rotation of the air masses around the tip, creating a frontal depression.","When a cold front meets a stationary front, it causes the stationary front to form ripples, creating a frontal wave. This frontal wave develops into a rotating air mass, known as the frontal depression.","When a ripple along a stationary polar front develops, a frontal wave is created. As the pressure raises at the tip of frontal wave, air masses around the tip start rotating, creating a frontal depression.","When a warm and a cold front meet, they start rippling through each other. This creates a rotating air mass known as a frontal depression.","In favourable atmospheric conditions, a pressure drop at the tip of a frontal wave occurs and triggers the rotation of the air masses around the tip, creating a frontal depression.","Evionica"
"Meteorology – 050.06(2)","050.06(2) Q0031","Which quadrant of the map displayed contains a warm sector?","Quadrant I","Quadrant II","Quadrant III","Quadrant IV","Quadrant I","Evionica"
"Meteorology – 050.06(2)","050.06(2) Q0032","In a frontal wave, pressure _____ ahead of the warm front and _____ behind the cold front.","decreases; increases","increases; decreases","remains constant; increases","increases; remains constant","decreases; increases","Evionica"
"Meteorology – 050.06(2)","050.06(2) Q0033","In a frontal wave, temperature _____ ahead of the warm front and _____ behind the cold front.","is steady; is steady","is steady; raises","raises; raises","raises; is steady","is steady; is steady","Evionica"
"Meteorology – 050.06(2)","050.06(2) Q0034","What is true about warm sectors?","Extensive stratus clouds are present in warm sectors","Advection fog is common in warm sectors in summer","Wind blows from the southeast in warm sectors","No other answer is correct","Extensive stratus clouds are present in warm sectors","Evionica"
"Meteorology – 050.06(2)","050.06(2) Q0035","What is an occluded front?","A front that is created as warm air accumulated in the warm sector gets trapped over the cold air","A boundary created as warm air pushes cold air out","A front created when a quickly travelling warm front meets a slow cold front","A front that moves at the speed of 5 knots or less","A front that is created as warm air accumulated in the warm sector gets trapped over the cold air","Evionica"
"Meteorology – 050.06(2)","050.06(2) Q0036","An occlusion, _____, travels along the frontal depression, _____.","until its disapperance; in the depression's centre","before it dettaches; at its tip","until its disapperance; at its tip","before it dettaches; in the depression's centre","until its disapperance; in the depression's centre","Evionica"
"Meteorology – 050.06(2)","050.06(2) Q0037","A frontal depression dissipates as the pressure _____.","in its centre rises","in its centre lowers","in the neighbouring pressure systems lowers","in the neighbouring pressure systems raises","in its centre rises","Evionica"
"Meteorology – 050.06(2)","050.06(2) Q0038","Typically, the development of a frontal depression takes _____ and the dissipation _____.","4 days; 10 days","5 days; 12 days","7 days; 7 days","3 days; 7 days","4 days; 10 days","Evionica"
"Meteorology – 050.06(2)","050.06(2) Q0039","Which weather phenomena marked on the chart are a warm and a cold occlusion?","I – cold occlusion, III – warm occlusion","I – warm occlusion, III – cold occlusion","II – both cold and warm occlusion","IV – cold occlusion, no warm occlusion is shown on the map","I – cold occlusion, III – warm occlusion","Evionica"
"Meteorology – 050.06(2)","050.06(2) Q0040","What is true about cold occlusions?","No other answer is correct","Altostratus clouds form behind cold occlusions. Visibility in the vicinity of cold occlusions is generally poor.","Altocumulus clouds appear ahead of cold occlusions. Visibility improves right behind cold occlusions.","Cumulonimbus clouds form behind cold occlusions. Visibility improves right behind cold occlusions.","No other answer is correct","Evionica"
"Meteorology – 050.06(2)","050.06(2) Q0041","What is true about warm occlusions?","Cumulonimbus clouds cause heavy precipitation and thunderstorms ahead of warm occlusions. Visibility improves right behind warm occlusions.","Nimbostratus clouds form far ahead of warm occlusions. Visibility improves right behind warm occlusions.","Cumulonimbus clouds cause heavy precipitation and thunderstorms behind warm occlusions. Nimbostratus clouds form ahead of warm occlusions.","No other answer is correct","Cumulonimbus clouds cause heavy precipitation and thunderstorms ahead of warm occlusions. Visibility improves right behind warm occlusions.","Evionica"
"Meteorology – 050.06(2)","050.06(2) Q0042","When do occlusions occur?","Cold occlusions occur mainly in summer, while warm occlusions occur mainly in winter","Cold occlusions occur mainly in winter, while warm occlusions occur mainly in summer","Occlusions occur primarily in summer","Occlusions occur primarily in winter","Cold occlusions occur mainly in summer, while warm occlusions occur mainly in winter","Evionica"
"Meteorology – 050.07","050.07 Q0001","_____ creates _____ systems.","High-level divergence / low-pressure","High-level convergence / low-pressure","Low-level convergence / high-pressure","High-level divergence / high-pressure","High-level divergence / low-pressure","Evionica"
"Meteorology – 050.07","050.07 Q0002","Which of the following statement is true?","Ridges and anticyclones are areas of descending air","Troughs and anticyclones are areas of ascending air","Ridges and cyclones are areas of ascending air","Troughs and cyclones are areas of descending air","Ridges and anticyclones are areas of descending air","Evionica"
"Meteorology – 050.07","050.07 Q0003","What is subsidence?","The vertical downflow of the air","The horizontal flow of the air","The vertical up flow of the air","The turbulent movement of the air within the friction layer","The vertical downflow of the air","Evionica"
"Meteorology – 050.07","050.07 Q0004","Why do low-pressure systems spin counterclockwise in the northern hemisphere and clockwise in the southern hemisphere?","Due to Coriolis force","Due to differences between temperature distribution in both hemispheres","Due to the pressure-gradient force alone","Due to friction between the surface and the planetary boundary layer","Due to Coriolis force","Merged"
"Meteorology – 050.07","050.07 Q0005","What causes movement of the ITCZ during the year?","Earth’s orbit","Coriolis force","Earth’s rotation","Changes in global winds","Earth’s orbit","Evionica"
"Meteorology – 050.07","050.07 Q0006","Typically, where do warm anticyclones originate?","At the border of Hadley and Ferrel cells","At the border of two Hadley cells","At the border of Polar and Ferrel cells","Over the poles","At the border of Hadley and Ferrel cells","Evionica"
"Meteorology – 050.07","050.07 Q0007","The zone of the subtropical highs is located at the latitude of around _____.","30°N","0° (the equator)","45°N","60°N","30°N","Merged"
"Meteorology – 050.07","050.07 Q0008","Typically, in which of the following regions can main anticyclones be encountered during winter?","Azores and Siberia","Canada and Iceland","Siberia and Iceland","Azores and Bermuda","Azores and Siberia","Evionica"
"Meteorology – 050.07","050.07 Q0009","What is the name of the frontal system that can be found between two frontal depressions?","Temporary cold anticyclone","Cold anticyclone","Blocking anticyclone","Warm anticyclone","Temporary cold anticyclone","Evionica"
"Meteorology – 050.07","050.07 Q0010","What is the feature of blocking anticyclones? Select the most complete answer.","Blocking anticyclones prevents the regular eastwards movement of frontal depressions","Blocking anticyclones are warm tropical depressions","Blocking anticyclones persist for no more than a few days","All answers are correct","Blocking anticyclones prevents the regular eastwards movement of frontal depressions","Evionica"
"Meteorology – 050.07","050.07 Q0011","Polar depressions usually appear around latitudes of _____ and shift a bit with seasons.","60°N/S","30°N/S","10°N/S","80°N/S","60°N/S","Merged"
"Meteorology – 050.07","050.07 Q0012","What is the reason for the formation of thermal depressions?","Hot surface air ascending to higher altitudes","Advection of cold air","Advection of hot air","Subsidence","Hot surface air ascending to higher altitudes","Evionica"
"Meteorology – 050.07","050.07 Q0013","What is true about non-frontal depressions? Select the most complete answer.","All answers are correct","Tropical cyclones are non-frontal depressions","In the summer, non-frontal depressions form over the land","In the winter, non-frontal depressions emerge from cold air masses coming from the polar regions","All answers are correct","Evionica"
"Meteorology – 050.07","050.07 Q0014","What is true about orographic depressions?","Orographic depression form on the leeward sides of mountains","Orographic depressions are common in the North European Plain","Orographic depressions form only on the windward side of mountains","Orographic depressions cannot form over any mountainous region","Orographic depression form on the leeward sides of mountains","Merged"
"Meteorology – 050.07","050.07 Q0015","Where is secondary depression most likely to appear?","At the cold front","At the warm front","Ahead of the cold front","Ahead of the warm front","At the cold front","Evionica"
"Meteorology – 050.07","050.07 Q0016","What is true about secondary depressions?","Secondary depressions circulate primary depressions in the cyclonic direction","Secondary depressions always move eastwards","Secondary depressions circulate primary depressions in the anticyclonic direction","Secondary depressions always move westwards","Secondary depressions circulate primary depressions in the cyclonic direction","Evionica"
"Meteorology – 050.07","050.07 Q0017","What is the name of an elongated low-pressure system?","Trough","Ridge","Col","Secondary depression","Trough","Evionica"
"Meteorology – 050.07","050.07 Q0018","What is true about cyclonic weather?","No other answer is correct","In depressions, visibility is good, and winds are light","In depressions, clouds are widespread, and winds are light","In depressions, the sky is clear, and winds are strong","No other answer is correct","Evionica"
"Meteorology – 050.07","050.07 Q0019","During the summer, what are typical weather conditions in warm anticyclone over the land?","No clouds, warm and light winds","Widespread clouds and strong winds","Drizzle and haze","Extensive St clouds and light winds","No clouds, warm and light winds","Evionica"
"Meteorology – 050.07","050.07 Q0020","During the winter, anticyclones are typically associated with _____ and _____.","fairly high temperature / poor visibility","low temperature / moderate visibility","moderate visibility / strong winds","clear skies / strong winds","fairly high temperature / poor visibility","Evionica"
"Meteorology – 050.07","050.07 Q0021","Cols are associated with _____ in autumn and winter and _____ in summer and spring.","poor visibility / thunderstorm","thunderstorms / fair weather","haze / relatively low temperature","haze / fair weather","poor visibility / thunderstorm","Evionica"
"Meteorology – 050.07","050.07 Q0022","What is the name of an area of stagnation located between two highs and two lows?","Col","Ridge","Secondary depression","Primary depression","Col","Evionica"
"Meteorology – 050.07","050.07 Q0023","What is a tropical cyclone?","A TRS with a wind speed exceeding 63 kt","A rotating thermal depression that develops over the cold polar seas","A TRS with a wind speed exceeding 33 kt","The name of the TRS developed in the western Pacific Ocean","A TRS with a wind speed exceeding 63 kt","Evionica"
"Meteorology – 050.07","050.07 Q0024","What is the condition necessary for the TRS to form? Select the most complete answer.","All answers are correct","The temperature of the ocean not less than 26 °C","No strong shears in the atmosphere","The depth of the ocean not less than 60 m","All answers are correct","Evionica"
"Meteorology – 050.07","050.07 Q0025","At which latitudes do TRSs typically originate?","Between 5° and 25°","Between 0° and 5°","Between 30° and 45°","Poleward of 60°","Between 5° and 25°","Merged"
"Meteorology – 050.07","050.07 Q0026","What is true about TRSs? Select the most complete answer.","A TRS becomes stronger as it moves away from the Equator","TRSs initially move eastwards with speeds of between 10 kt and 20 kt","At higher latitudes, the track of a TRS is deflected to the west","All answers are correct","A TRS becomes stronger as it moves away from the Equator","Evionica"
"Meteorology – 050.07","050.07 Q0027","Why do TRSs die at higher latitudes?","Because seas at higher latitudes are too cold to supply the TRS with energy","Because typically, seas at higher latitudes are too shallow to supply TRSs with a sufficient amount of energy","Because at higher latitudes, Coriolis force is too weak","Because at higher latitudes, winds driving TRSs die","Because seas at higher latitudes are too cold to supply the TRS with energy","Evionica"
"Meteorology – 050.07","050.07 Q0028","Which is the correct order of stages of development of the TRS, from the earliest to the latest? (I – severe tropical storm, II – tropical depression, III – tropical disturbance, IV – tropical storm)","III, II, IV, I","II, III, IV, I","III, IV, II, I","I, II, III, IV","III, II, IV, I","Merged"
"Meteorology – 050.07","050.07 Q0029","When does a tropical depression change into a tropical storm?","When the speed of sustained wind exceeds 33 kt","When sustained wind speeds are greater than 63 kt","When the wind circulation around the centre of the depression firstly occurs","When a cluster of thunderstorm clouds appears","When the speed of sustained wind exceeds 33 kt","Evionica"
"Meteorology – 050.07","050.07 Q0030","What is the diameter of the eye of a TRS?","Between 20 km and 50 km","Between 15 km and 50 km","Between 30 km and 60 km","Between 5 km and 15 km","Between 20 km and 50 km","Evionica"
"Meteorology – 050.07","050.07 Q0031","What is the main source of energy for a TRS?","Latent heat from oceanic water","Significant pressure gradient","Sensible heat from continental deserts","Kinetic energy of the subtropical jet stream","Latent heat from oceanic water","Merged"
"Meteorology – 050.07","050.07 Q0032","In the eye of the TRS, the wind speed _____, and the air _____.","is lower than 63 kt / descends","is greater than 63 kt / descends","is lower than 63 kt / ascends","is greater than 63 kt / ascends","is lower than 63 kt / descends","Evionica"
"Meteorology – 050.07","050.07 Q0033","Where in a TRS, turbulence is most severe, and the winds are strongest?","In the wall of the eye","In the middle of the eye","In the outer areas of the TRS","In the upper outflow region far from the centre","In the wall of the eye","Merged"
"Meteorology – 050.07","050.07 Q0034","If in the given year the name of the first cyclone developed over the Atlantic Ocean was Arthur, what might be the name of the next cyclone?","Bertha","Alice","Brian","Chris","Bertha","Evionica"
"Meteorology – 050.07","050.07 Q0035","What are good indicators of the vicinity of a TRS?","Very high values of starboard drift in the northern hemisphere and port drift in the southern hemisphere","Very high values of port drift in the northern hemisphere and starboard drift in the southern hemisphere","Very high values of starboard drift in both hemispheres","Very high values of port drift in both hemispheres","Very high values of starboard drift in the northern hemisphere and port drift in the southern hemisphere","Evionica"
"Meteorology – 050.07","050.07 Q0036","During which months do hurricanes appear over the Caribbean?","From August to October","From September to February","From April to August","From January to July","From August to October","Evionica"
"Meteorology – 050.07","050.07 Q0037","When is the NW coast of Australia most likely to be affected by cyclones?","No other answer is correct","From June to August","From August to October","From January to May","No other answer is correct","Evionica"
"Meteorology – 050.07","050.07 Q0038","When does the season of tropical cyclones start around the Indian subcontinent?","In May","In August","In June","In November","In May","Evionica"
"Meteorology – 050.07","050.07 Q0039","In which area is the frequency of TRSs appearance the highest?","South China Sea","Arabian Sea","West coast of the USA","Coral Sea","South China Sea","Evionica"
"Meteorology – 050.07","050.07 Q0040","In which months are typhoons most likely to occur in the vicinity of Japanese islands?","From July to November","From August to October","From May to November","From November to April","From July to November","Evionica"
"Meteorology – 050.07","050.07 Q0041","During which seasons are TRSs most likely to appear in the northern hemisphere?","Summer and autumn","Only in summer","Only in winter","Winter and spring","Summer and autumn","Evionica"
"Meteorology – 050.07","050.07 Q0042","Where do TRSs typically not form?","In the south Atlantic Ocean","In the Gulf of Bengal","In the eastern Pacific Ocean","No other answer is correct","In the south Atlantic Ocean","Evionica"
"Meteorology – 050.08(1)","050.08(1) Q0001","Which circulatory cell is located over the mid-latitudes?","Ferrel cell","Polar cell","No other answer is correct","Hadley cell","Ferrel cell","Evionica"
"Meteorology – 050.08(1)","050.08(1) Q0002","Which feature is not characteristic of tropical rain climate?","No other answer is correct","No dry season","Average monthly rainfall > 60 mm","Average coldest monthly temperature > 18 °C","No other answer is correct","Evionica"
"Meteorology – 050.08(1)","050.08(1) Q0003","In what latitudinal range does dry climate occur?","20° – 35°, north and south","15° – 25°, north and south","40° – 60°, north and south","0° – 10°, north and south","20° – 35°, north and south","Evionica"
"Meteorology – 050.08(1)","050.08(1) Q0004","Which climate extends from 50° to 70° latitude, both north and south?","Subarctic climate","Mid-latitude climate","Temperate transitional climate","Continental climate","Subarctic climate","Evionica"
"Meteorology – 050.08(1)","050.08(1) Q0005","Which feature is characteristic of tropical transitional climate? Select the most complete answer.","All answers are correct","High temperatures","Savannah ecosystem","Dry winter","All answers are correct","Evionica"
"Meteorology – 050.08(1)","050.08(1) Q0006","Which climate is characterised by cool, wet winter and warm, dry summer?","Temperate transitional climate","Tropical transitional climate","Maritime climate","Continental climate","Temperate transitional climate","Evionica"
"Meteorology – 050.08(1)","050.08(1) Q0007","The Intertropical Convergence Zone is located the northernmost in _____ and the southernmost in _____.","June; December","September; March","December; June","March; September","June; December","Evionica"
"Meteorology – 050.08(1)","050.08(1) Q0008","Why does the Intertropical Convergence Zone’s (ITCZ’s) latitude differ slightly along the earth’s circumference? Select the most complete answer.","Because lands have greater thermal capacity than seas and oceans","Because the ITCZ does not fully coincide with the thermal equator","All answers are correct","Because the ITCZ’s position depends on the earth’s relative position to the sun","Because lands have greater thermal capacity than seas and oceans","Evionica"
"Meteorology – 050.08(1)","050.08(1) Q0009","Trade winds are prevailing _____ winds converging at the _____.","east-to-west; Intertropical Convergence Zone (ITCZ)","east-to-west; horse latitudes","west-to-east; Intertropical Convergence Zone (ITCZ)","west-to-east; horse latitudes","east-to-west; Intertropical Convergence Zone (ITCZ)","Evionica"
"Meteorology – 050.08(1)","050.08(1) Q0010","Easterlies deflect towards _____, because of _____.","west; the Coriolis effect","east; the Coriolis effect","west; the pressure difference","east; the pressure difference","west; the Coriolis effect","Evionica"
"Meteorology – 050.08(1)","050.08(1) Q0011","Which characteristic feature is common for both the doldrums and the horse latitudes? Select the most complete answer.","No horizontal air movement","All answers are correct","Low pressure","No precipitation","No horizontal air movement","Evionica"
"Meteorology – 050.08(1)","050.08(1) Q0012","The freezing level in the tropical climate zone is _____ in the Northern Hemisphere’s summer and _____ in winter.","FL180; FL160","FL100; FL080","FL250; FL300","FL050; FL100","FL180; FL160","Merged"
"Meteorology – 050.08(1)","050.08(1) Q0013","Which weather conditions are common in the eye of a tropical cyclone?","No wind","Intensive rainfall","Downdraughts","No other answer is correct","No wind","Evionica"
"Meteorology – 050.08(1)","050.08(1) Q0014","What is the rotation direction of a cyclone?","Clockwise in the Southern Hemisphere and anticlockwise in the Northern Hemisphere","Clockwise in the Northern Hemisphere and anticlockwise in the Southern Hemisphere","Clockwise in both hemispheres","Anticlockwise in both hemispheres","Clockwise in the Southern Hemisphere and anticlockwise in the Northern Hemisphere","Evionica"
"Meteorology – 050.08(1)","050.08(1) Q0015","Referring to squall lines, which statement is false?","Squall lines form along a fast-moving warm front","Squall lines can be associated with straight-line winds","Squall lines can be hundreds of kilometres wide","Squall lines can be associated with tornadoes","Squall lines form along a fast-moving warm front","Evionica"
"Meteorology – 050.08(1)","050.08(1) Q0016","Which phenomenon is typical to squall lines forming the Line Echo Wave Pattern (LEWP) on the radar? Select the most complete answer.","Tornadoes","Straight-line winds","All answers are correct","Hurricanes","Tornadoes","Evionica"
"Meteorology – 050.08(1)","050.08(1) Q0017","Which climate extends from 10° to 20° latitude, both north and south?","Tropical transitional climate","Mid-latitude climate","Temperate transitional climate","Tropical rain climate","Tropical transitional climate","Evionica"
"Meteorology – 050.08(1)","050.08(1) Q0018","How often do easterly waves occur?","About 50 times a year","About 100 times a year","About 10 times a year","About 2 times a year","About 50 times a year","Evionica"
"Meteorology – 050.08(1)","050.08(1) Q0019","Which phenomenon is associated with the formation of tropical revolving storms?","Easterly waves","Westerly waves","Westerlies","Easterlies","Easterly waves","Evionica"
"Meteorology – 050.08(1)","050.08(1) Q0020","A tropical wave is an area of _____ pressure carried by the _____.","low; trade winds","low; westerlies","high; trade winds","high; westerlies","low; trade winds","Evionica"
"Meteorology – 050.08(1)","050.08(1) Q0021","Summer monsoons are caused by trade winds blowing towards the _____, because in summer _____.","land; the land’s temperature is higher than the ocean’s","ocean; the land’s temperature is higher than the ocean’s","land; the land’s temperature is lower than the ocean’s","ocean; the land’s temperature is lower than the ocean’s","land; the land’s temperature is higher than the ocean’s","Evionica"
"Meteorology – 050.08(1)","050.08(1) Q0022","Winter monsoons are typically _____, because they are caused by trade winds blowing towards the _____.","dry; ocean","humid; land","humid; ocean","dry; land","dry; ocean","Evionica"
"Meteorology – 050.08(1)","050.08(1) Q0023","Which monsoon affects West Africa in summer?","The southwest monsoon","The northeast monsoon","The northwest monsoon","The southeast monsoon","The southwest monsoon","Evionica"
"Meteorology – 050.08(1)","050.08(1) Q0024","Which statement is false about the monsoon affecting West Africa in winter?","The monsoon is hot","The monsoon blows along the Harmattan","No other answer is correct","The monsoon is dry","The monsoon is hot","Evionica"
"Meteorology – 050.08(1)","050.08(1) Q0025","Which monsoon affects East Asia in winter?","The northeast monsoon","The southwest monsoon","The southeast monsoon","The northwest monsoon","The northeast monsoon","Evionica"
"Meteorology – 050.08(1)","050.08(1) Q0026","Which monsoon affects Australia in winter?","The northwest monsoon","The southeast monsoon","The northeast monsoon","The southwest monsoon","The northwest monsoon","Merged"
"Meteorology – 050.08(1)","050.08(1) Q0027","Which statement regarding sandstorms is false?","Sandstorms often occur at night","Sandstorms often occur in the Arabian Peninsula","Gust fronts can lead to sandstorm formation","Strong winds can lead to sandstorm formation","Sandstorms often occur at night","Evionica"
"Meteorology – 050.08(1)","050.08(1) Q0028","Which of the following is caused by polar-air outbreaks in the northern hemisphere? Select the most complete answer.","Blizzards","Pampero","Chinook","All answers are correct","Blizzards","Evionica"
"Meteorology – 050.08(1)","050.08(1) Q0029","Which statement regarding pampero is false?","Pampero takes a form of a short-lasting squall followed by cold, wet, windy weather","No other answer is correct","Pampero brings considerable temperature drop","Pampero affects Argentina and Uruguay","Pampero takes a form of a short-lasting squall followed by cold, wet, windy weather","Evionica"
"Meteorology – 050.08(1)","050.08(1) Q0030","In what latitudinal range does mid-latitude climate occur?","40-60, north south","20° – 35°, north and south","50° – 70°, north and south","15° – 25°, north and south","40-60, north south","Evionica"
"Meteorology – 050.08(1)","050.08(1) Q0031","The average monthly temperature between -3 °C and 10 °C, short summers and cold winters are characteristic of the _____.","subarctic climate","mid-latitude climate","continental climate","polar climate","subarctic climate","Evionica"
"Meteorology – 050.08(2)","050.08(2) Q0001","The high-pressure belt in the northern mid-latitudes lies where _____.","the downdraughts of the Ferrel cell and the Hadley cell diverge","the downdraughts of the Ferrel cell and the Polar cell diverge","the updraughts of the Ferrel cell and the Polar cell converge","the updraughts of the Ferrel cell and the Hadley cell converge","the downdraughts of the Ferrel cell and the Hadley cell diverge","Evionica"
"Meteorology – 050.08(2)","050.08(2) Q0002","Westerlies blow from _____ towards _____.","the horse latitudes; the poles","the horse latitudes; the doldrums","the doldrums; the horse latitudes","the poles; the horse latitudes","the horse latitudes; the poles","Evionica"
"Meteorology – 050.08(2)","050.08(2) Q0003","Westerlies veer towards the _____, because of the _____.","east; the Coriolis effect","east; the pressure gradient","west; the Coriolis effect","west; the pressure gradient","east; the Coriolis effect","Evionica"
"Meteorology – 050.08(2)","050.08(2) Q0004","Which weather phenomenon is not typical of anticyclonic weather?","Strong wind","No precipitation","Clear sky","Moderate visibility","Strong wind","Evionica"
"Meteorology – 050.08(2)","050.08(2) Q0005","Which statement regarding polar vortices is not true?","Polar vortices rotate towards the west","Polar vortices are constrained by jet streams","Polar vortices are located in the upper-troposphere","Polar vortices are low-pressure areas","Polar vortices rotate towards the west","Evionica"
"Meteorology – 050.08(2)","050.08(2) Q0006","In what range of altitudes can cold-air drops be encountered?","16,000 ft – 30,000 ft","8,000 ft – 16,000 ft","30,000 ft – 46,000 ft","0 ft – 8,000 ft","16,000 ft – 30,000 ft","Evionica"
"Meteorology – 050.08(2)","050.08(2) Q0007","The Foehn wind is typically _____ and _____.","warm; dry","cold; dry","warm; moist","cold; moist","warm; dry","Evionica"
"Meteorology – 050.08(2)","050.08(2) Q0008","The counterparts of the Foehn wind are _____ in the Rocky Mountains and _____ in the Andes.","chinook; zonda","zonda; bora","mistral; chinook","bora; mistral","chinook; zonda","Evionica"
"Meteorology – 050.08(2)","050.08(2) Q0009","Which of the local winds is warm?","No other answer is correct","Bora","Harmattan","Mistral","No other answer is correct","Evionica"
"Meteorology – 050.08(2)","050.08(2) Q0010","The Dry Adiabatic Lapse Rate (DALR) is _____.","1 °C/100 m","3° C/100 m","0.6 °C/100 m","1.8 °C/100 m","1 °C/100 m","Evionica"
"Meteorology – 050.08(2)","050.08(2) Q0011","The Saturated Adiabatic Lapse Rate (SALR) is _____.","0.6 °C/100 m","1.8 °C/100 m","1 °C/100 m","3° C/100 m","0.6 °C/100 m","Evionica"
"Meteorology – 050.08(2)","050.08(2) Q0012","Which of the local winds is cold?","Mistral","Chinook","Foehn","No other answer is correct","Mistral","Evionica"
"Meteorology – 050.08(2)","050.08(2) Q0013","Cold-air drops can be spotted on 500 hPa weather charts, because of the characteristic pattern of _____.","isohypes","isobars","isotherms","isochrones","isohypes","Evionica"
"Meteorology – 050.08(2)","050.08(2) Q0014","Which statement regarding frontal waves is not true?","Frontal waves form when a cold front meets a warm front travelling in the same direction","Frontal waves typically bring wet weather","This was the wrong answer
Frontal waves can develop into occlusions","Frontal waves can develop into anticyclones","Frontal waves form when a cold front meets a warm front travelling in the same direction","Evionica"
"Meteorology – 050.09(1)","050.09(1) Q0001","Which condition is not necessary for the icing caused by freezing to occur?","Ambient temperature lower than 0°C","Airframe temperature lower than 0°C","The presence of liquid water","No other answer is correct","Ambient temperature lower than 0°C","Evionica"
"Meteorology – 050.09(1)","050.09(1) Q0002","Large supercooled droplets are _____ dangerous than the small ones, because they can form _____ ice.","more; clear","less; clear","less; rime","more; rime","more; clear","Evionica"
"Meteorology – 050.09(1)","050.09(1) Q0003","In which temperature range is the risk of ice accretion negligible?","-40 °C to -50 °C","-10 °C to -30 °C","0 °C to -10 °C","-30 °C to -40 °C","-40 °C to -50 °C","Evionica"
"Meteorology – 050.09(1)","050.09(1) Q0004","In which condition does rime ice not typically accrete?","In Cumulus, Cumulonimbus and Nimbostratus clouds in temperatures between 0 °C and -20 °C","In Cumulus, Cumulonimbus and Nimbostratus clouds in temperatures between -20 °C and -40 °C","In Stratus, Stratocumulus, Altostratus and Altocumulus clouds in temperatures between 0 °C and -20 °C","In Stratus, Stratocumulus, Altostratus and Altocumulus clouds in temperatures between -20 °C and -40 °C","In Cumulus, Cumulonimbus and Nimbostratus clouds in temperatures between 0 °C and -20 °C","Evionica"
"Meteorology – 050.09(1)","050.09(1) Q0005","In which conditions is the risk of carburettor icing the highest?","Temperature – 10 °C and relative humidity – 80%","Temperature – 30 °C and relative humidity – 80%","Temperature – 10 °C and relative humidity – 40%","Temperature – 30 °C and relative humidity – 40%","Temperature – 10 °C and relative humidity – 80%","Evionica"
"Meteorology – 050.09(1)","050.09(1) Q0006","In which type of clouds do small supercooled droplets typically exist? Select the most complete answer.","Stratocumulus","All answers are correct","Cumulonimbus","Cumulus","Stratocumulus","Evionica"
"Meteorology – 050.09(1)","050.09(1) Q0007","In which temperature range do large supercooled droplets
typically exist? Select the most complete answer.","0 °C to -20 °C","All answers are correct","-40 °C to -60 °C","-20 °C to -40 °C","0 °C to -20 °C","Evionica"
"Meteorology – 050.09(1)","050.09(1) Q0008","Which type of ice can be best described as opaque, light and brittle?","Rime ice","Mixed ice","Hoar frost","Clear ice","Rime ice","Evionica"
"Meteorology – 050.09(1)","050.09(1) Q0009","Which type of ice can be best described as transparent, heavy and structurally strong?","Glaze","Mixed ice","Rime ice","Hoar frost","Glaze","Evionica"
"Meteorology – 050.09(1)","050.09(1) Q0010","Which type of ice accretion can be encountered outside the clouds?","Hoar frost","Rime ice","Mixed ice","No other answer is correct","Hoar frost","Evionica"
"Meteorology – 050.09(1)","050.09(1) Q0011","If ice-protection equipment must be used occasionally to avoid ice accretion, the icing intensity is _____ and if it does not have to be used at all, unless the aircraft spends over an hour in these conditions, the intensity is _____.","light; trace","moderate; light","moderate; trace","severe; light","light; trace","Evionica"
"Meteorology – 050.09(1)","050.09(1) Q0012","Which type of ice accretes as a result of precipitation freezing? Select the most complete answer.","Clear ice","Rime ice","Mixed ice","All answers are correct","Clear ice","Evionica"
"Meteorology – 050.09(1)","050.09(1) Q0013","Which type of ice generally cannot be encountered on the ground?","Rime ice","Clear ice","Hoar frost","No other answer is correct","Rime ice","Evionica"
"Meteorology – 050.09(1)","050.09(1) Q0014","Which hazard related to icing can be caused by clear ice, but not by rime ice? Select the most complete answer.","All answers are correct","Flight control problems","Severe propeller vibrations","Structural damage to the airframe","All answers are correct","Evionica"
"Meteorology – 050.09(1)","050.09(1) Q0015","Which type of icing obscures pilots’ vision, interferes with radio signals and causes additional drag, especially during take-off, but does not alter the shape of the airfoil?","Hoar frost","Rime ice","Mixed ice","Clear ice","Hoar frost","Evionica"
"Meteorology – 050.09(1)","050.09(1) Q0016","Which type of icing can be encountered in temperatures lower than -40°C?","Ice Crystal Icing (ICI)","Hoar frost","Rime ice","No other answer is correct","Ice Crystal Icing (ICI)","Evionica"
"Meteorology – 050.09(1)","050.09(1) Q0017","Where do ice crystals potentially causing Ice Crystal Icing (ICI) typically exist? Select the most complete answer.","All answers are correct","At altitudes above 9 km","Close to thunderstorms or convective clouds","In the Asia-Pacific region","All answers are correct","Evionica"
"Meteorology – 050.09(1)","050.09(1) Q0018","If the Total Air Temperature (TAT) probe indicates 0 °C and there are water droplets on the windscreen, which kind of icing hazard can the flight crew of the aircraft cruising at FL380 expect?","Ice Crystal Icing (ICI)","Freezing precipitation","Hoar frost","No other answer is correct","Ice Crystal Icing (ICI)","Evionica"
"Meteorology – 050.09(1)","050.09(1) Q0019","Which of the following techniques is not an effective way of avoiding Ice Crystal Icing (ICI) conditions?","Avoiding storm cells by 10 NM","Avoiding flying over the storm cells","No other answer is correct","Avoiding flying over the areas of heavy rain","Avoiding storm cells by 10 NM","Evionica"
"Meteorology – 050.09(1)","050.09(1) Q0020","In which circumstances is hoar frost the most likely to occur?","When the aircraft flies from a cold region into a warm region with a high level of humidity in the air","When the aircraft flies from a warm region into a cold region with a high level of humidity in the air","When the aircraft flies from a warm region into a cold region with a low level of humidity in the air","When the aircraft flies from a cold region into a warm region with a low level of humidity in the air","When the aircraft flies from a cold region into a warm region with a high level of humidity in the air","Evionica"
"Meteorology – 050.09(1)","050.09(1) Q0021","Which de-icing technique is not effective against hoar frost?","No other answer is correct","Increasing speed","Flying into a warmer region","Using de-icing fluid","No other answer is correct","Evionica"
"Meteorology – 050.09(1)","050.09(1) Q0022","What influence on the 0 °C isotherm does topography have?","The 0 °C isotherms can appear lower than expected over mountains’ peaks","The 0 °C isotherms can appear higher than expected over mountains’ peaks","Topography does not influence the 0 °C isotherm","The 0 °C isotherms can disappear completely over mountains’ peaks","The 0 °C isotherms can appear lower than expected over mountains’ peaks","Evionica"
"Meteorology – 050.09(1)","050.09(1) Q0023","How do mountainous areas affect the risk of icing?","When flying in a mountainous area, the risk of icing is higher","When flying in a mountainous area, the risk of icing is lower","Mountainous areas do not affect the risk of icing","When flying in a mountainous area, the risk of icing is higher, but only if the peaks are covered in snow","When flying in a mountainous area, the risk of icing is higher","Evionica"
"Meteorology – 050.09(1)","050.09(1) Q0024","Which zone is not typically associated with a high risk of icing?","Area under a cold front","Cumuliform clouds","Stratiform clouds","Area under a warm front","Area under a cold front","Evionica"
"Meteorology – 050.09(1)","050.09(1) Q0025","Which of the following is associated with the water content as high as 8 g/m3?","Ice crystals","Precipitation","Large supercooled droplets","Small supercooled droplets","Ice crystals","Evionica"
"Meteorology – 050.09(1)","050.09(1) Q0026","Which components of gas-turbine engines can be directly affected by Ice Crystal Icing (ICI)? Select the most complete answer.","Compressor blades","Turbine blades","Air intakes","All answers are correct","Compressor blades","Evionica"
"Meteorology – 050.09(1)","050.09(1) Q0027","Why do flight crews use the weather radar’s tilt function and scan for rain below the flight level?","Because ice crystals occur over areas of heavy rain","When flying in a mountainous area, the risk of icing is lower","Mountainous areas do not affect the risk of icing","When flying in a mountainous area, the risk of icing is higher, but only if the peaks are covered in snow","Because ice crystals occur over areas of heavy rain","Evionica"
"Meteorology – 050.09(1)","050.09(1) Q0028","What is the name of the phenomenon causing ice accretion inside a carburettor?","The Venturi effect","The de Laval effect","The Coriolis effect","No other answer is correct","The Venturi effect","Evionica"
"Meteorology – 050.09(1)","050.09(1) Q0029","In which temperature range can the most dangerous icing conditions occur?","0 °C to -15 °C","-30 °C to -45 °C","+5 °C to +15 °C","-40 °C to -60 °C","0 °C to -15 °C","Merged"
"Meteorology – 050.09(1)","050.09(1) Q0030","Which of the following does not emit any latent heat during phase transition?","No other answer is correct","A supercooled droplet existing at -40 °C","A small supercooled droplet","A large supercooled droplet","No other answer is correct","Evionica"
"Meteorology – 050.09(1)","050.09(1) Q0031","In which type of clouds is clear ice likely to accrete? Select the most complete answer.","All answers are correct","Nimbostratus","Cumulus","Cumulonimbus","All answers are correct","Evionica"
"Meteorology – 050.09(1)","050.09(1) Q0032","In which type of clouds is rime rice likely to accrete?","Stratus, Stratocumulus and Nimbostratus","Cumulus, Stratocumulus and Altostratus","Cumulus, Stratocumulus and Nimbostratus","Stratus, Cumulonimbus and Altostratus","Stratus, Stratocumulus and Nimbostratus","Evionica"
"Meteorology – 050.09(1)","050.09(1) Q0033","Clouds forming over mountainous areas have additional support caused by _____.","orographic lift","katabatic wind","the high thermal capacity of mountainous terrain","mountain effect","orographic lift","Evionica"
"Meteorology – 050.09(1)","050.09(1) Q0034","Which icing hazard can occur in warm weather?","Carburettor icing","ICI (Ice Crystal Icing)","Freezing precipitation","Hoar frost","Carburettor icing","Evionica"
"Meteorology – 050.09(1)","050.09(1) Q0035","In which conditions can clear ice form?","On the ground","In Altostratus clouds","In Stratocumulus clouds","No other answer is correct","On the ground","Evionica"
"Meteorology – 050.09(2)","050.09(2) Q0001","Which weather phenomenon affects aircraft’s attitude, but not the path?","Turbulence","Winds gust","Wind shear","No other answer is correct","Turbulence","Evionica"
"Meteorology – 050.09(2)","050.09(2) Q0002","Wind gust is defined as a rapid increase in wind speed, which exceeds _____.","10 knots","20 knots","30 knots","40 knots","10 knots","Evionica"
"Meteorology – 050.09(2)","050.09(2) Q0003","If aircraft is possible to control, but the IAS exceeds 25 knots, what is the intensity of experienced turbulence?","Moderate","Severe","Light","Trace","Moderate","Evionica"
"Meteorology – 050.09(2)","050.09(2) Q0004","What is the most valuable source of information about turbulence occurrence?","Pilots’ reports","Direct observation","Weather forecasts","Weather radar","Pilots’ reports","Evionica"
"Meteorology – 050.09(2)","050.09(2) Q0005","Which weather phenomenon affects the airspeed, ground speed and aircraft’s path and results in the need for the pilot’s corrective action?","Wind shear","Wind gust","Turbulence","Inversion","Wind shear","Evionica"
"Meteorology – 050.09(2)","050.09(2) Q0006","Vertical wind shear is measured in knots per _____ and horizontal wind shear is measured in knots per _____.","100 ft; 1,000 ft","1,000 ft; 1,000 ft","100 ft; 100 ft","1,000 ft; 100 ft","100 ft; 1,000 ft","Evionica"
"Meteorology – 050.09(2)","050.09(2) Q0007","Which factor cannot cause the formation of wind shear?","No other answer is correct","Topography","Fronts","Inversions","No other answer is correct","Evionica"
"Meteorology – 050.09(2)","050.09(2) Q0008","Marked Temperature Inversion (MTI) warning is issued if the temperature at the airfield level is at least _____ lower than at the altitude of _____.","10 °C; 1,000 ft","15 °C; 1,000 ft","15 °C; 2,000 ft","10 °C; 2,000 ft","10 °C; 1,000 ft","Evionica"
"Meteorology – 050.09(2)","050.09(2) Q0009","Which of the listed conditions is not necessary for formation of mountain waves?","No other answer is correct","The speed of the airflow must be greater or equal to 15 kt at the peak level","The air must be stable","The airflow direction must be nearly perpendicular to the mountain range","No other answer is correct","Evionica"
"Meteorology – 050.09(2)","050.09(2) Q0010","Which statement regarding thunderstorms is false?","Air mass thunderstorms can be typically encountered over land and sea","Frontal thunderstorms are more dangerous than air mass thunderstorms","Frontal thunderstorms can be typically encountered during the day and at night","Air mass thunderstorms occur typically in summer and frontal thunderstorms in winter","Air mass thunderstorms can be typically encountered over land and sea","Evionica"
"Meteorology – 050.09(2)","050.09(2) Q0011","Which phenomenon cannot trigger the formation of air mass thunderstorms?","Front","Convection","Convergence","Orographic lift","Front","Evionica"
"Meteorology – 050.09(2)","050.09(2) Q0012","Which stage of single-cell thunderstorm lasts over an hour?","Dissipation stage","Initial stage","Mature stage","No other answer is correct","Dissipation stage","Evionica"
"Meteorology – 050.09(2)","050.09(2) Q0013","During which stage of single-cell thunderstorm does the characteristic anvil shape form at the top of the cloud? Select the most complete answer.","During the mature stage","All answers are correct","During the initial stage","During the dissipation stage","During the mature stage","Evionica"
"Meteorology – 050.09(2)","050.09(2) Q0014","Which of the answers contains the stages of a single-cell thunderstorm put in order from the shortest-lasting to the longest-lasting?","Initial stage, mature stage, dissipating stage","Initial stage, dissipating stage, mature stage","Dissipating stage, initial stage, mature stage","Mature stage, dissipating stage, initial stage","Initial stage, mature stage, dissipating stage","Evionica"
"Meteorology – 050.09(2)","050.09(2) Q0015","Which phenomenon triggers the transformation of single-cell thunderstorms into multi-cell thunderstorms?","Convergence","Convection","No other answer is correct","Orographic lift","Convergence","Evionica"
"Meteorology – 050.09(2)","050.09(2) Q0016","Where can squall lines form?","Along a cold front","Over heated concrete square","Along a warm front","Over heated sea","Along a cold front","Evionica"
"Meteorology – 050.09(2)","050.09(2) Q0017","Which statement regarding supercell thunderstorms is false?","Supercell storms are short and dynamic","Supercell storms usually develop because of a strong vertical windshear","Mesocyclone is a typical feature of a supercell storm","Supercell storms can produce tornadoes","Supercell storms are short and dynamic","Evionica"
"Meteorology – 050.09(2)","050.09(2) Q0018","Where do the orographic thunderstorms form?","Over the windward side of the mountain","Over the leeward side of the mountain","Over the mountain’s peak, covering both sides","Along the mountain waves","Over the windward side of the mountain","Evionica"
"Meteorology – 050.09(2)","050.09(2) Q0019","The Earth's atmosphere is charged by ____ and its discharges through _____.","lightning; the transport of ions in the air","cosmic radiation; lightning","the transport of ions in the air; cosmic radiation","the transport of ions in the air; lightning","lightning; the transport of ions in the air","Evionica"
"Meteorology – 050.09(2)","050.09(2) Q0020","The global electric circuit contains ions created by _____ in the upper parts of the atmosphere and by _____ in the lower parts.","cosmic rays and solar radiation; natural radiation","natural radiation; cosmic rays and solar radiation","cosmic rays; solar radiation and natural radiation","solar radiation; natural radiation","cosmic rays and solar radiation; natural radiation","Evionica"
"Meteorology – 050.09(2)","050.09(2) Q0021","Which type of lightning occurs typically after a ground stroke?","Upward lightning","Intra-cloud lightning","Cloud-to-cloud lightning","Ground stroke","Upward lightning","Evionica"
"Meteorology – 050.09(2)","050.09(2) Q0022","If the flight crew notices blue or violet lights on the windshield, what can they conclude? Select the most complete answer.","All answers are correct","The atmosphere is highly-charged","The phenomenon called St. Elmo’s fire is occurring","A strike of lightning is very likely to happen","All answers are correct","Evionica"
"Meteorology – 050.09(2)","050.09(2) Q0023","Cumulonimbus clouds are _____ charged at the bottom and _____ at the top.","negatively; positively","positively; negatively","positively; positively","negatively; negatively","negatively; positively","Evionica"
"Meteorology – 050.09(2)","050.09(2) Q0024","Which occurrence is not a typical effect of a lightning strike?","Serious damage to the airframe","Electrical equipment damage","Incapacitation of the flight crew","Incorrect indications of magnetic compasses","Serious damage to the airframe","Evionica"
"Meteorology – 050.09(2)","050.09(2) Q0025","Up to what diameter can microbursts spread?","Up to 4 km","Up to 1 km","Up to 5 km","Up to 2 km","Up to 4 km","Evionica"
"Meteorology – 050.09(2)","050.09(2) Q0026","How long can macrobursts typically last?","Over 5 minutes","Over 3 minutes","Over 10 minutes","Over 1 minute","Over 5 minutes","Evionica"
"Meteorology – 050.09(2)","050.09(2) Q0027","Which phenomenon can be a result of a downburst and happens close to the ground?","Wind gust","Tornado","Turbulence","Wind shear","Wind gust","Evionica"
"Meteorology – 050.09(2)","050.09(2) Q0028","Which statement is not true?","Downbursts are always accompanied by precipitation","Downbursts are concentrated over a small area","Downbursts are a serious danger to flight safety","No other answer is correct","Downbursts are always accompanied by precipitation","Evionica"
"Meteorology – 050.09(2)","050.09(2) Q0029","What causes the production of electrical charges in thunderstorm clouds? Select the most complete answer.","Friction caused by water droplets and ice crystals inside the cloud","Transport of ions in the air","All answers are correct","Lightning","Friction caused by water droplets and ice crystals inside the cloud","Evionica"
"Meteorology – 050.09(2)","050.09(2) Q0030","_____ causes the offset between the updraughts and downdraughts typical of _____.","Windshear; multi-cell thunderstorms","Wind gust; multi-cell thunderstorms","Windshear; single-cell thunderstorms","Wind gust; single-cell thunderstorms","Windshear; multi-cell thunderstorms","Evionica"
"Meteorology – 050.09(2)","050.09(2) Q0031","Which type of clouds is associated with mountain waves? Select the most complete answer.","All answers are correct","Lenticular clouds","Rotor clouds","Cap clouds","All answers are correct","Evionica"
"Meteorology – 050.09(2)","050.09(2) Q0032","Which type of wind can lead to the formation of a valley inversion?","Katabatic winds","Anabatic winds","Foehn winds","No other answer is correct","Katabatic winds","Evionica"
"Meteorology – 050.09(3)","050.09(3) Q0001","Tornadoes are _____ high and can travel as fast as _____.","60–100 m; 100 km/h","60–100 m; 150 km/h","30–80 m; 100 km/h","30–80 m; 150 km/h","60–100 m; 100 km/h","Evionica"
"Meteorology – 050.09(3)","050.09(3) Q0002","In which of the following locations do tornadoes often occur? Select the most complete answer.","Australia","Africa","All answers are correct","South America","Australia","Evionica"
"Meteorology – 050.09(3)","050.09(3) Q0003","Tornadoes in the USA are usually caused, among others, by _____ air from the Gulf of Mexico and _____ air from the south-west.","warm moist; warm dry","warm dry; warm moist","cold moist; cold dry","cold dry; cold moist","warm moist; warm dry","Evionica"
"Meteorology – 050.09(3)","050.09(3) Q0004","Tornadoes in Europe are often caused by _____ air from the Mediterranean Sea colliding with _____ air above the Alps.","warm moist; cool dry","warm dry; cool moist","cool dry; warm moist","cool moist; warm dry","warm moist; cool dry","Evionica"
"Meteorology – 050.09(3)","050.09(3) Q0005","The visibility observed during landing is called _____ visibility and it is typically worse than _____ visibility.","slant; vertical","vertical; slant","horizontal; vertical","vertical; horizontal","slant; vertical","Evionica"
"Meteorology – 050.09(3)","050.09(3) Q0006","Flight visibility is _____, whereas ground visibility is _____.","assessed by the pilot; measured by sensors or assessed by an ATC controller","assessed by the pilot or measured by sensors; assessed by an ATC controller","assessed by the pilot; assessed by an ATC controller","assessed by the pilot or an ATC controller; measured by sensors or assessed by an ATC controller","assessed by the pilot; measured by sensors or assessed by an ATC controller","Evionica"
"Meteorology – 050.09(3)","050.09(3) Q0007","Which obscurant is not classified as haze?","Mist","Dust","Smoke","Sand","Mist","Merged"
"Meteorology – 050.09(3)","050.09(3) Q0008","What is the typical visibility when flying in drizzle?","500 m – 3,000 m","3,000 m – 10,000 m","200 m – 500 m","50 m – 200 m","500 m – 3,000 m","Evionica"
"Meteorology – 050.09(3)","050.09(3) Q0009","If snow is lifted by the wind at least _____ above the ground, the phenomenon is called _____.","2 m; blowing snow","2 m; drifting snow","4 m; blowing snow","4 m; drifting snow","2 m; blowing snow","Evionica"
"Meteorology – 050.09(3)","050.09(3) Q0010","The flight visibility is 1,500 m and the relative humidity is 98%. Which obscurant causes the visibility reduction?","Mist","Haze","Fog","No other answer is correct","Mist","Evionica"
"Meteorology – 050.09(3)","050.09(3) Q0011","Dust particles do not exceed _____ in diameter, whereas sand particles' diameter is _____.","0.08 mm; 0.08 mm – 0.3 mm","0.05 mm; 0.05 mm – 0.75 mm","0.01 mm; 0.01 mm – 0.5 mm","0.08 mm; 0.08 mm – 0.5 mm","0.08 mm; 0.08 mm – 0.3 mm","Evionica"
"Meteorology – 050.09(3)","050.09(3) Q0012","If dust or sand is lifted by the wind below _____ above the ground, the phenomenon is called _____.","2 m; drifting dust or sand","2 m; blowing dust or sand","5 m; drifting dust or sand","5 m; blowing dust or sand","2 m; drifting dust or sand","Evionica"
"Meteorology – 050.09(3)","050.09(3) Q0013","The weather phenomenon can be classified as sandstorm if the sand reduces the visibility to less than _____. In case of a duststorm, the dust reduces the visibility to less than _____.","1,000 m; 1,000 m as well","2,000 m; 1,500 m","1,000 m; 2,000 m","1,500 m; 1,000 m","1,000 m; 1,000 m as well","Evionica"
"Meteorology – 050.09(3)","050.09(3) Q0014","Between which altitudes above the mean sea level does the stratosphere approximately extend?","11 km – 50 km","8 km – 40 km","8 km – 45 km","11 km – 45 km","11 km – 50 km","Evionica"
"Meteorology – 050.09(3)","050.09(3) Q0015","Temperature about _____ and _____ wind are typical conditions present in the lower layer of the stratosphere.","-50 °C; strong","-15 °C; no","-15 °C; strong","-50 °C; no","-50 °C; strong","Evionica"
"Meteorology – Q10 050.10(1)","Q10 050.10(1) Q0001","Which of the following instruments is used for measuring the surface wind speed?","Anamometer","Ceilometer","Hygrometer","Wind vane","Anamometer","Evionica"
"Meteorology – Q10 050.10(1)","Q10 050.10(1) Q0002","When the visibility in particular directions is as shown in the picture, what is the prevailing visibility?","7,000 m","5,000 m","3,000 m","9,000 m","7,000 m","Evionica"
"Meteorology – Q10 050.10(1)","Q10 050.10(1) Q0003","What is the term used for the distance from which the pilot can see objects when measured from the touchdown zone of the runway?","Runway Visual Range (RVR)","Prevailing visibility","Flight visibility","Operational visibility","Runway Visual Range (RVR)","Evionica"
"Meteorology – Q10 050.10(1)","Q10 050.10(1) Q0004","How is visibility assessed by meteorological information services? Select the most complete answer.","All answers are correct","By reference to the objects that are visible from the observing position","With transmissometers","With forward scatter visibility meters","All answers are correct","Evionica"
"Meteorology – Q10 050.10(1)","Q10 050.10(1) Q0005","What is an okta?","The unit used to describe cloud coverage","1/8 of the runway length","Time at which visibility increases by 25%","One of the air-reports","The unit used to describe cloud coverage","Evionica"
"Meteorology – Q10 050.10(1)","Q10 050.10(1) Q0006","What is the cloud ceiling?","The base of the lowest clouds which cover more than 4 oktas","The lowest altitude at which the cloud is still visible","The highest altitude at which the cloud is still visible","No other answer is correct","The base of the lowest clouds which cover more than 4 oktas","Evionica"
"Meteorology – Q10 050.10(1)","Q10 050.10(1) Q0007","Which of the following devices can be used for assessing the height of the cloud base?","Meteorological balloon","Anemometer","Transmissometer","Hygrometer","Meteorological balloon","Evionica"
"Meteorology – Q10 050.10(1)","Q10 050.10(1) Q0008","A searchlight emits a vertical beam of light which creates the light spot at the cloud base. It is observed with an alidade placed 100 ft from the searchlight. The alidade indicates an angle of 30°. What is the height of the cloud base?","Around 60 ft","Around 50 ft","Around 85 ft","Around 170 ft","Around 60 ft","Evionica"
"Meteorology – Q10 050.10(1)","Q10 050.10(1) Q0009","What are ceilometers used for?","For measuring the height of a cloud base","For measuring the height of a cloud top","For measuring the RVR","For measuring horizontal visibility","For measuring the height of a cloud base","Evionica"
"Meteorology – Q10 050.10(1)","Q10 050.10(1) Q0010","What is a Stevenson screen used for?","To protect meteorological instruments from precipitation and direct heat radiation from outside sources","To prevent the mercury in the thermometer from freezing during the winter","To maintain sufficient humidity so that a wet-bulb thermometer can function correctly","To prevent birds from nesting in the meteorological instruments","To protect meteorological instruments from precipitation and direct heat radiation from outside sources","Evionica"
"Meteorology – Q10 050.10(1)","Q10 050.10(1) Q0011","What can be measured directly by a radiosonde?","Air temperature, atmospheric pressure, and humidity","Wind speed and direction, atmospheric pressure, and humidity","Air temperature, wind speed and direction, and humidity","Air temperature, wind speed and direction, and atmospheric pressure","Air temperature, atmospheric pressure, and humidity","Evionica"
"Meteorology – Q10 050.10(1)","Q10 050.10(1) Q0012","What are T-P diagrams used for?","To visualise data gathered by radiosondes","To visualise how dew point temperature changes with height","To convert atmospheric pressure into altitude above Mean Sea Level","To convert the indication of a psychrometer into humidity","To visualise data gathered by radiosondes","Evionica"
"Meteorology – Q10 050.10(1)","Q10 050.10(1) Q0013","What is true about the NOAA polar orbit?","No other answer is correct","The inclination angle of the NOAA polar orbit is 0°","The orbital period of the NOAA polar orbit is 24 hours","The height of the NOAA polar orbit is 36,000 km","No other answer is correct","Evionica"
"Meteorology – Q10 050.10(1)","Q10 050.10(1) Q0014","What is the width of the band covered by a satellite orbiting on the NOAA polar orbit?","2,800 km","3,500 km","1,800 km","1,100 km","2,800 km","Evionica"
"Meteorology – Q10 050.10(1)","Q10 050.10(1) Q0015","What can be said about polar-orbiting satellites? Select the most complete answer.","Polar-orbiting satellites do not allow for continuous weather tracking","The resolution of pictures taken by polar-orbiting satellites is poor","All answers are correct","Polar-orbiting satellites can provide only infrared images","Polar-orbiting satellites do not allow for continuous weather tracking","Evionica"
"Meteorology – Q10 050.10(1)","Q10 050.10(1) Q0016","A flight from Warsaw to Paris is planned to depart at 2250 local time. Which type of satellite imagery is the most suitable to locate the clouds and the exact position of fronts which are expected to be experienced this night over Western Europe?","Infrared pictures from a polar-orbiting satellite","Visual pictures form a polar-orbiting satellite","Visual pictures from a geostationary satellite","Infrared pictures from a geostationary satellite","Infrared pictures from a polar-orbiting satellite","Evionica"
"Meteorology – Q10 050.10(1)","Q10 050.10(1) Q0017","What is the height of the geostationary orbit?","36,000 km","820 km","870 km","63,000 km","36,000 km","Evionica"
"Meteorology – Q10 050.10(1)","Q10 050.10(1) Q0018","What is true about the geostationary orbit?","The position of any satellite on the geostationary orbit is fixed about the given point on the earth’s surface","Satellites on the geostationary orbit make one revolution around the earth in 12 hours","The inclination angle of the geostationary orbit is 3°","The geostationary orbit is widely used by the NOAA","The position of any satellite on the geostationary orbit is fixed about the given point on the earth’s surface","Evionica"
"Meteorology – Q10 050.10(1)","Q10 050.10(1) Q0019","Geostationary satellites _____ continuous monitoring of the weather, and pictures taken by them are of relatively _____.","provide / low resolution","do not provide / low resolution","do not provide / high resolution","provide / high resolution","provide / low resolution","Evionica"
"Meteorology – Q10 050.10(1)","Q10 050.10(1) Q0020","Which longitudes are tracked by the Meteosat satellite network?","Between 70°W and 70°E","Between 50°W and 90°E","Between 80°W and 80°E","Between 60°W and 75°E","Between 70°W and 70°E","Evionica"
"Meteorology – Q10 050.10(1)","Q10 050.10(1) Q0021","What is the main limitation of visual satellite images?","It is hard to distinguish clouds from the ground under them when it is covered by snow or ice","It is hard to distinguish clouds from the dark background like seas and oceans","Visual satellite images are available only during the night","The quality of visual satellite images is usually poor","It is hard to distinguish clouds from the ground under them when it is covered by snow or ice","Evionica"
"Meteorology – Q10 050.10(1)","Q10 050.10(1) Q0022","What is true about infrared satellite images? Select the most complete answer.","All answers are correct","In infrared images, clouds are typically brighter than seas","In infrared images, high-level clouds are typically brighter than low-level clouds","In infrared images, relatively warm lands and seas are dark","All answers are correct","Evionica"
"Meteorology – Q10 050.10(1)","Q10 050.10(1) Q0023","What may cause difficulties in identifying frontal systems in infrared satellite images?","High-level cirriform clouds present above low-level clouds associated with frontal systems","Evaporating seas below clouds associated with frontal systems","The low resolution of infrared satellite images","Lack of sufficient amount of sunlight","High-level cirriform clouds present above low-level clouds associated with frontal systems","Evionica"
"Meteorology – Q10 050.10(1)","Q10 050.10(1) Q0024","What is true about water vapour satellite images?","Water vapour images allow the identification of the jet streams","Water vapour satellite images are taken in the specific spectrum of wavelengths which is strongly reflected by the water vapour","Water vapour satellite images are a specific type of visual images","In water vapour satellite images, darker shades indicate that the upper regions of the atmosphere are more humid","Water vapour images allow the identification of the jet streams","Evionica"
"Meteorology – Q10 050.10(1)","Q10 050.10(1) Q0025","What is true about an airborne weather radar? Select the most complete answer.","An airborne weather radar indicates the intensity of precipitation ahead of an aircraft","All answers are correct","An airborne weather radar can be used for anti-collision protection","An airborne weather radar indicates the amount of water vapour within clouds ahead of an aircraft","An airborne weather radar indicates the intensity of precipitation ahead of an aircraft","Evionica"
"Meteorology – Q10 050.10(1)","Q10 050.10(1) Q0026","When should pilots make routine air-reports?","When flying over defined significant points during en-route and climb-out phases of the flight","When asked by the ATC","Anytime when experienced significant weather phenomena","Every 30 minutes","When flying over defined significant points during en-route and climb-out phases of the flight","Evionica"
"Meteorology – Q10 050.10(1)","Q10 050.10(1) Q0027","What should be included in a routine air-report? Select the most complete answer.","Humidity","Dew point temperature","Height of the tropopause","All answers are correct","Humidity","Evionica"
"Meteorology – Q10 050.10(1)","Q10 050.10(1) Q0028","Which weather phenomena should be stated in a Special Air-Report?","Hail","Heavy dust storms and any sandstorms","Icing of any intensity","Turbulence of any intensity","Hail","Evionica"
"Meteorology – Q10 050.10(1)","Q10 050.10(1) Q0029","Which of the following phenomena does not oblige to issue of the AIREP?","No other answer is correct","Heavy sandstorm","Volcanic ash cloud","Moderate turbulence","No other answer is correct","Evionica"
"Meteorology – Q10 050.10(1)","Q10 050.10(1) Q0030","What is true about a routine air-report and special air-report?","Routine air-reports are also known as AIREPs, whereas special air-reports are also known as PIREPs","The information included in special air-reports are gathered by radiosondes, whereas information included in routine air-reports are gathered by ground weather radars","Routine air-reports include significant weather phenomena, whereas special air-reports include current weather conditions","Routine air-reports are issued by ATM services, whereas special air-reports are issued by meteorological offices","Routine air-reports are also known as AIREPs, whereas special air-reports are also known as PIREPs","Evionica"
"Meteorology – Q10 050.10(2)","Q10 050.10(2) Q0001","What is true about wind and temperature charts?","Wind and temperature charts are issued for chosen medium and high FLs","Wind and temperature charts are issued only for medium FLs","Wind and temperature charts are issued only for high FLs","Wind and temperature charts are issued for all FLs","Wind and temperature charts are issued for chosen medium and high FLs","Evionica"
"Meteorology – Q10 050.10(2)","Q10 050.10(2) Q0002","What does it mean that forecasts issued by the WAFCs are 3D gridded forecasts? Select the most complete answer.","That the forecasts issued by the WAFCs consist of horizontal as well as vertical data","All answers are correct","That the forecasts issued by the WAFCs have the form of 3D plots","This was the wrong answer
That the forecasts issued by the WAFCs are prepared based on 3D numerical flow simulations","That the forecasts issued by the WAFCs consist of horizontal as well as vertical data","Evionica"
"Meteorology – Q10 050.10(2)","Q10 050.10(2) Q0003","What is the meaning of the symbol presented in the picture?","Moderate aircraft icing","Shower","Moderate turbulence","Hail","Moderate aircraft icing","Evionica"
"Meteorology – Q10 050.10(2)","Q10 050.10(2) Q0004","What is the meaning of the symbol presented in the picture?","Mountain waves","Mountain obscuration","Visible ash cloud","Embedded thunderstorms","Mountain waves","Merged"
"Meteorology – Q10 050.10(2)","Q10 050.10(2) Q0005","What is the meaning of the symbol presented in the picture?","Widespread smoke","Freezing smoke","Visible ash cloud","Widespread blowing snow","Widespread smoke","Evionica"
"Meteorology – Q10 050.10(2)","Q10 050.10(2) Q0006","What is the direction and speed of wind indicated by the wind arrow presented in the picture?","NE / 85 kt","SW / 85 kt","NE / 45 kt","SE / 85 kt","NE / 85 kt","Merged"
"Meteorology – Q10 050.10(2)","Q10 050.10(2) Q0007","What is the speed of a jet stream blowing at FL330 over the Adriatic Sea?","90 kt","120 kt","210 kt","180 kt","90 kt","Evionica"
"Meteorology – Q10 050.10(2)","Q10 050.10(2) Q0008","What is true about the jet stream blowing over South America?","The jet stream’s core is at FL370 with speeds exceeding 80 kt extending from FL240 to FL480","The jet stream’s core is between FL240 and FL480","No other answer is correct","The jet stream’s core is at F370 with severe CAT extending from FL240 to FL480","The jet stream’s core is at FL370 with speeds exceeding 80 kt extending from FL240 to FL480","Evionica"
"Meteorology – Q10 050.10(2)","Q10 050.10(2) Q0009","What would be the CAT expected at 80°W en route?","Moderate from below FL100 to FL280","Severe from below FL100 to FL280","Moderate from FL280 to FL330","Severe from FL280 to FL 330","Moderate from below FL100 to FL280","Evionica"
"Meteorology – Q10 050.10(2)","Q10 050.10(2) Q0010","Where would you expect severe turbulence when flying en route at FL330?","Over the Bay of Biscay","Over Labrador Peninsula","Over the Alps","Over Egypt","Over the Bay of Biscay","Evionica"
"Meteorology – Q10 050.10(2)","Q10 050.10(2) Q0011","Which weather conditions should be expected when flying at FL120 over northern Spain?","No other answer is correct","Cb clouds","SW wind blowing with the speed of 130 kt","Severe turbulence and moderate icing","No other answer is correct","Evionica"
"Meteorology – Q10 050.10(2)","Q10 050.10(2) Q0012","What does the term ‘frequent’ mean when it is used to describe Cb clouds?","That there is little or no separation between Cb clouds","That Cb clouds may appear every day over the given area","That at least 5 Cb clouds should be expected within the radius of 10 NM","That there is a line of Cb with no or little separation","That there is little or no separation between Cb clouds","Evionica"
"Meteorology – Q10 050.10(2)","Q10 050.10(2) Q0013","Over which of the following locations, the height of the tropopause is greatest?","Cape Town","Black Sea","Italy","Poland","Cape Town","Evionica"
"Meteorology – Q10 050.10(2)","Q10 050.10(2) Q0014","What is true about the weather over southern England?","Regions in southern England with a visibility of 3,000 m are associated with heavy rain accompanied by thunderstorms","Within less than 50% of the southern England area, visibility will be 4,000 m in showering rain","The occluded front moves to the SW over southern England with a speed of 10 kt","Within less than 25% of the Southern England area, randomly occurring cumulonimbus clouds may appear. They extend up to no more than 25,000 ft","Regions in southern England with a visibility of 3,000 m are associated with heavy rain accompanied by thunderstorms","Evionica"
"Meteorology – Q10 050.10(2)","Q10 050.10(2) Q0015","Which of the following statement is true?","No other answer is correct","Regions with visibility of 700 m in showering snow include more than 25% of area A","Ac cloud spreading over area C1 extend from the ground up to the height of 7,000 ft","Over Ireland, the freezing level may be at the height of 5,500 ft","No other answer is correct","Evionica"
"Meteorology – Q10 050.10(2)","Q10 050.10(2) Q0016","What is the worst visibility that is likely to be experienced in SE England?","Less than 500 m","900 m","15 km","4 km","Less than 500 m","Evionica"
"Meteorology – Q10 050.10(2)","Q10 050.10(2) Q0017","When flying from Reykjavik to Stockholm at FL180 along the marked route, what would be the mean wind direction and speed as well as the average air temperature?","190°/25 kt, -33 °C","090°/25 kt, -36 °C","270°/20 kt, -37 °C","030°/20 kt, -30 °C","190°/25 kt, -33 °C","Evionica"
"Meteorology – Q10 050.10(2)","Q10 050.10(2) Q0018","What is the average temperature between 5500N 0730W and 5500N and 0230W at FL075?","-6 °C","-4 °C","+6 °C","+4 °C","-6 °C","Evionica"
"Meteorology – Q10 050.10(2)","Q10 050.10(2) Q0019","What is the average wind speed and direction between 5500N 0730W and 5500N and 0230W at FL035?","120°/15 kt","150°/15 kt","120°C/10 kt","30°/5 kt","120°/15 kt","Evionica"
"Meteorology – Q10 050.10(2)","Q10 050.10(2) Q0020","What is the stability between FL020 and FL050 t 5500N 0730W?","Absolute stability","Conditional stability","Absolute instability","Conditional instability","Absolute stability","Evionica"
"Meteorology – Q10 050.10(2)","Q10 050.10(2) Q0021","What is the name of lines connecting points of the same height over MSL?","Isohypses","Isotachs","Isobars","Isotherms","Isohypses","Evionica"
"Meteorology – Q10 050.10(2)","Q10 050.10(2) Q0022","What is an isotach?","The contour line connecting points of equal wind speed","The contour line connecting points of equal annual rainfall","The contour line connecting points of equal pressure","The contour line connecting points of the same height over MSL","The contour line connecting points of equal wind speed","Evionica"
"Meteorology – Q10 050.10(3)","Q10 050.10(3) Q0001","What is a METAR?","A routine report giving details on current weather at a specific aerodrome","A forecast report giving details on future weather conditions at a specific aerodrome","A routine weather report giving details on current weather conditions for a large area","A forecast report giving details on future weather conditions for a large area","A routine report giving details on current weather at a specific aerodrome","Evionica"
"Meteorology – Q10 050.10(3)","Q10 050.10(3) Q0002","METARs are issued every _____.","30 minutes","60 minutes","6 hours","2 hours","30 minutes","Evionica"
"Meteorology – Q10 050.10(3)","Q10 050.10(3) Q0003","A METAR wind group is ‘15007KT’. What does it mean?","That the wind blows from the direction of 150°T with the speed of 7 kt","That the wind blows towards the direction of 150°T with the speed of 7 kt","That the wind blows from the direction of 150°M with the speed of 7 kt","That the wind blows towards the direction of 150°M with the speed of 7 kt","That the wind blows from the direction of 150°T with the speed of 7 kt","Evionica"
"Meteorology – Q10 050.10(3)","Q10 050.10(3) Q0004","Which statement regarding the following TAF is true? Select the most complete answer. TAF EPWA 1215/1224 26015KT 3000 BKN005 BECMG 1218/1221 2000 BKN004 PROB30 BECMG 1221/1224 0500 FG VV001","Visibility will reduce between 1500 UTC and 2100 UTC","All answers are correct","A greater part of the sky will be covered with clouds at 1500 UTC than at 2100 UTC","The wind direction will change between 1500 UTC and 2100 UTC","Visibility will reduce between 1500 UTC and 2100 UTC","Evionica"
"Meteorology – Q10 050.10(3)","Q10 050.10(3) Q0005","A METAR wind group is ‘09009G25KT’. What does it mean?","That gusts with the maximum speed of 25 kt may be experienced","That the wind speed varies between 9 kt and 25 kt","That gusts with the average speed of 25 kt may be experienced","That the wind blows from the direction of 250°T","That gusts with the maximum speed of 25 kt may be experienced","Evionica"
"Meteorology – Q10 050.10(3)","Q10 050.10(3) Q0006","What is true about the METAR wind group? Select the most complete answer.","The information regarding the variability of the wind is included in the METAR wind group
only when the wind direction changed by at least 60° during the last 10 minutes","Wind direction variability is always reported, even when the change is less than 30°","Wind variability is reported only when the mean wind speed is below 3 kt","The METAR wind group never includes information about wind-direction changes","The information regarding the variability of the wind is included in the METAR wind group
only when the wind direction changed by at least 60° during the last 10 minutes","Merged"
"Meteorology – Q10 050.10(3)","Q10 050.10(3) Q0007","The METAR wind group is followed by the code ‘8000 2000SE’. What does it mean?","That the prevailing visibility is 8,000 m, and the lowest visibility value is 2,000 m","That the prevailing visibility is 8,000 ft, and the lowest visibility value is 2,000 ft","That the maximum visibility is 8,000 m, and the lowest visibility value is 2,000 m","That the maximum visibility is 8,000 ft, and the lowest visibility value is 2,000 ft","That the prevailing visibility is 8,000 m, and the lowest visibility value is 2,000 m","Evionica"
"Meteorology – Q10 050.10(3)","Q10 050.10(3) Q0008","In a METAR, the visibility is reported as '0000'. Which of the following statements is true?","The prevailing visibility might be 30 m","The prevailing visibility is less than 20 m","The prevailing visibility might be 60 m","No other answer is correct","The prevailing visibility might be 30 m","Evionica"
"Meteorology – Q10 050.10(3)","Q10 050.10(3) Q0009","The prevailing visibility given in a METAR issued by the JFK International Airport is 3 SM. What is the reported value in km?","Around 5 km","Around 1.5 km","Around 8 km","Around 15 km","Around 5 km","Merged"
"Meteorology – Q10 050.10(3)","Q10 050.10(3) Q0010","The METAR code group ‘R15/P1500’ means that the _____ in the touchdown zone of runway 15 is _____.","RVR; greater than 1,500 m","prevailing visibility; 1,500 m","RVR; lower than 1,500 m","prevailing visibility; lower than 1,500 m","RVR; greater than 1,500 m","Evionica"
"Meteorology – Q10 050.10(3)","Q10 050.10(3) Q0011","What does the letter ‘U’ mean when given after the RVR value provided in METAR?","That in the last 10 minutes, the RVR increased by 100 m or more","That the RVR is greater than 1,000 m","That the RVR is lower than 1,000 m","That in the last 10 minutes the RVR decreased by 100 m or more","That in the last 10 minutes, the RVR increased by 100 m or more","Merged"
"Meteorology – Q10 050.10(3)","Q10 050.10(3) Q0012","Which statement regarding the following METAR is true? METAR EPWA 120830Z VRB02KT 0900 R36/P1500D FZFG OVC001 M02/M02 Q1029 BECMG 1500 BR OVC002 =","No other answer is correct","During the last 10 minutes, the RVR increased","There are two layers of clouds above the given aerodrome","Fog is expected to transform into haze within the next two hours","No other answer is correct","Evionica"
"Meteorology – Q10 050.10(3)","Q10 050.10(3) Q0013","The RVR given in a METAR issued by the JFK International Airport is 1,000 ft. What is the reported RVR in m?","Around 300 m","Around 310 m","Around 320 m","Around 330 m","Around 300 m","Evionica"
"Meteorology – Q10 050.10(3)","Q10 050.10(3) Q0014","Which statement regarding the following METAR is true? Select the most complete answer. METAR EPWA 120830Z 28014KT 9999 DRSN OVC012 00/M02 Q1003 REBLSN R25/599591 =","All answers are correct","Runway 25 is covered by a wet snow layer","Low drifting snow is present over the given aerodrome","Since the last METAR was issued, blowing snow ceased or reduced in intensity","All answers are correct","Evionica"
"Meteorology – Q10 050.10(3)","Q10 050.10(3) Q0015","What does the METAR code ‘BKN002’ mean?","That between 5 and 7 oktas are covered by the clouds, the base of which is at 200 ft","That between 5 and 7 oktas are covered by the clouds, the base of which is at 200 m","That between 3 and 4 oktas are covered by the clouds, the base of which is at 200 m","That between 3 and 4 oktas are covered by the clouds, the base of which is at 200 ft","That between 5 and 7 oktas are covered by the clouds, the base of which is at 200 ft","Evionica"
"Meteorology – Q10 050.10(3)","Q10 050.10(3) Q0016","Which two types of clouds are mentioned specifically in MET reports and forecasts intended for aviation?","Cumulonimbus and towering Cumulus","Altocumulus and Stratus","Cumulonimbus and Nimbostratus","Stratus and Cumulonimbus","Cumulonimbus and towering Cumulus","Evionica"
"Meteorology – Q10 050.10(3)","Q10 050.10(3) Q0017","When does the ‘NSC’ code is used in the METAR?","When there are no clouds at or below 5,000 ft or the highest Minimum Sector Altitude (MSA), whichever is greater","When the sky is completely clear at every altitude, with no cloud whatsoever","When cloud cover is 1–2 oktas regardless of cloud base","Only when visibility is less than 5 km due to mist or fog","When there are no clouds at or below 5,000 ft or the highest Minimum Sector Altitude (MSA), whichever is greater","Merged"
"Meteorology – Q10 050.10(3)","Q10 050.10(3) Q0018","What does the METAR code ‘VV001’ mean?","That the cloud coverage cannot be assessed and the vertical visibility is 100 ft","That the cloud base is at 100 ft and the vertical visibility is limited","That the cloud extends from the ground up to the height of 100 ft","No other answer is correct","That the cloud coverage cannot be assessed and the vertical visibility is 100 ft","Evionica"
"Meteorology – Q10 050.10(3)","Q10 050.10(3) Q0019","What does the code ‘CAVOK’ mean? Select the most complete answer.","All answers are correct","That visibility is at least 10 km","That no significant convective clouds and significant weather are present at or in the vicinity of the aerodrome","That the height of the lowest cloud base is not less than 5,000 ft or than the level of the highest MSA, whichever is greater","All answers are correct","Evionica"
"Meteorology – Q10 050.10(3)","Q10 050.10(3) Q0020","The METAR temperature group is given as ‘28/24’. What does it mean?","That the temperature is 28°C and the dew point temperature is 24°C","That the current temperature is 28°C, but it is expected to fall to 24°C","That in the next two hours, the temperature between 24°C and 28°C should be expected","That the dry bulb temperature is 28°C and the wet bulb temperature is 24°C","That the temperature is 28°C and the dew point temperature is 24°C","Evionica"
"Meteorology – Q10 050.10(3)","Q10 050.10(3) Q0021","The METAR temperature group is followed by the code ‘Q1012’. What does it mean?","That the QNH is equal to 1012 hPa","That the QFE is equal to 1012 hPa","That the QNH is equal to 10.12 inHg","That the QFE is equal to 10.12 inHg","That the QNH is equal to 1012 hPa","Evionica"
"Meteorology – Q10 050.10(3)","Q10 050.10(3) Q0022","What is true about the METAR code-group giving the information on recent significant weather?","No other answer is correct","The METAR code-group, giving the information on recent significant weather, is added to the METAR only if the significant weather was noticed in the past 30 minutes or since the last METAR was issued","The METAR code-group, giving the information on recent significant weather, appears in the METAR only when the intensity of the significant weather has increased","The METAR code-group giving the information on recent significant weather always starts with the letters ‘RW’","No other answer is correct","Evionica"
"Meteorology – Q10 050.10(3)","Q10 050.10(3) Q0023","A METAR states that the current visibility is 8 km. The main part of the report is followed by the code ‘BECMG 4000’. What does it imply?","That the visibility will decrease to 4 km within the next two hours","That the visibility will decrease to 4 km within the next hour","That the visibility will be variable between 4 km and 8 km within the next two hours","That the visibility will be variable between 4 km and 8 km within the next hour","That the visibility will decrease to 4 km within the next two hours","Evionica"
"Meteorology – Q10 050.10(3)","Q10 050.10(3) Q0024","The METAR runway state group is as follows: ‘R15/599291’. What does it mean?","That 51% or more of runway 15 is covered by a wet snow layer of 10 cm depth, and the braking action is poor","That between 26% and 50% of runway 15 is covered by a slush layer of 92 mm depth, and the friction coefficient is 0.91","That between 26% and 50% of runway 15 is covered by a slush layer of 9 mm depth, and the braking action is poor","That 51% or more of runway 15 is covered by a wet snow layer of 20 cm depth, and the braking action is poor or medium","That 51% or more of runway 15 is covered by a wet snow layer of 10 cm depth, and the braking action is poor","Evionica"
"Meteorology – Q10 050.10(3)","Q10 050.10(3) Q0025","The METAR runway state group is as follows: ‘R88/7/0393’. What does it mean?","That all runways are covered by an ice layer of 3 mm depth, and the braking action is medium","That runway 88 is covered by a slush layer of 3 mm depth, and the braking action is poor","That runway 08 is non-operational due to an ice layer covering it","That all runways are covered by a slush layer of 3 mm depth, and the braking action is poor","That all runways are covered by an ice layer of 3 mm depth, and the braking action is medium","Evionica"
"Meteorology – Q10 050.10(3)","Q10 050.10(3) Q0026","What does the code ‘SNOCLO’ mean?","That the aerodrome is closed because of the contamination of the runways","That a snowstorm is expected to be experienced in the vicinity of the aerodrome","That the aerodrome is closed because of a snowstorm","That the aerodrome will be closed within the next two hours because of a snowstorm","That the aerodrome is closed because of the contamination of the runways","Evionica"
"Meteorology – Q10 050.10(3)","Q10 050.10(3) Q0027","What is a SPECI?","A special weather report","A routine aviation forecast","A routine weather report","A special aviation forecast","A special weather report","Evionica"
"Meteorology – Q10 050.10(3)","Q10 050.10(3) Q0028","Which statement regarding the following TAF is true? TAF EPWA 1207/1216 00000KT 0100 FG VV001 BECMG 1208/1210 0800 VV 002 BECMG 1210/1212 23005KT 2500 BKN005 TEMPO 1213/1216 6000 SCT007 =","At 1200 UTC, prevailing visibility will be 2.5 km, the cloud base will be at 500 ft above the aerodrome level, and the wind speed will be 5 kt","At 1200 UTC, prevailing visibility will be 2.3 km, the cloud base will be at 500 ft, and the wind speed will be 5 kt","At 1200 UTC, prevailing visibility will be 800 m, and vertical visibility will be 200 ft","At 1200 UTC, prevailing visibility will be 1 km, and no wind will blow","At 1200 UTC, prevailing visibility will be 2.5 km, the cloud base will be at 500 ft above the aerodrome level, and the wind speed will be 5 kt","Evionica"
"Meteorology – Q10 050.10(3)","Q10 050.10(3) Q0029","Which of the following weather reports can be replaced with the code ‘CAVOK’? Minimum Sector Altitudes (MSA) above the ground for the given aerodromes are as follows: LSZB – 10,000 ft, LSZH – 8,000 ft, LSGG – 12,000 ft, LFSB – 6,000 ft.","LSZB 28012KT 9999 OVC100 16/11 Q1011 BECMG 5000","LSZH 121000Z VRB03KT 9000 BKN080 21/15 Q1021 NOSIG","LSGG 121000Z 22006KT 9999 BKN090 18/14 Q1007 RERA NOSIG","METAR LFSB 121000Z 24008KT 9999 SCT050 18/11 Q1013 RERA NOSIG","LSZB 28012KT 9999 OVC100 16/11 Q1011 BECMG 5000","Evionica"
"Meteorology – Q10 050.10(3)","Q10 050.10(3) Q0030","You fly from Prague to Warsaw. The ETA is 1800 UTC. What is the minimum visibility you should expect at the arrival? The TAF for Warsaw airport is as follows: TAF EPWA 1215/1224 26015KT 9999 SHRA BKN 020 TEMPO 1216/1220 26020G35KT 8000 +SHRA BKN015CB PROB30 1216/1220 TSRA =","8 km","10 NM or more","8 NM","10 km or more","8 km","Merged"
"Meteorology – Q10 050.10(3)","Q10 050.10(3) Q0031","What is the validity period of a TAF?","As stated in TAF","2 hours","9 hours","Between 6 hours and 9 hours","As stated in TAF","Evionica"
"Meteorology – Q10 050.10(4)","Q10 050.10(4) Q0001","Which institution is responsible for issuing SIGMETs?","Competent Meteorological Watch Office (MWO)","Competent meteorological aeronautical station","World Meteorological Organisation (WMO)","Competent World Area Forecast Centre (WAFC)","Competent Meteorological Watch Office (MWO)","Evionica"
"Meteorology – Q10 050.10(4)","Q10 050.10(4) Q0002","Which of the following is a warning message informing about the en-route significant weather hazards?","SIGMET","METAR","SPECI","TAF","SIGMET","Evionica"
"Meteorology – Q10 050.10(4)","Q10 050.10(4) Q0003","What is true about SIGMETs? Select the most complete answer.","SIGMETs cover the area of a single FIR","All answers are correct","They are always issued in regular time intervals","SIGMETs are typically valid for 24 hours","SIGMETs cover the area of a single FIR","Evionica"
"Meteorology – Q10 050.10(4)","Q10 050.10(4) Q0004","SIGMETs are issued based on _____.","reports made by aircraft in flight","advanced numerical forecasts","satellite images","weather radar observations","reports made by aircraft in flight","Evionica"
"Meteorology – Q10 050.10(4)","Q10 050.10(4) Q0005","A SIGMET may be issued for _____.","severe mountain waves","a shower of rain","a hail of any intensity","fog","severe mountain waves","Evionica"
"Meteorology – Q10 050.10(4)","Q10 050.10(4) Q0006","What does the code ‘STNR’ imply when used in a SIGMET?","Stationary","Strengthening","Southern","Scattered thunderstorms nearby","Stationary","Merged"
"Meteorology – Q10 050.10(4)","Q10 050.10(4) Q0007","Which statement regarding the following SIGMET is true? EPWW SIGMET 3 VALID 140915/141115 EPWA- EPWW WARSAW FIR MOD TURB FCST BLW FL420 E OF E01415 MOV W 30KT NC=","East of 14°15’E, below FL420, the area of moderate turbulence moving westwards will be present","East of 14°15’E, at FL420, the area of moderate turbulence moving with a speed of 30 kt will be present","East of 14°15’E, below FL420, the area of turbulence moving from the west with a speed of 30 kt will be present","East of 14°15’E, at FL420, the area of moderate turbulence moving westwards will be present.","East of 14°15’E, below FL420, the area of moderate turbulence moving westwards will be present","Evionica"
"Meteorology – Q10 050.10(4)","Q10 050.10(4) Q0008","Which statement regarding the following SIGMET is true? EPWW SIGMET 5 VALID 141315/141315 EPWA- EPWW WARSAW FIR SEV ICE (FZRA) FCST W OF LINE N5325 E01415 – N5145 E01605 – N51011 E01500 SFC/FL030 MOV NE NC=","Freezing rain is forecast to occur west of the line designated by points with coordinates 53°25’N 14°15’E, 51°45’N 16°05’E, and 51°05’N 15°E","Severe icing might be currently experienced west of the line designated by points with coordinates 53°25’N 14°15’E, 51°45’N 16°05’E, and 51°05’N 15°E","The forecast phenomena should be expected above FL030","A significant change in the intensity of the forecast phenomena should be expected","Freezing rain is forecast to occur west of the line designated by points with coordinates 53°25’N 14°15’E, 51°45’N 16°05’E, and 51°05’N 15°E","Evionica"
"Meteorology – Q10 050.10(4)","Q10 050.10(4) Q0009","What is true about AIRMETs?","No other answer is correct","Abbreviations used in AIRMETs are the same as those used in METARs","AIRMETs are forecasts applicable for aircraft operating to FL050","AIRMETs are not applicable for aircraft operating in mountainous regions","No other answer is correct","Evionica"
"Meteorology – Q10 050.10(4)","Q10 050.10(4) Q0010","What is true about GAMETs?","Every GAMET consists of two sections","GAMETs are area forecasts for flights operating up to FL150","Every GAMET consists of three sections","Abbreviations used in GAMETs are the same as those used in METARs","Every GAMET consists of two sections","Evionica"
"Meteorology – Q10 050.10(4)","Q10 050.10(4) Q0011","The first section (SECN I) of a GAMET gives details on _____ and the second one (SECN II) gives details on _____.","significant weather phenomena; forecast weather","forecast weather; significant weather phenomena","current weather; forecast weather","forecast weather; current weather","significant weather phenomena; forecast weather","Evionica"
"Meteorology – Q10 050.10(4)","Q10 050.10(4) Q0012","What does the following code imply when present in the first section of a GAMET? SFC VIS: LCA 1000M SHSN BR","That due to showering snow and mist, surface visibility is locally 1,000 m.","That due to showering snow and hail, surface visibility is locally 1,000 m","That due to showering snow and mist, surface visibility is forecast to be 1,000 m","That due to showering snow and hail, surface visibility is forecast to be 1,000 m","That due to showering snow and mist, surface visibility is locally 1,000 m.","Evionica"
"Meteorology – Q10 050.10(4)","Q10 050.10(4) Q0013","How many Volcanic Ash Advisory Centres (VAACs) are there in the world?","9","8","7","6","9","Evionica"
"Meteorology – Q10 050.10(4)","Q10 050.10(4) Q0014","Which statement regarding the following portion of a volcanic ash advisory information is true? OBS VA DTG: 20/1415Z OBS VA CLD: SFC/FL150 N1431 W09053 - N1429 W09050 - N1421 W09115 - N1427 W09121 - N1431 W09053 MOVING SW 20 KNOTS","The volcanic ash cloud was observed between the earth’s surface and FL150","The volcanic ash cloud was observed only above FL150","The volcanic ash cloud was observed only between FL100 and FL150","The ash cloud was forecast, not observed, at that date-time group","The volcanic ash cloud was observed between the earth’s surface and FL150","Merged"
"Meteorology – Q10 050.10(4)","Q10 050.10(4) Q0015","Which level of alert corresponds to the situation in which a volcanic eruption is underway with no or minor ash emission?","ORANGE","GREEN","YELLOW","RED","ORANGE","Evionica"
"Meteorology – Q10 050.10(4)","Q10 050.10(4) Q0016","What is the aviation colour scale used for?","To describe volcanoes activity","To describe the risk of icing","To describe tropical cyclones activity","To describe the intensity of turbulence","To describe volcanoes activity","Evionica"
"Meteorology – Q10 050.10(4)","Q10 050.10(4) Q0017","How many levels does the aviation colour scale have?","4","3","5","6","4","Merged"
"Meteorology – Q10 050.10(4)","Q10 050.10(4) Q0018","Volcanic ash advisory information issued by VAACs may be reissued by MWOs as SIGMET. Such SIGMETs are marked with code _____.","WV","VOL","VC","VA","WV","Evionica"
"Meteorology – Q10 050.10(4)","Q10 050.10(4) Q0019","How many Regional Specialized Meteorological Centres (RSMCs) are there in the world?","6","7","8","9","6","Evionica"
"Meteorology – Q10 050.10(4)","Q10 050.10(4) Q0020","Which statement regarding the following portion of a tropical cyclone advisory information is true? Select the most complete answer. ESTIMATED MINIMUM CENTRAL PRESSURE 976 MB MAX SUSTAINED WINDS 80 KT WITH GUSTS TO 100 KT. 64 KT....... 30NE 25SE 20SW 30NW. 50 KT....... 60NE 50SE 50SW 70NW. 34 KT.......220NE 100SE 80SW 170NW.","Winds of 50 kt are possible anywhere up to 50 NM from the hurricane centre in all quadrants","Winds of 64 kt are possible anywhere up to 25 NM from the hurricane centre in all quadrants","Winds of 34 kt are possible anywhere up to 90 NM from the hurricane centre in the SW quadrant","Winds of 50 kt are possible anywhere up to 70 NM from the hurricane centre in the NE quadrant","Winds of 50 kt are possible anywhere up to 50 NM from the hurricane centre in all quadrants","Evionica"
"Meteorology – Q10 050.10(4)","Q10 050.10(4) Q0021","How does a tropical cyclone advisory information typically end?","NNNN","END OF INFORMATION","END OF MESSAGE","NIL","NNNN","Evionica"
"Meteorology – Q10 050.10(4)","Q10 050.10(4) Q0022","Tropical cyclone advisory information issued by RSMCs or TCWCs may be reissued by MWOs as SIGMET. Such SIGMETs are marked with code _____.","WC","TROP","TC","CL","WC","Evionica"
"Meteorology – Q10 050.10(4)","Q10 050.10(4) Q0023","What is a VOLMET?","A voice broadcast giving information, coming from the latest METARs, SPECIs, TAFs, and SIGMETS","A voice broadcast containing weather information for one airport","A warning message issued by a competent Meteorological Watch Office (MWO) regarding the en-route significant weather hazards","A part of an ATIS","A voice broadcast giving information, coming from the latest METARs, SPECIs, TAFs, and SIGMETS","Evionica"
"Meteorology – Q10 050.10(4)","Q10 050.10(4) Q0024","Which frequency bands are utilized by VOLMETs?","VHF and HF","LF and HF","VLF and VHF","UHF and VHF","VHF and HF","Evionica"
"Meteorology – Q10 050.10(4)","Q10 050.10(4) Q0025","Which area is covered by the Shannon VOLMET?","North Atlantic","Southern England","Western Europe","North Sea","North Atlantic","Evionica"
"Meteorology – Q10 050.10(4)","Q10 050.10(4) Q0026","Which statement regarding the coverage of VOLMETs is true?","VOLMET broadcasts transmitted in the bands of higher frequencies typically cover smaller regions, whereas broadcasts transmitted in the bands of lower frequencies cover areas of greater extent","VOLMET broadcasts transmitted in the bands of lower frequencies typically cover smaller regions, whereas broadcasts transmitted in the bands of higher frequencies cover areas of greater extent","VOLMET broadcasts transmitted in the bands of higher frequencies typically cover oceanic areas, whereas broadcasts transmitted in the bands of lower frequencies cover land areas","VOLMET broadcasts transmitted in the bands of higher frequencies typically cover land areas, whereas broadcasts transmitted in the bands of lower frequencies cover oceanic areas","VOLMET broadcasts transmitted in the bands of higher frequencies typically cover smaller regions, whereas broadcasts transmitted in the bands of lower frequencies cover areas of greater extent","Evionica"
"Meteorology – Q10 050.10(4)","Q10 050.10(4) Q0027","ATIS is an abbreviation for _____.","Automatic Terminal Information Service","Aeronautical Terminal Information Service","Aerodrome Terminal Information Service","Aviation Terminal Information Service","Automatic Terminal Information Service","Evionica"
"Meteorology – Q10 050.10(4)","Q10 050.10(4) Q0028","What does the ATIS information contain?","Meteorological and operational information","Only meteorological information","Only operational information","Operational operation and meteorological information when needed","Meteorological and operational information","Evionica"
"Meteorology – Q10 050.10(4)","Q10 050.10(4) Q0029","Where can the en-route forecasts regarding weather conditions be found?","On weather charts","In METARs","In SPECIs","In TAFs","On weather charts","Evionica"
"Meteorology – Q10 050.10(4)","Q10 050.10(4) Q0030","Which of the following reports should be reviewed during the pre-flight briefing? Select the most complete answer.","All answers are correct","Current METAR / SPECI for departure, destination and alternate aerodromes","Relevant TAF forecasts covering the planned flight period","Applicable SIGMET, AIRMET and any relevant volcanic ash or tropical cyclone advisories","All answers are correct","Merged"
"Meteorology – Q10 050.10(4)","Q10 050.10(4) Q0031","What is true about aerodrome warnings? Select the most complete answer.","Aerodrome warnings are issued for snow, freezing precipitation, and frost, including hoar frost, glaze, or rime ice","All answers are correct","Aerodrome warnings are issued for fog in which visibility is expected to be less than 800 m","Aerodrome warnings are issued for strong winds of mean speed exceeding 15 kt with gusts stronger than 27 kt","Aerodrome warnings are issued for snow, freezing precipitation, and frost, including hoar frost, glaze, or rime ice","Evionica"
